Date,AFG,AGO,ALB,AND,ARE,ARG,ARM,ATG,AUS,AUT,AZE,BDI,BEL,BEN,BFA,BGD,BGR,BHR,BHS,BIH,BLR,BLZ,BOL,BRA,BRB,BRN,BTN,BWA,CAF,CAN,CHE,CHL,CHN,CIV,CMR,COD,COG,COK,COL,COM,CPV,CRI,CUB,CYP,CZE,DEU,DJI,DMA,DNK,DOM,DZA,ECU,EGY,ERI,ESP,EST,ETH,FIN,FJI,FRA,FSM,GAB,GBR,GEO,GHA,GIN,GMB,GNB,GNQ,GRC,GRD,GTM,GUY,HND,HRV,HTI,HUN,IDN,IND,IRL,IRN,IRQ,ISL,ISR,ITA,JAM,JOR,JPN,KAZ,KEN,KGZ,KHM,KIR,KNA,KOR,KWT,LAO,LBN,LBR,LBY,LCA,LKA,LSO,LTU,LUX,LVA,MAR,MCO,MDA,MDG,MDV,MEX,MHL,MKD,MLI,MLT,MMR,MNE,MNG,MOZ,MRT,MUS,MWI,MYS,NAM,NER,NGA,NIC,NIU,NLD,NOR,NPL,NRU,NZL,OMN,OWID_WRL,PAK,PAN,PER,PHL,PLW,PNG,POL,PRK,PRT,PRY,QAT,ROU,RUS,RWA,SAU,SDN,SEN,SGP,SLB,SLE,SLV,SMR,SOM,SRB,SSD,STP,SUR,SVK,SVN,SWE,SWZ,SYC,SYR,TCD,TGO,THA,TJK,TKM,TLS,TON,TTO,TUN,TUR,TUV,TZA,UGA,UKR,URY,USA,UZB,VCT,VEN,VNM,VUT,WSM,YEM,ZAF,ZMB,ZWE
2000,1366.01,1970.86,95.07,0.01,46.27,890.64,64.49,4.14,237.84,87.43,350.48,664.26,64.8,507.09,851.38,21391.59,225.97,18.25,29.76,14.19,1738.27,17.9,508.05,6952.79,12.67,11.45,27.09,70.98,360.57,292.25,56.09,506.89,92568.25,784.92,951.99,4031.9,168.47,0.87,935.57,35.79,42.19,122.81,281.68,19.49,215.86,525.36,30.82,3.04,35.98,166.99,758.5,577.15,1693.46,192.28,591.33,81.86,5333.23,147.73,69.58,1116.7,14.93,82.02,233.28,65.24,651.21,347.12,132.57,100.58,70.7,350.31,14.27,409.16,28.08,145.23,105.29,1137.67,235.88,10282.07,75234.86,71.75,1818.85,848.12,1.78,44.54,457.0,13.04,112.23,6048.42,1498.38,1079.81,449.22,1468.5,5.94,1.48,1698.54,20.3,803.02,31.68,164.17,108.47,10.69,1330.2,83.17,393.39,0.91,245.01,675.25,0.88,328.82,878.49,25.93,2951.29,8.41,31.14,902.21,11.03,5713.84,13.36,164.19,1005.62,102.22,39.02,517.95,656.24,61.42,1259.98,4870.16,181.88,0.2,98.17,67.23,1654.75,2.05,61.13,123.9,370889.7,15710.16,138.55,770.06,4133.43,2.05,459.86,1053.78,2125.28,42.63,122.97,33.46,1277.2,19175.9,1419.61,677.12,1643.9,956.09,14.1,51.56,197.79,249.37,0.08,946.6,151.88,510.23,3.12,24.86,165.04,25.85,123.96,51.47,9.39,247.55,630.69,273.93,3942.63,576.34,326.87,94.65,6.18,68.29,162.52,1308.69,0.87,1410.38,1367.8,7952.39,117.53,3566.32,2867.81,10.18,579.68,7775.1,20.83,12.71,959.26,1598.58,556.12,413.27
2001,1415.38,1553.62,78.42,0.01,46.91,966.2,58.38,4.27,250.06,80.14,285.29,685.32,79.63,534.42,915.71,21421.55,208.93,17.43,30.25,14.74,1835.33,14.27,498.49,6477.55,12.34,8.39,37.53,72.71,355.79,292.17,80.72,530.35,88893.62,814.58,1370.44,4248.1,187.65,0.65,889.34,35.72,43.32,131.21,292.22,20.47,216.92,474.66,35.24,3.18,53.13,159.23,671.25,602.44,1740.07,188.73,581.78,137.08,5529.68,145.26,67.06,1127.78,15.0,59.63,270.18,56.84,668.82,298.01,155.45,120.42,63.32,325.6,17.28,417.54,29.09,154.25,107.3,1114.72,187.01,9484.93,69350.76,75.01,1696.74,831.49,2.94,53.1,395.52,12.79,108.01,5855.29,1492.88,1021.22,395.34,1479.45,5.89,1.66,1355.72,19.02,817.77,30.13,149.05,124.66,10.95,1207.49,69.79,489.49,1.49,336.12,574.26,0.87,391.89,1046.35,24.57,2674.63,8.27,26.41,1034.72,8.97,4987.86,12.57,157.3,1018.69,78.32,54.13,586.49,640.73,60.1,1318.49,5440.61,188.45,0.19,80.83,77.65,1799.72,2.18,45.5,120.08,357833.53,13796.16,100.4,673.8,4085.14,2.17,463.17,1226.97,2565.03,99.87,110.3,34.87,1242.06,19481.19,1143.25,722.96,1481.1,674.84,20.52,51.5,217.7,221.19,0.07,986.71,115.02,442.01,3.07,26.05,165.79,30.93,134.24,56.66,9.63,236.31,501.96,295.94,3770.55,538.27,331.16,93.61,6.14,74.03,161.58,1242.21,1.11,1581.57,1395.41,7974.27,119.52,3386.6,2772.63,11.27,584.74,7818.32,21.4,12.7,1006.53,1604.46,536.26,451.53
2002,1389.6,1264.4,75.16,0.01,45.98,894.87,55.44,5.01,229.14,91.31,285.96,719.27,100.6,680.71,926.48,24601.14,200.41,14.96,30.63,15.71,1472.92,17.32,486.98,7049.5,11.68,8.75,35.84,71.53,271.71,324.08,66.16,533.35,88363.97,799.48,1285.08,4528.77,173.11,0.62,840.14,35.37,43.33,150.59,329.64,21.14,240.84,491.04,43.85,3.24,43.82,152.17,666.11,626.57,1804.31,205.76,490.05,95.48,5183.57,165.86,65.96,1020.7,16.7,72.06,243.57,66.8,748.87,581.76,143.27,107.86,66.4,352.13,11.72,389.24,32.11,157.18,87.91,1108.9,214.11,9563.55,72811.95,71.13,1604.59,825.31,1.62,43.79,448.12,12.49,108.25,5804.19,1531.71,1176.37,407.87,1176.24,6.15,1.92,977.26,21.27,783.05,28.07,149.49,111.78,10.84,1119.78,76.87,436.92,2.5,284.34,579.9,0.89,351.54,1062.4,23.35,2743.43,8.56,30.51,1058.37,5.21,5470.91,12.32,146.08,1008.61,109.12,47.04,622.37,644.29,70.32,1347.21,5402.82,210.25,0.18,105.67,90.11,1420.51,2.16,76.79,107.62,364023.97,14172.29,115.64,553.99,4207.32,2.16,499.76,1289.09,2708.26,183.83,162.49,35.73,1195.96,18779.91,1200.88,765.5,1396.86,516.66,12.18,55.02,244.46,221.95,0.08,1119.5,114.79,435.66,3.21,25.49,198.15,37.11,144.19,59.13,9.17,223.22,565.39,337.79,4204.11,498.89,342.43,87.96,6.1,74.63,157.08,1209.2,1.1,1918.4,1378.23,7668.02,113.67,3567.05,2647.58,10.15,564.5,7640.09,21.78,12.59,947.19,1700.41,579.88,476.39
2003,2187.13,2257.46,73.17,0.01,44.91,795.86,53.7,4.04,202.77,94.37,275.12,586.55,100.98,707.44,1014.58,23975.31,204.66,15.3,30.75,15.63,1215.25,19.05,477.31,6355.08,13.49,11.08,39.17,67.07,270.65,292.45,61.71,546.14,87247.16,811.3,1326.48,4667.38,196.16,0.57,874.13,34.99,43.18,141.31,251.04,21.62,210.12,539.05,49.3,3.3,55.29,143.92,574.05,671.88,1822.83,205.12,563.97,112.47,5060.4,147.54,61.73,1160.85,14.84,73.4,258.42,50.82,985.5,673.86,146.28,71.11,71.27,414.24,15.66,397.12,29.21,157.27,89.97,1103.69,209.17,9385.61,69880.2,58.97,1230.19,721.63,1.73,35.07,393.36,11.14,103.28,5838.57,1452.06,1092.42,363.29,1306.47,5.71,1.65,970.77,20.73,601.15,26.94,140.31,113.89,11.05,1085.48,87.53,388.92,2.74,224.82,603.57,0.86,311.11,929.59,22.46,2682.22,8.95,23.09,1199.78,2.08,5429.35,11.53,144.23,924.16,112.32,45.17,645.14,682.54,74.65,1404.3,6378.16,208.09,0.18,87.51,72.92,1821.41,1.74,58.35,107.2,355860.9,13367.1,125.72,639.27,4118.92,1.86,514.57,1211.74,1169.51,177.91,143.94,32.3,1092.89,17607.78,1098.64,792.78,1304.59,973.36,13.13,59.23,428.78,228.94,0.07,1159.53,108.61,463.78,2.94,25.53,137.03,35.59,129.23,60.33,9.67,204.51,401.62,354.15,4221.23,466.43,321.91,93.59,6.23,62.46,150.55,1050.88,1.02,1684.33,1780.21,6661.97,105.21,3422.84,2437.87,9.87,573.78,7637.17,21.92,12.46,798.21,1705.71,528.42,595.58
2004,2315.33,2348.61,68.83,0.01,46.86,623.69,48.68,4.8,194.29,76.12,254.13,641.45,73.56,715.77,1084.64,21010.7,195.49,15.53,32.44,15.87,1192.18,19.49,464.06,6954.43,12.44,9.78,37.85,62.76,384.36,269.78,47.22,483.76,86685.34,862.91,1351.84,4736.96,219.62,0.5,949.91,36.7,43.75,126.91,268.62,25.02,173.98,419.64,43.94,3.04,44.26,131.69,561.02,578.16,1873.33,215.55,576.86,93.46,5035.33,148.01,62.61,971.03,15.42,54.26,227.1,80.99,1046.7,684.51,143.48,98.66,62.14,394.75,12.52,395.96,54.79,144.31,71.61,864.29,180.94,6480.37,67397.1,57.93,1375.48,702.86,1.39,42.75,375.85,8.59,103.97,5691.1,1386.66,1096.68,350.77,1385.99,5.58,1.37,1015.18,20.21,588.58,26.13,158.41,102.88,10.63,1061.82,89.72,326.76,2.46,203.08,553.02,0.85,334.09,1126.95,18.34,2433.6,9.06,26.1,1292.16,2.38,5217.04,11.28,143.2,880.44,102.48,42.38,671.56,687.33,69.53,1429.49,6562.15,196.99,0.15,92.68,84.47,1664.78,2.1,59.11,102.2,345888.97,14576.09,117.14,555.01,4381.41,2.36,508.44,1110.34,1051.96,134.22,119.78,30.0,1052.13,16723.88,901.47,805.47,1443.51,969.51,15.68,57.49,446.33,251.11,0.08,1149.81,103.58,488.02,2.91,25.02,163.35,19.59,107.15,61.14,9.68,199.02,496.71,350.12,3902.72,452.24,321.66,87.78,6.14,66.39,148.62,933.66,1.04,1709.79,1665.67,6264.35,73.44,3434.73,2274.13,10.16,562.81,7480.56,22.44,11.69,714.55,1733.52,613.03,604.79
2005,1843.48,2182.43,90.35,0.01,49.36,609.03,50.24,1.46,198.59,88.76,287.1,667.82,77.98,704.24,1165.93,20235.76,185.95,16.37,31.51,16.79,1251.76,16.45,449.89,6629.52,13.46,9.49,36.7,59.79,361.93,284.34,37.53,452.9,83271.95,1043.33,1398.06,5133.27,241.99,0.55,881.68,35.13,47.8,147.62,271.89,16.08,208.11,417.82,51.97,3.52,47.28,167.2,534.55,501.92,1910.88,216.74,495.46,63.39,5124.05,145.8,67.52,920.73,16.12,100.82,243.42,36.35,1036.92,679.43,143.41,117.76,73.56,336.75,12.6,418.07,56.13,153.15,80.01,1079.45,190.64,8374.39,75793.84,68.4,1257.27,733.04,0.91,50.4,383.48,22.28,99.58,6359.16,1373.19,1309.61,338.94,1375.15,6.39,1.21,930.41,18.62,736.31,25.67,184.36,97.58,10.53,1057.61,92.25,424.2,1.91,264.51,597.5,0.84,445.79,1274.02,19.01,2332.49,9.41,19.87,1391.63,1.96,5205.61,10.87,138.32,795.74,118.77,41.34,674.47,687.36,68.23,1611.95,6321.78,216.85,0.17,89.2,82.28,1485.0,2.0,57.01,99.37,346126.06,8844.91,114.0,574.93,5095.91,2.15,553.56,1132.22,1054.93,126.18,132.21,30.71,1152.27,15991.15,908.67,819.5,1440.44,1025.03,21.37,60.16,452.59,281.6,0.07,1220.07,122.61,553.09,3.02,25.05,146.28,17.2,112.35,62.77,9.59,196.82,847.43,343.74,3555.61,426.17,322.02,88.4,5.96,60.16,142.94,844.74,1.03,1669.2,1691.2,4770.8,77.03,3635.61,2149.19,9.13,566.99,7457.48,23.36,11.25,844.94,1672.33,585.65,602.45
2006,1958.41,2242.28,85.55,0.01,50.26,617.09,47.19,2.03,215.67,72.45,278.44,773.63,83.25,681.0,1265.65,23172.52,196.57,13.75,35.37,16.52,1185.91,17.97,429.34,6363.81,12.45,9.45,36.41,57.41,442.94,307.98,43.7,432.86,78505.17,1038.4,1480.25,4977.42,237.66,0.62,890.9,34.77,45.67,129.61,254.79,26.64,222.45,440.86,46.43,3.21,50.89,170.61,519.74,635.68,1926.99,205.69,520.56,76.96,4886.97,138.0,65.13,995.41,15.68,98.05,235.85,33.38,948.8,710.78,136.45,121.25,76.59,264.53,8.77,390.51,78.94,145.28,78.82,1069.45,218.12,7618.18,66958.36,61.12,1224.33,618.33,2.38,41.2,377.2,10.15,93.78,6162.37,1213.21,1362.4,310.93,1340.07,5.91,1.51,825.67,18.27,699.26,23.15,170.25,81.86,11.41,1042.84,93.79,370.5,0.73,244.68,557.34,0.84,370.59,1269.63,19.64,2429.47,9.61,24.8,1437.47,2.99,4866.6,10.79,135.64,1019.61,118.18,35.62,716.3,693.84,64.74,1484.64,7424.89,149.29,0.16,87.3,67.99,1634.08,2.11,56.54,102.24,339229.9,16875.18,122.97,555.8,4438.15,2.13,555.44,1175.3,1142.28,105.36,134.29,37.49,1105.46,13766.69,818.25,830.6,1637.98,1054.63,12.98,62.41,455.19,285.05,0.08,1278.43,116.88,565.92,3.36,25.71,166.77,26.67,116.43,63.57,9.81,193.48,848.23,363.53,3711.88,410.68,290.4,92.14,6.0,57.4,138.86,787.1,1.06,1652.44,1953.9,4042.18,86.9,3681.5,1690.7,9.04,534.57,7354.21,24.9,11.61,761.01,1663.56,610.07,621.92
2007,2383.9,2508.2,84.46,0.01,54.1,632.16,61.02,3.55,202.73,75.15,259.92,756.01,79.47,719.68,1316.98,21089.08,204.96,15.79,35.0,18.03,1051.01,16.7,416.06,6435.56,12.79,10.57,34.63,59.58,450.2,275.77,49.9,391.88,75267.3,965.46,1705.45,5477.55,244.24,0.47,824.04,33.89,44.89,111.3,277.07,43.81,190.27,372.42,54.75,3.11,58.19,159.15,489.46,540.55,1967.62,210.47,483.16,90.66,4988.9,143.69,67.26,963.38,15.38,99.99,254.07,53.59,985.73,733.78,134.14,113.62,75.15,396.45,7.98,315.15,71.85,154.61,101.91,1077.66,190.15,8889.36,71172.85,57.2,1319.33,542.34,2.75,51.98,385.32,45.25,91.02,6145.31,1216.98,1169.52,290.68,1309.08,6.96,1.83,773.92,17.47,528.06,25.64,183.15,92.65,10.01,1000.91,103.05,418.87,1.08,231.53,504.28,0.8,353.37,1319.49,19.57,2521.66,9.51,25.21,1379.47,4.09,4596.48,9.79,136.1,1133.98,118.12,42.33,734.99,706.66,59.81,1556.75,7714.36,186.6,0.16,77.14,51.17,1629.63,2.14,61.13,103.64,339682.66,16448.73,114.89,494.66,4517.51,2.0,486.89,1095.43,1295.25,83.59,125.06,51.94,977.57,13300.94,842.06,836.96,1629.81,1054.88,23.74,63.66,475.67,258.81,0.08,1305.61,133.44,589.83,3.34,26.49,171.49,29.24,119.93,65.23,9.45,195.98,1006.33,369.87,3777.71,404.08,255.82,98.92,6.09,59.55,133.77,730.27,1.08,1575.17,1786.28,4196.03,102.22,3561.18,1513.82,5.37,518.31,7469.07,25.1,11.63,929.02,1652.5,632.93,623.26
2008,1839.04,2418.71,81.62,0.01,62.26,607.25,53.97,3.82,195.09,66.51,265.89,673.05,80.83,741.94,1291.15,21854.78,180.19,16.64,33.65,16.79,965.73,15.23,411.71,6045.01,11.54,13.02,33.59,69.63,470.96,299.61,34.43,440.92,69126.67,1083.85,1832.32,5598.59,257.75,0.5,884.89,35.88,46.98,119.41,232.14,50.88,180.87,413.33,44.67,3.17,36.46,168.41,477.69,597.27,2028.34,219.33,483.91,80.05,4893.84,120.23,64.82,1023.71,15.14,102.05,244.54,57.86,1206.44,812.53,139.58,111.87,70.3,370.66,6.16,357.64,77.25,147.02,92.09,1020.58,162.38,9111.48,69670.97,59.94,1222.86,713.24,3.72,50.4,422.1,36.22,99.32,6644.84,1113.85,1272.69,291.16,1338.38,7.02,1.48,752.62,20.13,695.89,25.94,226.36,103.19,9.84,962.75,85.64,352.02,1.11,190.21,506.08,0.82,323.22,1278.41,19.79,2589.71,9.21,18.05,1679.21,7.56,10586.39,9.34,132.93,1162.68,116.84,56.16,753.31,750.98,62.92,1646.14,9034.58,209.51,0.16,74.04,43.19,1588.53,2.12,60.51,95.95,341944.56,18420.62,119.22,516.34,5138.81,1.97,490.08,1005.95,1370.76,81.27,133.99,58.22,925.07,12308.41,785.01,826.19,1493.5,1059.42,22.7,72.59,495.14,233.31,0.09,1425.63,104.12,520.3,3.11,26.17,179.48,27.72,115.87,67.61,9.69,201.44,881.12,385.87,3816.09,407.11,234.25,102.1,5.7,62.4,128.33,701.84,1.08,1605.48,1578.61,3805.3,84.28,3689.92,1436.9,2.76,540.82,7531.6,25.19,12.14,918.83,1748.84,625.98,673.9
2009,2018.98,2316.31,79.66,0.01,71.67,541.16,54.39,5.15,213.26,67.42,252.59,771.48,77.89,818.61,1160.12,22897.95,169.6,15.89,34.44,16.3,963.37,20.4,408.26,6363.14,11.18,10.55,31.13,77.41,481.9,268.25,38.02,437.91,71526.94,1128.38,1772.53,5725.91,265.17,0.51,738.87,33.95,47.77,82.95,249.33,27.99,205.94,404.08,53.54,3.17,29.61,177.55,462.25,525.74,2129.99,225.86,517.35,68.03,4529.05,129.46,64.06,960.4,14.92,111.48,278.0,74.69,1147.21,753.75,142.25,114.69,82.34,391.26,5.87,354.53,81.36,145.54,92.57,1098.28,180.23,8541.25,67088.05,59.68,1128.17,776.02,2.5,35.76,397.94,26.94,95.17,6621.26,937.45,1323.66,288.9,1293.61,7.52,1.2,631.67,17.43,679.63,25.88,218.65,111.96,9.36,1707.81,86.61,320.28,1.88,142.8,536.76,0.88,254.14,1252.3,19.57,2496.38,9.41,23.19,1564.24,6.04,4193.87,8.8,135.33,1214.79,114.62,49.37,764.09,794.42,61.2,1935.13,10337.21,178.65,0.15,79.98,69.83,1723.63,2.14,56.75,52.53,337246.28,19344.35,123.75,487.37,4933.35,1.98,544.4,1009.48,1389.61,89.33,192.69,63.41,762.12,11402.06,740.65,793.18,1717.39,1051.8,10.75,72.23,504.83,262.73,0.08,1352.01,100.64,505.4,3.04,26.02,170.45,26.98,98.07,69.66,9.54,200.34,1082.58,411.46,3905.36,411.54,193.85,112.32,5.57,53.18,130.94,703.58,0.99,1773.07,1627.3,3182.04,76.58,3663.23,1389.48,6.39,502.73,7552.5,25.73,10.39,893.38,1785.34,649.45,673.44
2010,2075.67,2537.8,74.16,0.01,78.98,663.75,88.98,5.41,235.31,45.19,257.71,789.86,74.46,857.18,1156.74,21086.57,150.15,15.78,35.96,15.39,1131.23,21.7,387.46,5684.77,10.08,11.36,29.47,79.42,490.83,299.95,51.92,367.86,69630.48,1227.6,1868.4,5778.67,275.02,0.6,799.47,38.39,49.13,123.57,229.53,39.78,233.72,414.13,57.85,3.25,29.65,176.65,450.39,550.51,2217.74,230.38,439.03,96.36,4916.65,149.8,64.58,1039.76,14.82,118.1,297.22,60.71,1081.75,800.92,145.38,117.46,82.85,414.68,5.51,341.49,89.88,139.81,115.99,835.79,205.89,8733.27,72522.12,34.41,1062.56,793.24,2.88,56.21,365.22,10.22,91.84,7173.14,984.88,1369.12,296.87,1271.44,7.89,1.5,701.12,18.19,688.19,26.49,216.54,113.64,10.43,829.1,131.14,367.05,1.21,246.89,530.61,0.84,337.97,1285.87,19.06,2430.67,9.04,23.18,1667.38,4.47,4030.31,8.54,139.29,1255.98,117.96,45.2,753.58,804.61,73.98,1719.84,8926.14,173.4,0.14,78.64,50.01,1768.12,2.12,61.85,111.4,335627.8,15099.05,153.68,536.65,4526.68,1.89,615.43,1104.15,1421.69,88.67,160.31,61.5,935.78,12100.98,725.98,728.1,1543.39,1039.54,22.66,74.74,531.86,223.1,0.1,1268.18,105.79,535.56,3.06,29.73,176.21,28.38,68.24,89.48,10.02,211.04,1197.72,423.97,4166.43,417.95,186.05,110.4,6.54,53.81,136.2,711.45,1.01,1873.7,1567.62,3017.8,106.21,3953.41,1361.53,3.47,527.11,7813.98,25.87,11.65,862.36,2066.14,686.95,749.43
2011,2073.6,2490.17,64.4,0.0,81.31,560.06,59.7,3.63,176.33,50.16,244.03,790.67,71.87,899.81,1174.33,19098.03,148.98,15.58,36.35,15.25,923.24,21.99,383.43,5491.61,9.75,9.54,28.84,81.91,560.19,280.53,47.21,377.66,66322.86,1277.72,1906.63,6669.38,243.03,0.53,771.63,35.93,48.68,132.98,223.65,10.05,196.42,387.33,53.36,3.32,30.87,186.7,447.12,484.11,2308.57,228.0,470.53,66.3,4917.48,124.26,64.27,907.86,15.14,124.72,239.04,54.0,1167.22,816.81,147.52,118.58,85.2,391.82,5.72,357.88,105.21,139.19,96.06,1017.31,160.37,8617.91,71623.71,52.61,960.68,796.55,2.63,45.48,404.68,20.22,82.32,7482.58,876.23,1459.59,285.23,1184.04,8.34,1.36,702.44,14.93,663.05,26.22,258.72,156.96,9.59,946.76,136.89,273.37,2.28,159.45,522.32,0.83,206.86,1284.0,18.92,2264.75,9.13,7.35,1706.83,5.74,3819.89,8.7,152.99,1299.4,123.94,42.72,701.54,801.47,71.92,1928.88,9157.63,158.42,0.14,75.69,55.31,1732.05,2.07,66.46,127.23,327893.38,15878.53,141.02,502.95,4970.25,1.79,647.36,985.31,1391.68,72.55,160.23,58.17,678.34,10293.2,723.63,612.8,1807.99,1029.85,20.44,77.96,537.33,240.56,0.1,957.24,94.07,519.16,2.82,27.44,160.39,17.78,81.09,66.12,10.42,295.94,1239.99,437.25,4366.71,429.61,161.51,111.54,6.34,52.99,118.78,656.1,1.02,1938.57,1584.62,2650.73,79.3,3660.15,1327.37,3.73,535.79,7775.37,26.6,12.38,828.92,1984.65,658.31,741.03
2012,1694.26,2569.13,49.8,0.0,83.54,593.02,54.88,2.64,205.63,48.75,237.0,867.93,57.85,1055.63,1453.78,17558.24,146.61,16.49,35.09,14.62,719.35,22.23,363.22,5423.69,9.03,10.03,29.38,87.79,532.31,330.93,52.51,339.94,64173.43,1662.71,2070.88,6145.4,263.71,0.5,710.17,37.69,48.0,114.67,212.17,8.52,158.71,436.83,58.16,3.28,35.43,230.76,424.23,596.83,2503.58,211.71,437.31,51.68,4494.86,88.59,64.22,944.36,15.21,129.44,276.05,63.0,1303.21,814.96,177.58,115.64,87.95,437.73,7.08,335.62,121.47,264.77,101.49,1085.79,137.68,9068.06,73860.5,61.93,870.35,808.6,2.56,46.0,366.37,11.12,81.09,8218.27,854.67,1426.82,270.17,1278.44,8.54,1.51,772.25,17.53,659.46,27.25,285.43,81.29,12.2,929.22,117.28,266.94,0.8,148.09,524.1,0.96,220.39,1256.95,19.2,2134.47,8.4,20.62,1894.9,4.35,3668.12,8.53,145.37,1298.92,135.39,46.21,759.48,779.15,82.6,1935.25,10568.46,167.14,0.14,80.13,46.24,1641.7,2.02,50.34,134.21,334486.7,19550.94,119.32,559.56,5250.68,1.77,573.25,973.79,1364.36,58.73,180.22,56.11,668.94,9438.55,708.39,535.71,1937.38,1009.79,23.01,79.42,597.05,186.66,0.1,1162.47,95.64,610.77,2.86,29.62,135.29,28.74,93.94,77.28,10.45,1734.74,1359.97,433.67,4524.98,428.4,162.48,112.51,6.28,43.72,118.54,697.88,1.02,1845.21,1759.95,2656.04,90.6,3660.15,1376.16,4.0,488.58,7838.02,27.2,12.04,849.73,2213.81,620.86,784.52
2013,2452.78,2572.58,49.94,0.01,82.57,550.13,42.51,2.06,222.82,56.55,223.06,941.72,73.63,1036.41,1563.57,18055.95,125.57,16.37,38.53,14.87,640.12,24.74,350.92,5233.53,9.91,10.59,29.41,92.11,527.77,312.78,56.79,324.87,63083.31,1685.79,2410.7,7473.98,295.84,0.47,687.97,37.43,47.79,99.47,262.31,20.87,183.62,496.73,60.24,3.32,28.18,252.57,424.41,421.76,2492.96,225.06,423.7,41.78,4034.95,134.09,65.14,959.7,14.92,129.81,301.26,61.65,1373.04,903.1,151.04,114.97,85.24,412.95,7.91,337.02,112.87,265.59,100.24,1110.57,129.76,8830.79,72865.67,52.84,897.65,731.79,3.03,56.46,706.8,12.19,78.07,7763.8,796.36,1466.55,232.7,1227.78,9.06,1.45,670.36,18.64,643.43,29.2,247.28,67.52,11.47,863.34,129.06,227.0,1.24,142.95,520.74,1.0,156.43,1353.02,18.05,2094.33,8.06,16.69,1888.16,2.57,3733.02,8.03,137.4,1366.55,139.35,31.14,782.96,756.49,78.13,2401.84,10688.6,163.08,0.14,83.8,51.0,1743.79,2.0,62.46,128.53,329425.3,15074.45,123.76,479.87,4031.75,1.77,611.62,1001.87,1351.52,97.24,191.14,54.47,647.58,8738.33,700.29,512.34,2236.29,986.86,11.17,78.66,620.41,179.5,0.1,1354.28,86.13,614.97,2.81,28.31,151.86,20.41,93.04,86.38,10.66,2304.85,1382.0,424.29,4552.08,441.01,152.54,113.57,6.28,50.48,118.9,719.08,1.02,2076.17,1792.78,2463.41,69.47,3499.86,1295.78,4.16,457.82,7808.58,27.4,12.3,868.53,2274.07,634.89,791.08
2014,1675.32,2511.38,46.09,0.01,80.16,501.98,41.37,1.51,201.05,33.33,215.91,942.1,65.76,1040.56,1813.22,17263.29,167.43,17.44,38.97,14.36,631.92,23.58,359.52,5515.19,10.62,11.04,29.2,93.18,514.29,285.36,47.45,320.25,62603.26,1515.08,2402.8,8391.72,293.42,0.48,668.71,39.33,46.31,103.22,243.32,36.43,146.92,411.54,63.14,3.55,34.51,306.56,431.4,389.87,2429.05,208.22,434.96,66.61,3613.63,124.05,62.63,811.96,13.5,122.99,300.76,55.17,1459.12,809.92,147.82,119.91,90.91,361.33,7.81,328.41,109.61,280.81,79.38,1138.47,126.53,8574.43,71743.59,55.77,926.34,592.03,1.78,37.19,328.13,11.85,79.11,7769.09,773.18,1463.36,219.97,1228.45,9.08,1.89,611.92,20.63,657.8,31.09,219.6,100.95,11.51,795.86,149.48,261.53,2.12,197.44,497.77,1.01,174.83,1420.0,18.62,2149.38,7.45,17.56,1978.31,1.92,3736.17,8.16,131.45,1464.55,137.41,52.76,781.61,796.33,87.36,2454.69,11530.81,172.21,0.13,77.78,76.87,1687.6,1.96,58.82,137.21,334682.8,21860.44,111.05,378.9,4787.96,1.73,687.49,857.66,1319.47,92.54,181.89,56.36,740.87,8509.26,695.53,542.39,2134.19,982.23,9.0,76.6,575.24,222.44,0.1,1551.15,84.92,578.62,2.73,30.3,165.07,21.44,120.12,95.7,10.91,1847.72,1189.09,465.49,4863.96,446.79,163.82,115.05,6.35,49.82,116.91,762.81,1.01,2160.36,1828.78,2526.64,85.62,3482.66,1272.94,5.31,437.6,7961.66,26.06,13.73,888.32,2424.56,729.55,842.06
2015,1865.21,2630.7,43.71,0.01,82.01,451.88,45.01,2.5,193.01,44.98,203.33,945.18,94.21,953.86,1664.08,16290.43,154.97,16.77,30.51,14.36,567.24,20.5,370.7,5442.62,9.84,10.07,27.28,87.85,553.32,295.83,60.81,338.78,62418.37,1605.52,2164.67,7196.35,259.25,0.48,603.82,39.77,44.54,143.94,210.32,16.41,169.13,459.6,58.56,2.83,25.88,328.64,425.55,497.76,2404.41,206.85,429.68,37.04,3517.2,114.91,60.01,838.15,13.22,124.44,297.55,103.25,1258.43,825.09,148.06,126.71,89.43,361.56,6.88,335.24,100.78,328.87,96.25,1152.1,155.13,8408.48,69972.39,68.73,881.65,647.86,3.35,34.79,355.01,22.47,81.36,7767.69,779.41,1562.84,237.57,1247.2,9.36,1.29,634.37,20.91,634.5,31.55,256.55,105.28,11.12,777.33,153.75,167.65,2.52,132.53,488.55,1.03,165.16,1354.92,17.62,2193.47,7.27,15.37,1898.32,2.4,3621.09,8.02,136.59,1544.89,145.02,42.38,791.37,881.83,100.27,2687.08,11308.54,149.33,0.13,85.17,48.8,1237.65,1.73,57.62,117.28,329874.94,22691.55,100.99,425.33,5168.38,1.7,716.63,839.17,1333.37,91.19,164.03,56.75,659.02,7580.82,695.94,488.78,1792.41,946.72,8.06,81.14,606.93,318.51,0.09,1701.16,96.19,630.28,2.56,31.55,148.79,21.14,106.35,101.38,10.9,1465.11,1224.35,479.4,5057.22,453.51,175.51,109.49,6.23,49.28,119.36,720.33,0.99,2185.58,1823.45,2211.25,63.47,3697.19,1365.94,5.79,498.12,8040.59,26.91,13.99,895.58,2514.64,770.73,850.52
2016,2399.91,2514.41,41.93,0.01,79.78,520.01,23.59,2.82,208.66,44.77,196.08,967.09,76.37,959.24,1724.81,14558.68,144.5,18.87,33.48,14.0,520.41,22.94,363.65,5290.8,11.12,10.12,27.05,87.58,569.03,262.71,51.64,319.31,62160.41,1659.97,2166.78,8065.48,215.79,0.59,633.42,39.65,44.09,108.89,266.99,32.71,148.28,459.34,64.07,3.48,34.49,326.1,415.66,418.05,2375.1,212.52,441.74,40.97,4030.16,89.23,58.64,844.53,13.34,133.18,292.95,76.89,1295.18,855.84,144.04,131.51,101.39,436.91,4.68,328.29,96.6,146.66,90.9,1089.89,131.28,8477.01,68465.87,64.45,880.23,637.58,3.55,49.06,314.15,21.32,79.15,7998.11,745.28,1614.87,210.33,1249.65,9.68,1.33,695.17,20.33,618.42,30.45,294.11,100.96,10.3,773.11,156.31,223.38,1.66,134.4,476.75,1.02,157.64,1451.89,18.22,2013.86,6.92,30.69,2019.67,2.42,3672.64,7.81,134.06,1698.23,150.03,42.92,829.57,895.08,92.5,2541.71,10977.77,181.66,0.13,87.72,55.93,1705.41,1.71,62.98,128.91,328521.25,22804.32,126.16,451.91,5201.37,1.66,692.68,703.25,1303.01,64.16,163.68,61.07,610.72,7380.9,708.43,501.78,1766.67,973.07,19.21,82.02,678.2,279.67,0.11,1690.94,82.72,662.16,2.67,32.37,148.5,21.41,124.8,108.72,11.29,787.27,1208.62,496.5,5337.32,457.1,175.77,111.63,5.41,53.36,117.62,749.4,0.98,2206.7,1873.97,2098.04,67.77,3869.44,1448.67,8.17,784.89,7971.26,28.27,14.39,879.42,2407.23,856.02,928.3
2017,1795.73,2563.59,40.1,0.01,83.64,443.23,19.94,2.37,165.07,35.27,192.56,955.7,75.32,974.97,1721.8,13194.0,126.64,19.46,32.8,13.4,456.42,25.41,356.91,5296.68,9.14,5.75,26.76,84.47,579.71,298.19,31.69,290.59,61414.25,1631.83,2118.72,7829.17,223.26,0.51,655.55,38.35,44.34,123.04,219.5,41.34,141.7,402.78,65.17,3.53,34.94,357.47,414.07,346.42,2201.94,209.61,471.51,38.29,3694.9,94.0,61.46,819.3,13.39,136.69,257.23,59.02,1303.68,857.33,133.75,126.55,103.53,361.67,5.87,345.7,88.18,145.35,79.38,1134.16,162.89,8292.79,67541.97,48.02,826.14,668.99,2.63,25.54,403.5,22.56,76.2,8482.1,733.38,1643.88,217.65,1231.09,9.84,1.48,622.88,19.38,613.08,30.47,296.49,118.13,9.67,758.49,158.58,161.67,0.94,125.57,456.07,1.0,132.89,1434.31,17.18,1957.11,6.78,9.93,2004.87,2.03,3235.06,7.81,131.97,1821.53,150.9,48.03,868.14,906.21,110.68,2547.11,12821.0,189.77,0.13,83.67,54.7,1785.12,1.69,64.34,140.99,323432.06,22886.04,91.54,526.69,5744.64,1.63,662.92,692.92,1235.24,107.99,169.1,60.97,600.36,6155.3,738.93,558.05,1599.38,923.72,19.48,82.5,599.72,215.75,0.09,1712.92,78.91,686.5,2.55,31.19,142.79,20.46,92.68,115.57,11.33,233.43,1230.27,569.83,5344.73,443.35,174.07,109.51,5.75,55.34,121.1,719.94,0.96,2316.91,1831.07,2052.2,62.95,3767.76,1443.51,8.6,675.72,7808.42,28.92,14.42,830.73,2248.28,832.57,871.11
2018,1978.81,2818.01,38.72,0.01,84.79,418.26,24.71,1.78,182.9,29.33,182.83,932.77,80.9,990.72,1721.02,11423.55,135.11,19.91,29.95,13.1,448.73,22.0,347.38,4762.4,9.64,8.02,24.38,81.78,567.66,324.23,58.46,283.82,60338.88,1677.47,2077.98,7588.39,240.12,0.47,663.59,38.01,43.46,139.26,253.52,45.58,152.4,463.64,64.75,2.87,44.71,336.96,411.63,424.93,2188.44,215.97,487.78,40.26,3716.17,129.1,60.68,792.97,13.32,138.71,285.83,65.8,1212.25,866.42,130.74,131.46,99.93,389.73,6.0,304.19,91.69,147.88,72.13,1159.83,122.63,7676.53,63137.11,58.79,807.22,841.51,1.55,42.38,316.24,21.31,72.66,8309.12,720.87,1717.68,215.28,1223.06,6.89,1.46,607.88,19.18,585.03,29.59,283.22,124.8,9.15,774.17,174.93,182.05,0.55,135.05,436.86,0.99,123.09,1468.45,15.03,1805.95,6.06,12.49,1902.79,3.39,3648.5,8.27,124.37,1884.16,151.98,43.51,882.69,931.89,110.52,2726.03,13227.46,148.51,0.12,108.26,71.67,1779.5,1.67,60.37,149.94,316753.38,23422.86,111.4,555.77,5229.8,1.62,663.9,764.79,1167.14,75.38,154.42,59.69,658.21,5691.62,735.38,581.87,2029.58,861.11,24.1,84.28,712.1,171.9,0.09,1775.26,67.97,726.16,2.52,31.94,156.97,13.4,124.27,118.16,11.49,340.86,1252.06,566.17,5413.83,441.54,171.44,107.78,5.57,55.46,122.02,699.2,0.94,2481.22,1766.79,2187.06,53.89,3750.24,1307.97,8.28,632.2,7759.39,29.5,14.35,794.93,2352.84,795.34,1003.36
2019,2481.02,2974.55,36.84,0.01,82.84,391.86,28.86,1.75,221.06,42.25,186.44,878.95,58.79,1018.81,1703.31,10371.19,108.09,17.9,36.33,13.67,420.24,19.63,338.56,4513.45,11.58,8.52,22.46,80.49,531.73,286.22,40.55,241.25,58918.12,1672.73,2135.19,7328.08,613.31,0.42,660.97,36.2,43.09,89.63,251.7,36.39,149.78,423.85,61.65,3.18,37.38,320.59,406.35,404.55,2138.26,212.72,452.06,30.08,3906.39,105.63,60.51,647.72,13.32,136.7,251.82,53.69,1211.96,889.41,126.21,138.66,94.78,388.27,7.04,277.93,87.75,152.24,80.41,1157.98,97.27,7854.35,62612.83,46.38,797.99,831.41,1.59,34.36,318.58,21.65,73.5,7998.46,721.58,1715.66,203.66,1222.95,10.76,1.42,504.28,20.23,577.18,30.41,324.1,111.75,9.48,785.17,186.6,157.64,0.93,105.78,434.59,0.97,115.38,1554.13,18.9,1851.17,6.19,8.83,1947.66,5.62,3469.85,8.63,125.35,1780.92,149.69,43.13,902.39,939.14,119.31,2753.95,12296.52,128.11,0.12,76.2,45.49,1730.17,1.84,61.33,145.56,310561.28,22329.74,95.37,683.64,4839.72,1.61,706.38,612.98,1176.9,73.25,168.28,56.82,589.42,4982.0,777.92,565.68,2045.06,862.32,16.98,84.07,732.74,187.78,0.1,1823.37,72.54,744.12,2.51,32.12,106.44,16.42,87.3,112.33,11.58,172.09,1267.21,577.09,5608.84,441.86,170.28,111.74,5.46,54.83,119.65,685.93,0.92,2583.16,1956.77,2141.61,61.26,3787.38,1325.22,7.82,593.73,7774.53,30.09,15.53,815.63,2439.54,825.4,907.22
2020,2523.23,2879.06,32.83,0.01,83.09,330.31,39.78,1.27,216.25,34.23,314.12,905.88,61.28,1018.14,1608.89,9800.42,95.16,17.83,24.85,11.7,385.43,14.02,325.02,4706.02,9.58,8.31,24.05,85.32,617.94,366.51,42.59,288.41,58914.24,1610.02,2165.55,7090.31,205.88,0.39,639.19,37.89,41.19,83.05,221.88,20.25,181.46,388.32,59.9,2.73,35.28,212.94,359.12,330.44,1957.13,214.05,387.65,57.56,4009.35,133.08,60.33,596.93,12.3,106.02,258.82,45.01,1135.91,925.2,121.68,137.75,103.26,305.63,6.71,243.44,90.75,147.96,75.62,1075.13,92.27,6741.07,59598.59,55.39,648.08,784.02,2.73,30.58,278.42,18.81,84.63,7609.86,660.26,1612.46,172.59,1226.96,9.78,1.38,565.23,22.54,540.35,31.19,289.49,95.64,9.55,622.22,212.82,159.05,3.0,119.42,411.48,0.93,96.68,1599.81,15.64,1597.51,5.3,14.55,1881.67,6.4,3449.76,9.0,139.06,1733.38,149.78,36.42,868.6,745.06,131.69,2823.55,13693.57,132.65,0.13,105.5,67.0,1636.97,1.89,59.53,92.82,302268.97,19958.87,89.44,410.81,6022.86,1.6,545.89,617.45,1059.24,84.43,122.95,41.52,616.72,4304.67,768.48,586.85,1846.99,817.13,10.99,78.92,620.89,175.47,0.09,1843.47,67.73,768.29,2.33,35.32,106.68,16.64,90.86,106.11,9.69,177.94,1309.73,558.72,6215.89,396.05,165.06,99.87,5.66,55.17,96.85,593.62,1.45,2541.6,1920.92,2016.98,22.42,4315.88,1190.28,6.65,594.51,7369.75,29.22,13.59,876.34,2612.19,855.88,913.83
2021,1895.1,2799.37,26.09,0.0,62.07,319.43,30.17,0.49,198.33,39.08,163.5,961.98,70.42,1007.76,1657.33,9052.79,115.28,14.23,26.25,10.46,367.36,15.86,288.5,4411.2,8.03,8.59,23.14,80.04,573.2,295.72,45.3,256.7,57144.92,1652.48,2259.91,8100.78,216.9,0.45,677.53,35.02,42.82,113.1,159.12,22.35,147.68,412.84,58.23,2.87,35.57,225.82,411.8,489.11,1644.61,215.97,508.85,50.82,3786.44,117.82,53.74,605.96,12.64,108.19,268.67,41.24,1131.17,867.65,114.65,130.55,82.95,376.0,2.85,233.38,76.9,156.42,70.38,917.52,112.27,5838.55,54672.51,54.24,715.55,774.4,3.22,26.23,301.56,19.48,67.04,7477.89,582.62,1533.74,171.16,1247.19,8.7,1.21,502.27,20.4,566.59,32.91,263.46,99.24,7.16,719.08,195.26,156.71,1.5,130.03,393.52,0.95,109.26,1445.62,12.59,1797.82,4.8,17.29,2016.04,5.26,2762.64,6.71,136.71,1723.09,149.8,33.59,869.95,939.04,125.82,2905.42,14155.75,126.94,0.12,82.88,75.27,1631.13,1.9,62.56,72.73,297492.56,22120.45,140.28,497.63,6919.54,1.52,646.13,498.77,1040.14,81.91,93.49,36.46,615.2,4290.97,795.1,469.88,1597.86,787.56,25.31,79.38,699.06,176.43,0.05,1897.27,73.57,789.7,2.01,27.39,130.95,16.67,96.76,112.73,7.11,170.4,1345.96,555.25,6434.8,422.74,168.64,101.91,5.7,52.1,88.24,529.87,0.81,2527.07,1990.83,1914.62,49.02,4452.15,1149.19,5.19,656.48,7679.97,30.53,13.59,1140.31,2680.06,952.72,1031.32
