Date,ABW,AFG,AGO,ALB,AND,ANT,ARG,ARM,ASM,AUS,AUT,AZE,BDI,BEL,BEN,BES,BFA,BGD,BGR,BHR,BHS,BIH,BLM,BLR,BLZ,BOL,BRA,BRB,BRN,BTN,BWA,CAF,CAN,CHE,CHL,CHN,CIV,CMR,COD,COG,COK,COL,COM,CPV,CRI,CUB,CUW,CYM,CYP,CZE,DEU,DJI,DMA,DNK,DOM,DZA,ECU,EGY,ERI,ESH,ESP,EST,ETH,FIN,FJI,FLK,FRA,FRO,FSM,GAB,GBR,GEO,GHA,GIB,GIN,GLP,GMB,GNB,GNQ,GRC,GRD,GRL,GTM,GUF,GUM,GUY,HND,HRV,HTI,HUN,IDN,IND,IRL,IRN,IRQ,ISL,ISR,ITA,JAM,JOR,JPN,KAZ,KEN,KGZ,KHM,KOR,KWT,LAO,LBN,LBR,LBY,LCA,LIE,LKA,LSO,LTU,LUX,LVA,MAF,MAR,MCO,MDA,MDG,MDV,MEX,MHL,MLI,MLT,MMR,MNE,MNG,MNP,MOZ,MRT,MSR,MTQ,MUS,MWI,MYS,MYT,NAM,NCL,NER,NFK,NGA,NIC,NIU,NLD,NOR,NPL,NRU,NZL,OMN,OWID_CIS,OWID_CZS,OWID_ERE,OWID_MNS,OWID_PYA,OWID_SRM,OWID_USS,OWID_WRL,OWID_YGS,PAK,PAN,PER,PHL,PNG,POL,PRI,PRK,PRT,PRY,PYF,QAT,REU,ROU,RUS,RWA,SAU,SDN,SEN,SGP,SHN,SLB,SLE,SLV,SMR,SOM,SPM,SRB,SSD,STP,SUR,SVK,SVN,SWE,SWZ,SXM,SYC,SYR,TCA,TCD,TGO,THA,TJK,TKL,TKM,TLS,TON,TTO,TUN,TUR,TUV,TZA,UGA,UKR,URY,USA,UZB,VAT,VCT,VEN,VIR,VNM,WLF,WSM,YEM,ZAF,ZMB,ZWE
1990,0.0,0.0,960560.0,70390.0,0.0,0.0,766000.0,,0.0,1022900.0,1739400.0,,161380.0,,13000.0,,14000.0,75170.0,1032000.0,220.0,0.0,,,,2060.0,20000.0,3558100.0,0.0,670.0,19320.0,0.0,2000.0,4618250.0,182300.0,1646290.0,44151980.0,6700.0,18100.0,55500.0,59500.0,510.0,97000.0,3510.0,1700.0,26600.0,347000.0,,0.0,24340.0,,5650000.0,0.0,810.0,446960.0,21010.0,333000.0,44430.0,43810.0,,0.0,1945190.0,,,4390380.0,84770.0,0.0,1528000.0,80.0,,30000.0,2434000.0,,50000.0,0.0,40000.0,500.0,1780.0,210.0,0.0,117760.0,210.0,220.0,24000.0,700.0,0.0,0.0,0.0,,12000.0,793790.0,145490.0,5715000.0,380390.0,515669.97,60770.0,6560.0,66000.0,528750.0,8790.0,46900.0,10287000.0,,152790.0,,67290.0,1909190.0,3450.0,1606000.0,1110.0,1200.0,217000.0,3150.0,200.0,256829.98,8670.0,,,,,318400.0,0.0,,231000.0,0.0,39430.0,,5000.0,0.0,30700.0,,4400.0,,38000.0,10070.0,0.0,2440.0,17250.0,139100.0,1934680.0,170.0,0.0,9040.0,48000.0,50.0,265260.0,290.0,10.0,295380.0,115000.0,87920.0,0.0,1531120.0,1000.0,100.0,3337140.0,349610.0,195600.0,11280.0,,21831120.0,178949400.0,292620.0,253900.0,11050.0,263000.0,290620.0,60750.0,7366000.0,0.0,1130000.0,2073000.0,10240.0,4430.0,0.0,10700.0,528000.0,,113000.0,0.0,,32000.0,0.0,0.0,41040.0,6680.0,9920.0,0.0,3000.0,0.0,,,0.0,13000.0,,,8089000.0,163770.0,,4900.0,148800.0,0.0,10800.0,20670.0,1720000.0,,0.0,,0.0,1000.0,83380.0,152920.0,545980.0,0.0,553040.0,169970.0,,201000.0,17938000.0,,0.0,40.0,425990.0,0.0,745000.0,200.0,5130.0,0.0,3143620.0,57000.0,154000.0
1991,0.0,0.0,958677.0,70390.0,0.0,0.0,797000.0,,0.0,1069080.0,1733830.0,,156539.0,,13300.0,,19430.0,75170.0,1022100.0,235.0,0.0,,,,2071.0,21506.0,3567510.0,0.0,734.0,19342.0,0.0,2000.0,5095036.0,181240.0,1709475.0,45219810.0,7425.0,18400.0,55620.0,59500.0,569.0,103870.0,3400.0,4134.0,28600.0,346500.0,,0.0,24662.0,,5652700.0,0.0,810.0,446960.0,23214.0,334200.0,47002.0,45350.0,,0.0,1989805.0,,,4465796.0,88841.0,0.0,1533800.0,80.0,19948.0,30000.0,2451600.0,,50000.0,0.0,40500.0,500.0,1780.0,226.0,12500.0,118837.0,210.0,220.0,25300.0,700.0,0.0,0.0,0.0,,12800.0,793790.0,515741.03,6080300.0,397243.0,515669.97,61074.0,7793.0,68200.0,535426.0,8732.0,46900.0,10291400.0,,152790.0,,70552.0,1925503.0,3590.0,1603400.0,1058.0,2061.0,217000.0,3150.0,240.0,254530.0,8670.0,,,,,320990.0,0.0,,235100.0,0.0,39463.0,3130.0,10000.0,0.0,30702.0,,4863.0,0.0,38000.0,11188.0,0.0,2455.0,17336.0,136990.0,1903964.0,183.0,0.0,9120.0,50500.0,50.0,263627.0,487.0,10.0,297198.0,115000.0,92895.0,0.0,1580520.0,1000.0,100.0,3337939.0,350710.0,198911.0,11764.0,,22226640.0,183032850.0,292939.0,253900.0,13225.0,308209.0,293617.0,60750.0,7366000.0,0.0,1122523.0,2092500.0,12268.0,4842.0,0.0,10700.0,528000.0,,114350.0,0.0,,32000.0,0.0,0.0,40200.0,6797.0,10176.0,0.0,3000.0,0.0,,,0.0,13115.0,,,8311900.5,161708.0,,4900.0,151200.0,0.0,11100.0,22003.0,1746700.0,,0.0,,0.0,1000.0,83112.0,155348.0,546952.0,0.0,553040.0,179809.0,,243800.0,18400200.0,,0.0,47.0,457347.0,0.0,862457.0,217.0,5126.0,0.0,3143620.0,56800.0,150600.0
1992,0.0,0.0,956794.0,70390.0,0.0,0.0,828000.0,13112.0,0.0,1115260.0,1728260.0,295504.0,151698.0,,13600.0,,24860.0,75170.0,1012200.0,250.0,0.0,119310.0,,1334976.0,2082.0,23012.0,3576920.0,0.0,798.0,19364.0,0.0,2000.0,5571822.0,180180.0,1772660.0,46287630.0,8149.9995,18700.0,55740.0,59500.0,628.0,110740.0,3290.0,6568.0,30600.0,346000.0,,0.0,24984.0,,5655400.0,0.0,810.0,446960.0,25418.0,335400.0,49574.0,46890.0,,0.0,2034420.0,195754.0,,4541212.0,92912.0,0.0,1539600.0,80.0,19646.0,30000.0,2469200.0,55142.0,50000.0,0.0,41000.0,500.0,1780.0,242.0,25000.0,119914.0,210.0,220.0,26600.0,700.0,0.0,0.0,0.0,90168.0,13600.0,793790.0,885992.0,6445600.0,414096.0,515669.97,61378.0,9026.0,70400.0,542102.0,8674.0,46900.0,10295800.0,519382.03,152790.0,160346.0,73814.0,1941816.0,3730.0,1600800.0,1006.00006,2922.0,217000.0,3150.0,280.0,252230.0,8670.0,422028.0,,315940.0,,323580.0,0.0,148120.0,239200.0,0.0,39496.0,3130.0,15000.0,0.0,30704.0,,5326.0,0.0,38000.0,12306.0,0.0,2470.0,17422.0,134880.0,1873248.0,196.0,0.0,9200.0,53000.0,50.0,261993.98,684.0,10.0,299016.0,115000.0,97870.0,0.0,1629920.0,1000.0,100.0,3338738.0,351810.0,202222.0,12248.0,47000.0,,187092930.0,,253900.0,15400.0,353418.0,296614.0,60750.0,7366000.0,0.0,1115046.0,2112000.0,14296.0,5254.0,0.0,10700.0,528000.0,13193040.0,115700.0,0.0,,32000.0,0.0,0.0,39360.0,6914.0,10432.0,0.0,3000.0,0.0,,,0.0,13230.0,,36780.0,8534800.0,159646.0,,4900.0,153600.0,0.0,11400.0,23336.0,1773400.0,112720.0,0.0,0.0,0.0,1000.0,82844.0,157776.0,547924.0,0.0,553040.0,189648.0,4592600.0,286600.0,18862400.0,1263496.0,0.0,54.0,488704.0,0.0,979914.0,234.0,5122.0,0.0,3143620.0,56600.0,147200.0
1993,0.0,0.0,954911.0,70390.0,0.0,0.0,859000.0,12803.0,0.0,1161440.0,1722690.0,296821.0,146857.0,,13900.0,,30290.0,75170.0,1002300.0,265.0,0.0,119310.0,,1400679.0,2093.0,24518.0,3586330.0,0.0,862.0,19386.0,0.0,2000.0,6048608.0,179120.0,1835845.0,47355460.0,8875.0,19000.0,55860.0,59500.0,687.0,117610.0,3180.0,9002.0,32599.998,345500.0,,0.0,25306.0,2595860.0,5658100.0,0.0,810.0,446960.0,27622.0,336600.0,52146.0,48430.0,13300.0,0.0,2079034.9,196046.0,339610.0,4616628.0,96983.0,0.0,1545400.0,80.0,19344.0,30000.0,2486800.0,55738.0,50000.0,0.0,41500.0,500.0,1780.0,258.0,37500.0,120991.0,210.0,220.0,27900.0,700.0,0.0,0.0,0.0,89097.0,14400.0,793790.0,1256243.0,6810900.0,430949.0,515669.97,61682.0,10259.0,72600.0,548778.0,8616.0,46900.0,10300200.0,520557.97,152790.0,160969.0,77076.0,1958129.0,3870.0,1598200.0,954.0,3783.0,217000.0,3150.0,320.0,249930.0,8670.0,427552.0,,316710.0,,326170.0,0.0,148980.0,243300.0,0.0,39529.0,3130.0,20000.0,0.0,30706.0,,5789.0,0.0,38000.0,13424.0,0.0,2485.0,17508.0,132770.0,1842532.0,209.0,0.0,9280.0,55500.0,50.0,260361.0,881.0,10.0,300834.0,115000.0,102845.0,0.0,1679320.0,1000.0,100.0,,,205533.0,12732.0,47000.0,,191153000.0,,253900.0,17575.0,398627.0,299611.0,60750.0,7366000.0,0.0,1107569.0,2131500.0,16323.999,5666.0,0.0,10700.0,528000.0,13463960.0,117050.0,0.0,,32000.0,0.0,0.0,38520.0,7031.0,10688.0,0.0,3000.0,0.0,,,0.0,13345.0,743677.0,38170.0,8757700.0,157584.0,,4900.0,156000.0,0.0,11700.0,24669.0,1800100.0,112775.0,0.0,0.0,0.0,1000.0,82576.0,160204.0,548896.0,0.0,553040.0,199487.0,4605400.0,329400.0,19324600.0,1298689.0,0.0,61.0,520060.97,0.0,1097371.0,250.99998,5118.0,0.0,3143620.0,56400.0,143800.0
1994,0.0,0.0,953028.0,70390.0,0.0,0.0,890000.0,12494.0,0.0,1207620.0,1717120.0,298138.0,142016.0,,14200.0,,35720.0,75170.0,992400.0,280.0,0.0,119310.0,,1466382.0,2104.0,26024.0,3595740.0,0.0,926.0,19408.0,0.0,2000.0,6525394.0,178060.0,1899030.0,48423290.0,9600.0,19300.0,55980.0,59500.0,746.0,124480.0,3070.0,11436.0,34600.0,345000.0,,0.0,25628.0,2595030.0,5660800.0,0.0,810.0,446960.0,29826.0,337800.0,54718.0,49970.0,14400.0,0.0,2123650.0,196338.0,339610.0,4692044.0,101054.0,0.0,1551200.0,80.0,19042.0,30000.0,2504400.0,56334.0,50000.0,0.0,42000.0,500.0,1780.0,274.0,50000.0,122068.0,210.0,220.0,29200.0,700.0,0.0,0.0,0.0,88026.0,15200.0,793790.0,1626494.0,7176200.0,447802.0,515669.97,61986.0,11492.0,74800.0,555454.0,8558.0,46900.0,10304600.0,521734.0,152790.0,161592.0,80338.0,1974442.0,4010.0002,1595600.0,902.0,4644.0,217000.0,3150.0,360.0,247630.0,8670.0,433076.0,,317480.0,,328760.0,0.0,149840.0,247400.0,0.0,39562.0,3130.0,25000.0,0.0,30708.0,,6252.0,0.0,38000.0,14542.0,0.0,2500.0,17594.0,130660.0,1811816.0,222.0,0.0,9360.0,58000.0,50.0,258728.0,1078.0,10.0,302652.0,115000.0,107820.0,0.0,1728720.0,1000.0,100.0,,,208844.0,13216.0,47000.0,,195213060.0,,253900.0,19750.0,443836.0,302608.0,60750.0,7366000.0,0.0,1100092.0,2151000.0,18352.0,6078.0,0.0,10700.0,528000.0,13734880.0,118400.0,0.0,,32000.0,0.0,0.0,37680.0,7148.0,10944.0,0.0,3000.0,0.0,,,0.0,13460.0,745306.0,39560.0,8980600.0,155522.0,,4900.0,158400.0,0.0,12000.0,26002.0,1826800.0,112830.0,0.0,0.0,0.0,1000.0,82308.0,162632.0,549868.0,0.0,553040.0,209326.0,4618200.0,372200.0,19786800.0,1333882.0,0.0,68.0,551418.0,0.0,1214828.0,268.0,5114.0,0.0,3143620.0,56200.0,140400.0
1995,0.0,0.0,951145.0,70390.0,0.0,0.0,921000.0,12185.0,0.0,1253800.0,1711550.0,299455.0,137175.0,,14500.0,,41150.0,75170.0,982500.0,295.0,0.0,119310.0,,1532085.0,2115.0,27530.0,3605150.0,0.0,990.0,19430.0,0.0,2000.0,7002180.0,177000.0,1962215.0,49491110.0,10325.0,19600.0,56100.0,59500.0,805.0,131350.0,2960.0,13870.0,36600.0,344500.0,,0.0,25950.0,2594200.0,5663500.0,0.0,810.0,446960.0,32029.998,339000.0,57290.0,51510.0,15500.0,0.0,2168265.0,196630.0,339610.0,4767460.0,105125.0,0.0,1557000.0,80.0,18740.0,30000.0,2522000.0,56930.0,50000.0,0.0,42500.0,500.0,1780.0,290.0,62500.0,123145.0,210.0,220.0,30500.0,700.0,0.0,0.0,0.0,86955.0,16000.0,793790.0,1996745.0,7541500.0,464655.0,515669.97,62290.0,12725.0,77000.0,562130.0,8500.0,46900.0,10309000.0,522909.97,152790.0,162215.0,83600.0,1990755.0,4150.0,1593000.0,850.0,5505.0,217000.0,3150.0,400.0,245330.0,8670.0,438600.0,,318250.0,,331350.0,0.0,150700.0,251500.0,0.0,39595.0,3130.0,30000.0,0.0,30710.0,,6715.0,0.0,38000.0,15660.0,0.0,2515.0,17680.0,128550.0,1781100.0,235.0,0.0,9440.0,60500.0,50.0,257095.0,1275.0,10.0,304470.0,115000.0,112795.0,0.0,1778120.0,1000.0,100.0,,,212155.0,13700.0,47000.0,,199273140.0,,253900.0,21925.0,489045.0,305605.0,60750.0,7366000.0,0.0,1092615.0,2170500.0,20380.0,6490.0,0.0,10700.0,528000.0,14005800.0,119750.0,0.0,,32000.0,0.0,0.0,36840.0,7265.0,11200.0,0.0,3000.0,0.0,,,0.0,13575.0,746935.0,40950.0,9203500.0,153460.0,,4900.0,160800.0,0.0,12300.0,27335.0,1853500.0,112885.0,0.0,0.0,0.0,1000.0,82040.0,165060.0,550840.0,0.0,553040.0,219165.0,4631000.0,415000.0,20249000.0,1369075.0,0.0,75.0,582775.0,0.0,1332285.0,285.0,5110.0,0.0,3143620.0,56000.0,137000.0
1996,0.0,0.0,949262.0,70390.0,0.0,0.0,952000.0,11876.0,0.0,1299980.0,1705980.0,300772.0,132334.0,,14800.0,,46580.0,75170.0,972600.0,310.0,0.0,119310.0,,1597788.0,2126.0,29036.0,3614560.0,0.0,1054.0,19452.0,0.0,2000.0,7478966.0,175940.0,2025400.0,50558940.0,11050.0,19900.0,56220.0,59500.0,864.0,138220.0,2850.0,16304.001,38600.0,344000.0,,0.0,26272.0,2593370.0,5666200.0,0.0,810.0,446960.0,34234.0,340200.0,59862.0,53050.0,16600.0,0.0,2212880.0,196922.0,339610.0,4842876.0,109196.0,0.0,1562800.0,80.0,18438.0,30000.0,2539600.0,57526.0,50000.0,0.0,43000.0,500.0,1780.0,306.0,75000.0,124222.0,210.0,220.0,31800.0,700.0,0.0,0.0,0.0,85884.0,16800.0,793790.0,2366996.0,7906800.0,481508.0,515669.97,62594.0,13958.0,79200.0,568806.0,8442.0,46900.0,10313400.0,524086.0,152790.0,162838.0,86862.0,2007068.0,4290.0,1590400.0,798.0,6366.0,217000.0,3150.0,440.0,243030.0,8670.0,444124.0,,319020.0,,333940.0,0.0,151560.0,255600.0,0.0,39628.0,3130.0,35000.0,0.0,30712.0,,7178.0,0.0,38000.0,16778.0,0.0,2530.0,17766.0,126440.0,1750384.0,248.0,0.0,9520.0,63000.0,50.0,255462.0,1472.0,10.0,306288.0,115000.0,117770.0,0.0,1827520.0,1000.0,100.0,,,215466.0,14184.0,47000.0,,203333200.0,,253900.0,24100.0,534254.0,308602.0,60750.0,7366000.0,0.0,1085138.0,2190000.0,22408.0,6902.0,0.0,10700.0,528000.0,14276720.0,121100.0,0.0,,32000.0,0.0,0.0,36000.0,7382.0,11456.0,0.0,3000.0,0.0,,,0.0,13690.0,748564.0,42340.0,9426400.0,151398.0,,4900.0,163200.0,0.0,12600.0,28668.0,1880200.0,112940.0,0.0,0.0,0.0,1000.0,81772.0,167488.0,551812.0,0.0,553040.0,229004.0,4643800.0,457800.0,20711200.0,1404268.0,0.0,82.0,614132.0,0.0,1449742.0,302.0,5106.0,0.0,3143620.0,55800.0,133600.0
1997,0.0,0.0,947379.0,70390.0,0.0,0.0,983000.0,11567.0,0.0,1346160.0,1700410.0,302089.0,127493.0,,15100.0,,52010.0,75170.0,962700.0,325.0,0.0,119310.0,,1663491.0,2137.0,30542.0,3623970.0,0.0,1118.0,19474.0,0.0,2000.0,7955752.0,174880.0,2088585.0,51626770.0,11775.0,20200.0,56340.0,59500.0,923.0,145090.0,2740.0,18738.0,40600.0,343500.0,,0.0,26594.0,2592540.0,5668900.0,0.0,810.0,446960.0,36438.0,341400.0,62434.0,54590.0,17700.0,0.0,2257495.0,197214.0,339610.0,4918292.0,113267.0,0.0,1568600.0,80.0,18136.0,30000.0,2557200.0,58122.0,50000.0,0.0,43500.0,500.0,1780.0,322.0,87500.0,125299.0,210.0,220.0,33100.0,700.0,0.0,0.0,0.0,84813.0,17600.0,793790.0,2737247.0,8272099.5,498361.0,515669.97,62898.0,15191.0,81400.0,575482.0,8384.0,46900.0,10317800.0,525262.0,152790.0,163461.0,90124.0,2023381.0,4430.0,1587800.0,746.0,7227.0,217000.0,3150.0,480.0,240730.0,8670.0,449648.0,,319790.0,,336530.0,0.0,152420.0,259700.02,0.0,39661.0,3130.0,40000.0,0.0,30714.0,,7641.0,0.0,38000.0,17896.0,0.0,2545.0,17852.0,124330.0,1719668.0,261.0,0.0,9600.0,65500.0,50.0,253829.0,1669.0,10.0,308106.0,115000.0,122745.0,0.0,1876920.0,1000.0,100.0,,,218777.0,14668.0,47000.0,,207393280.0,,253900.0,26275.0,579463.0,311599.0,60750.0,7366000.0,0.0,1077661.0,2209500.0,24436.0,7314.0,0.0,10700.0,528000.0,14547640.0,122450.0,0.0,,32000.0,0.0,0.0,35160.0,7499.0,11712.0,0.0,3000.0,0.0,,,0.0,13805.0,750193.0,43730.0,9649300.0,149336.0,,4900.0,165600.0,0.0,12900.0,30001.0,1906900.0,112995.0,0.0,0.0,0.0,1000.0,81504.0,169916.0,552784.0,0.0,553040.0,238843.0,4656600.0,500600.0,21173400.0,1439461.0,0.0,89.0,645489.0,0.0,1567199.0,319.0,5102.0,0.0,3143620.0,55600.0,130200.0
1998,0.0,0.0,945496.0,70390.0,0.0,0.0,1014000.0,11258.0,0.0,1392340.0,1694840.0,303406.0,122652.0,,15400.0,,57440.0,75170.0,952800.0,340.0,0.0,119310.0,,1729194.0,2148.0,32048.0,3633380.0,0.0,1182.0,19496.0,0.0,2000.0,8432538.0,173820.0,2151770.0,52694596.0,12500.0,20500.0,56460.0,59500.0,982.0,151960.0,2630.0,21172.0,42600.0,343000.0,,0.0,26916.0,2591710.0,5671600.0,0.0,810.0,446960.0,38642.0,342600.0,65005.996,56130.0,18800.0,0.0,2302110.0,197506.0,339610.0,4993708.0,117338.0,0.0,1574400.0,80.0,17834.0,30000.0,2574800.0,58718.0,50000.0,0.0,44000.0,500.0,1780.0,338.0,100000.0,126376.0,210.0,220.0,34400.0,700.0,0.0,0.0,0.0,83742.0,18400.0,793790.0,3107498.0,8637400.0,515214.0,515669.97,63202.0,16424.0,83600.0,582158.0,8326.0,46900.0,10322200.0,526438.0,152790.0,164084.0,93386.0,2039694.0,4570.0,1585200.0,694.0,8088.0005,217000.0,3150.0,520.0,238430.0,8670.0,455172.0,,320560.0,,339120.0,0.0,153280.0,263800.0,0.0,39694.0,3130.0,45000.0,0.0,30716.0,,8104.0,0.0,38000.0,19014.0,0.0,2560.0,17938.0,122220.0,1688952.0,274.0,0.0,9680.0,68000.0,50.0,252196.0,1866.0,10.0,309924.0,115000.0,127720.0,0.0,1926320.0,1000.0,100.0,,,222088.0,15152.0,47000.0,,211453340.0,,253900.0,28450.0,624672.0,314596.0,60750.0,7366000.0,0.0,1070184.0,2229000.0,26464.0,7726.0,0.0,10700.0,528000.0,14818560.0,123800.0,0.0,,32000.0,0.0,0.0,34320.0,7616.0,11968.0,0.0,3000.0,0.0,,,0.0,13920.0,751822.0,45120.0,9872200.0,147274.0,,4900.0,168000.0,0.0,13200.0,31334.0,1933600.0,113050.0,0.0,0.0,0.0,1000.0,81236.0,172344.0,553756.0,0.0,553040.0,248682.0,4669400.0,543400.0,21635600.0,1474654.0,0.0,96.0,676846.0,0.0,1684656.0,336.0,5098.0,0.0,3143620.0,55400.0,126800.0
1999,0.0,0.0,943613.0,70390.0,0.0,0.0,1045000.0,10949.0,0.0,1438520.0,1689270.0,304723.0,117811.0,,15700.0,,62870.0,75170.0,942900.0,355.0,0.0,119310.0,,1794897.0,2159.0,33554.0,3642790.0,0.0,1246.0,19518.0,0.0,2000.0,8909324.0,172760.0,2214955.0,53762420.0,13225.0,20800.0,56580.0,59500.0,1041.0,158830.0,2520.0,23606.0,44600.0,342500.0,,0.0,27238.0,2590880.0,5674300.0,0.0,810.0,446960.0,40846.0,343800.0,67578.0,57670.0,19900.0,0.0,2346725.0,197798.0,339610.0,5069124.0,121409.0,0.0,1580200.0,80.0,17532.0,30000.0,2592400.0,59314.0,50000.0,0.0,44500.0,500.0,1780.0,354.0,112500.0,127453.0,210.0,220.0,35700.0,700.0,0.0,0.0,0.0,82671.0,19200.0,793790.0,3477749.0,9002700.0,532067.0,515669.97,63506.0,17657.0,85800.0,588834.0,8268.0,46900.0,10326600.0,527614.0,152790.0,164707.0,96648.0,2056007.1,4710.0,1582600.0,642.0,8949.0,217000.0,3150.0,560.0,236130.0,8670.0,460696.0,,321330.0,,341710.0,0.0,154140.0,267900.0,0.0,39727.0,3130.0,50000.0,0.0,30718.0,,8567.0,0.0,38000.0,20132.0,0.0,2575.0,18024.0,120110.0,1658236.0,287.0,0.0,9760.0,70500.0,50.0,250563.0,2063.0,10.0,311742.0,115000.0,132695.0,0.0,1975720.0,1000.0,100.0,,,225399.0,15636.0,47000.0,,215513420.0,,253900.0,30625.0,669881.0,317593.0,60750.0,7366000.0,0.0,1062707.0,2248500.0,28492.0,8137.9995,0.0,10700.0,528000.0,15089480.0,125150.0,0.0,,32000.0,0.0,0.0,33480.0,7733.0,12224.0,0.0,3000.0,0.0,,,0.0,14035.0,753451.0,46510.0,10095100.0,145212.0,,4900.0,170400.0,0.0,13500.0,32667.0,1960300.0,113105.0,0.0,0.0,0.0,1000.0,80968.0,174772.0,554728.0,0.0,553040.0,258521.0,4682200.0,586200.0,22097800.0,1509847.0,0.0,103.0,708203.0,0.0,1802113.0,353.0,5094.0,0.0,3143620.0,55200.0,123400.0
2000,0.0,0.0,941730.0,70390.0,0.0,0.0,1076000.0,10640.0,0.0,1484700.0,1683700.0,306040.0,112970.0,407900.0,16000.0,,68300.0,75170.0,933000.0,370.0,0.0,119310.0,,1860600.0,2170.0,35060.0,3652200.0,0.0,1310.0,19540.0,0.0,2000.0,9386110.0,171700.0,2278140.0,54830250.0,13950.0,21100.0,56700.0,59500.0,1100.0,165700.0,2410.0,26040.0,46600.0,342000.0,,0.0,27560.0,2590050.0,5677000.0,0.0,810.0,446960.0,43050.0,345000.0,70150.0,59210.0,21000.0,0.0,2391340.0,198090.0,339610.0,5144540.0,125480.0,0.0,1586000.0,80.0,17230.0,30000.0,2610000.0,59910.0,50000.0,0.0,45000.0,500.0,1780.0,370.0,125000.0,128530.0,210.0,220.0,37000.0,700.0,0.0,0.0,0.0,81600.0,20000.0,793790.0,3848000.0,9368000.0,548920.0,515669.97,63810.0,18890.0,88000.0,595510.0,8210.0,46900.0,10331000.0,528790.0,152790.0,165330.0,99910.0,2072320.1,4850.0,1580000.0,590.0,9810.0,217000.0,3150.0,600.0,233830.0,8670.0,466220.0,28000.0,322100.0,,344300.0,0.0,155000.0,272000.0,0.0,39760.0,3130.0,55000.0,0.0,30720.0,,9030.0,0.0,38000.0,21250.0,0.0,2590.0,18110.0,118000.0,1627520.0,300.0,0.0,9840.0,73000.0,50.0,248930.0,2260.0,10.0,313560.0,115000.0,137670.0,0.0,2025120.0,1000.0,100.0,,,228710.0,16120.001,47000.0,,219573490.0,,253900.0,32800.0,715090.0,320590.0,60750.0,7366000.0,0.0,1055230.0,2268000.0,30520.0,8550.0,0.0,10700.0,528000.0,15360400.0,126500.0,0.0,,32000.0,0.0,0.0,32640.0,7850.0,12480.0,0.0,3000.0,0.0,,,0.0,14150.0,755080.0,47900.0,10318000.0,143150.0,,4900.0,172800.0,0.0,13800.0,34000.0,1987000.0,113160.0,0.0,0.0,0.0,1000.0,80700.0,177200.0,555700.0,0.0,553040.0,268360.0,4695000.0,629000.0,22560000.0,1545040.0,0.0,110.0,739560.0,0.0,1919570.0,370.0,5090.0,0.0,3143620.0,55000.0,120000.0
2001,0.0,0.0,935003.0,70390.0,0.0,0.0,1087100.0,11632.0,0.0,1553020.0,1683260.0,304346.0,112970.0,407747.0,16400.0,,73740.0,74846.0,921400.0,385.0,0.0,119310.0,,1889168.0,2181.0,36567.0,4019810.0,0.0,1550.0,19561.0,0.0,2000.0,9849074.0,170583.0,2333365.0,56679640.0,13950.0,23100.0,56800.0,59500.0,1100.0,187260.0,2300.0,26340.0,48600.0,357400.0,,0.0,27873.0,2588009.0,5679750.0,0.0,810.0,446960.0,49775.0,360300.0,71617.0,59853.0,21750.0,0.0,2411855.0,198949.0,379720.0,5320923.0,129550.0,0.0,1634700.0,80.0,16928.0,30000.0,2620500.0,61116.0,66998.0,0.0,45700.0,500.0,1780.0,404.0,125000.0,129567.0,210.0,220.0,44468.0,700.0,0.0,0.0,0.0,80924.0,20800.0,793790.0,3881850.0,9709069.0,557986.0,558203.0,64128.996,20331.0,88000.0,599385.0,8218.0,46900.0,10327100.0,520356.03,152790.0,167273.0,105372.0,2088633.0,4990.0,1581575.0,565.0,10671.0,217000.0,3150.0,600.0,231029.0,8670.0,473175.0,28200.0,330656.0,,362180.0,0.0,160700.0,286300.0,0.0,42435.0,3130.0,102500.0,0.0,58172.0,,9139.0,0.0,39664.0,22368.0,0.0,2599.0,18104.0,115880.0,1595659.0,316.0,0.0,9895.0,75500.0,50.0,247297.0,3630.0,10.0,315465.0,115000.0,145963.0,0.0,2025040.0,1000.0,112.0,,,232236.0,16224.001,61140.0,,224703090.0,,253900.0,35109.0,740573.0,323586.0,60750.0,7366000.0,0.0,1051760.0,2263400.0,32548.0,8641.0,0.0,10700.0,529200.0,15785650.0,127651.0,0.0,,32000.0,0.0,0.0,32041.0,8523.0,12737.0,0.0,3000.0,0.0,,,0.0,14150.0,753692.0,49830.0,10534300.0,141089.0,,4900.0,175160.0,0.0,14190.0,35333.0,2112500.0,113160.0,0.0,0.0,0.0,1000.0,80700.0,179252.0,562331.0,0.0,553040.0,278200.0,4707200.0,664010.0,22860400.0,1575763.0,0.0,118.0,764526.0,0.0,2035939.0,387.0,5086.0,0.0,3143620.0,54947.0,118800.0
2002,0.0,0.0,928276.0,70390.0,0.0,0.0,1098200.0,12624.0,0.0,1621340.0,1682820.0,302652.0,112970.0,407594.0,16800.0,,79180.0,74522.0,909800.0,400.0,0.0,119310.0,,1917736.0,2192.0,38074.0,4387420.0,0.0,1790.0,19582.0,0.0,2000.0,10312038.0,169466.0,2388590.0,58529030.0,13950.0,25100.0,56900.0,59500.0,1100.0,208820.0,2190.0,26640.0,50600.0,372800.0,,0.0,28186.0,2585968.0,5682500.0,0.0,810.0,446960.0,56500.0,375600.0,73084.0,60496.0,22500.0,0.0,2432370.0,199808.0,419830.0,5497306.0,133620.0,0.0,1683400.0,80.0,16626.0,30000.0,2631000.0,62322.0,83996.0,0.0,46400.0,500.0,1780.0,438.0,125000.0,130604.0,210.0,220.0,51936.0,700.0,0.0,0.0,0.0,80248.0,21600.0,793790.0,3915700.0,10050138.0,567052.0,600736.0,64448.0,21772.0,88000.0,603260.0,8226.0,46900.0,10323200.0,511922.0,152790.0,169216.0,110834.0,2104946.0,5130.0,1583150.0,540.0,11532.0,217000.0,3150.0,600.0,228228.0,8670.0,480130.0,28400.0,339212.0,,380060.0,0.0,166400.0,300600.0,0.0,45110.0,3130.0,150000.0,0.0,85624.0,,9248.0,0.0,41328.0,23486.0,0.0,2608.0,18098.0,113760.0,1563798.0,332.0,0.0,9950.0,78000.0,50.0,245664.0,5000.0,10.0,317370.0,115000.0,154256.0,0.0,2024960.0,1000.0,124.0,,,235762.0,16327.999,75280.0,,229832700.0,,253900.0,37418.0,766056.0,326582.0,60750.0,7366000.0,0.0,1048290.06,2258800.0,34576.0,8732.0,0.0,10700.0,530400.0,16210900.0,128802.0,0.0,,32000.0,0.0,0.0,31442.0,9196.0,12994.0,0.0,3000.0,0.0,,,0.0,14150.0,752304.0,51760.0,10750600.0,139028.0,,4900.0,177520.0,0.0,14580.0,36666.0,2238000.0,113160.0,0.0,0.0,0.0,1000.0,80700.0,181304.0,568962.0,0.0,553040.0,288040.0,4719400.0,699020.0,23160800.0,1606486.0,0.0,126.0,789492.0,0.0,2152308.0,404.0,5082.0,0.0,3143620.0,54894.0,117600.0
2003,0.0,0.0,921549.0,70390.0,0.0,0.0,1109300.0,13616.0,0.0,1689660.0,1682380.0,300958.0,112970.0,407441.0,17200.0,,84620.0,74198.0,898200.0,415.0,0.0,119310.0,,1946304.0,2203.0,39581.0,4755030.0,0.0,2030.0,19603.0,0.0,2000.0,10775002.0,168349.0,2443815.0,60378420.0,13950.0,27100.0,57000.0,59500.0,1100.0,230380.0,2080.0,26940.0,52600.0,388200.0,,0.0,28499.0,2583927.0,5685250.0,0.0,810.0,446960.0,63225.0,390900.0,74551.0,61139.0,23250.0,0.0,2452885.0,200667.0,459940.0,5673689.0,137690.0,0.0,1732100.0,80.0,16323.999,30000.0,2641500.0,63528.0,100994.0,0.0,47100.0,500.0,1780.0,472.0,125000.0,131641.0,210.0,220.0,59404.0,700.0,0.0,0.0,0.0,79572.0,22400.0,793790.0,3949550.0,10391207.0,576118.0,643269.0,64767.0,23213.0,88000.0,607135.0,8234.0,46900.0,10319300.0,503488.0,152790.0,171159.0,116296.0,2121259.0,5270.0,1584725.0,515.0,12393.0,217000.0,3150.0,600.0,225427.0,8670.0,487085.0,28600.0,347768.0,,397940.0,0.0,172100.0,314900.0,0.0,47785.0,3130.0,197500.0,0.0,113076.0,,9357.0,0.0,42992.0,24604.0,0.0,2617.0,18092.0,111640.0,1531937.0,348.0,0.0,10005.0,80500.0,50.0,244031.0,6370.0,10.0,319275.0,115000.0,162549.0,0.0,2024880.0,1000.0,136.0,,,239288.0,16432.0,89420.0,,234962300.0,,253900.0,39727.0,791539.0,329578.0,60750.0,7366000.0,0.0,1044819.94,2254200.0,36604.0,8823.0,0.0,10700.0,531600.0,16636150.0,129953.0,0.0,,32000.0,0.0,0.0,30843.0,9869.0,13251.0,0.0,3000.0,0.0,,,0.0,14150.0,750916.0,53690.0,10966900.0,136967.0,,4900.0,179880.0,0.0,14970.0,37999.0,2363500.0,113160.0,0.0,0.0,0.0,1000.0,80700.0,183356.0,575593.0,0.0,553040.0,297880.0,4731600.0,734030.0,23461200.0,1637209.0,0.0,134.0,814458.0,0.0,2268677.0,421.0,5078.0,0.0,3143620.0,54841.0,116400.0
2004,0.0,0.0,914822.0,70390.0,0.0,0.0,1120400.0,14608.0,0.0,1757980.0,1681940.0,299264.0,112970.0,407288.0,17600.0,,90060.0,73874.0,886600.0,430.0,0.0,119310.0,,1974872.0,2214.0,41088.0,5122640.0,0.0,2270.0,19624.0,0.0,2000.0,11237966.0,167232.0,2499040.0,62227810.0,13950.0,29100.0,57100.0,59500.0,1100.0,251940.0,1970.0,27240.0,54600.0,403600.0,,0.0,28812.0,2581886.0,5688000.0,0.0,810.0,446960.0,69950.0,406200.0,76018.0,61782.0,24000.0,0.0,2473400.0,201526.0,500050.0,5850072.0,141760.0,0.0,1780800.0,80.0,16021.999,30000.0,2652000.0,64734.0,117992.0,0.0,47800.0,500.0,1780.0,505.99997,125000.0,132678.0,210.0,220.0,66872.0,700.0,0.0,0.0,0.0,78896.0,23200.0,793790.0,3983400.0,10732276.0,585184.0,685802.0,65086.0,24654.0,88000.0,611010.0,8242.0,46900.0,10315400.0,495054.0,152790.0,173102.0,121758.0,2137572.0,5410.0,1586300.0,490.0,13254.0,217000.0,3150.0,600.0,222626.0,8670.0,494040.0,28800.0,356324.0,,415820.0,0.0,177800.0,329200.0,0.0,50460.0,3130.0,245000.0,0.0,140528.0,,9466.0,0.0,44656.0,25722.0,0.0,2626.0,18086.0,109520.0,1500076.0,364.0,0.0,10060.0,83000.0,50.0,242398.0,7740.0,10.0,321180.0,115000.0,170842.0,0.0,2024800.0,1000.0,148.0,,,242814.0,16536.0,103560.0,,240091900.0,,253900.0,42036.0,817022.0,332574.0,60750.0,7366000.0,0.0,1041350.0,2249600.0,38632.0,8914.0,0.0,10700.0,532800.0,17061400.0,131104.0,0.0,,32000.0,0.0,0.0,30244.0,10542.0,13508.0,0.0,3000.0,0.0,,,0.0,14150.0,749528.0,55620.0,11183200.0,134906.0,,4900.0,182240.0,0.0,15360.0,39332.0,2489000.0,113160.0,0.0,0.0,0.0,1000.0,80700.0,185408.0,582224.0,0.0,553040.0,307720.0,4743800.0,769040.0,23761600.0,1667932.0,0.0,142.0,839424.0,0.0,2385046.0,438.0,5074.0,0.0,3143620.0,54788.0,115200.0
2005,0.0,0.0,908095.0,70390.0,0.0,0.0,1131500.0,15600.0,0.0,1826300.0,1681500.0,297570.0,112970.0,407135.0,18000.0,,95500.0,73550.0,875000.0,445.0,0.0,119310.0,,2003440.0,2225.0,42595.0,5490250.0,0.0,2510.0,19645.0,0.0,2000.0,11700930.0,166115.0,2554265.0,64077200.0,13950.0,31100.0,57200.0,59500.0,1100.0,273500.0,1860.0,27540.0,56600.0,419000.0,,0.0,29125.0,2579845.0,5690750.0,0.0,810.0,446960.0,76675.0,421500.0,77485.0,62425.0,24750.0,0.0,2493915.0,202385.0,540160.0,6026455.0,145830.0,0.0,1829500.0,80.0,15720.0,30000.0,2662500.0,65940.0,134990.0,0.0,48500.0,500.0,1780.0,540.0,125000.0,133715.0,210.0,220.0,74340.0,700.0,0.0,0.0,0.0,78220.0,24000.0,793790.0,4017250.0,11073345.0,594250.0,728335.0,65405.0,26095.0,88000.0,614885.0,8250.0,46900.0,10311500.0,486620.0,152790.0,175045.0,127220.0,2153885.0,5550.0,1587875.0,465.0,14115.0,217000.0,3150.0,600.0,219825.0,8670.0,500995.0,29000.0,364880.0,,433700.0,0.0,183500.0,343500.0,0.0,53135.0,3130.0,292500.0,0.0,167980.0,,9575.0,0.0,46320.0,26840.0,0.0,2635.0,18080.0,107400.0,1468215.0,380.0,0.0,10115.0,85500.0,50.0,240765.0,9110.0,10.0,323085.0,115000.0,179135.0,0.0,2024720.0,1000.0,160.0,,,246340.0,16640.0,117700.0,,245221500.0,,253900.0,44345.0,842505.0,335570.0,60750.0,7366000.0,0.0,1037880.0,2245000.0,40660.0,9005.0,0.0,10700.0,534000.0,17486650.0,132255.0,0.0,,32000.0,0.0,0.0,29645.0,11215.0,13765.0,0.0,3000.0,0.0,,,0.0,14150.0,748140.0,57550.0,11399500.0,132845.0,,4900.0,184600.0,0.0,15750.0,40665.0,2614500.0,113160.0,0.0,0.0,0.0,1000.0,80700.0,187460.0,588855.0,0.0,553040.0,317560.0,4756000.0,804050.0,24062000.0,1698655.0,0.0,150.0,864390.0,0.0,2501415.0,455.0,5070.0,0.0,3143620.0,54735.0,114000.0
2006,0.0,0.0,901368.0,70390.0,0.0,0.0,1142600.0,16592.0,0.0,1894620.0,1681060.0,295876.0,112970.0,406982.0,18400.0,,100940.0,73226.0,863400.0,460.0,0.0,119310.0,,2032008.0,2236.0,44102.0,5857860.0,0.0,2750.0,19666.0,0.0,2000.0,12163894.0,164998.0,2609490.0,65926590.0,13950.0,33100.0,57300.0,59500.0,1100.0,295060.0,1750.0,27840.0,58600.0,434400.0,,0.0,29438.0,2577804.0,5693500.0,0.0,810.0,446960.0,83400.0,436800.0,78952.0,63068.0,25500.0,0.0,2514430.0,203244.0,580270.0,6202838.0,149900.0,0.0,1878200.0,80.0,15418.0,30000.0,2673000.0,67146.0,151988.0,0.0,49200.0,500.0,1780.0,574.0,125000.0,134752.0,210.0,220.0,81808.0,700.0,0.0,0.0,0.0,77544.0,24800.0,793790.0,4051100.0,11414414.0,603316.0,770868.0,65724.0,27536.0,88000.0,618760.0,8258.0,46900.0,10307600.0,478186.0,152790.0,176988.0,132682.0,2170198.0,5690.0,1589450.0,440.0,14976.0,217000.0,3150.0,600.0,217024.0,8670.0,507950.0,29200.0,373436.0,,451580.0,0.0,189200.0,357800.0,0.0,55810.0,3130.0,340000.0,0.0,195432.0,8000.0,9684.0,0.0,47984.0,27958.0,0.0,2644.0,18074.0,105280.0,1436354.0,396.0,0.0,10170.0,88000.0,50.0,239132.0,10480.0,10.0,324990.0,115000.0,187428.0,0.0,2024640.0,1000.0,172.0,,,249866.0,16744.0,,,250351100.0,,253900.0,46654.0,867988.0,338566.0,60750.0,7366000.0,0.0,1034410.06,2240400.0,42688.0,9096.0,0.0,10700.0,535200.0,17911900.0,133406.0,0.0,,32000.0,0.0,0.0,29046.0,11888.0,14022.0,0.0,3000.0,0.0,123840.0,,0.0,14150.0,746752.0,59480.0,11615800.0,130784.0,,4900.0,186960.0,0.0,16139.999,41998.0,2740000.0,113160.0,0.0,0.0,0.0,1000.0,80700.0,189512.0,595486.0,0.0,553040.0,327400.0,4768200.0,839060.0,24362400.0,1729378.0,0.0,158.0,889356.0,0.0,2617784.0,472.0,5066.0,0.0,3143620.0,54682.0,112800.0
2007,0.0,0.0,894641.0,70390.0,0.0,0.0,1153700.0,17584.0,0.0,1962940.0,1680620.0,294182.0,112970.0,406829.0,18800.0,,106380.0,72902.0,851800.0,475.0,0.0,119310.0,,2060575.9,2247.0,45609.0,6225470.0,0.0,2990.0,19687.0,0.0,2000.0,12626858.0,163881.0,2664715.0,67775976.0,13950.0,35100.0,57400.0,59500.0,1100.0,316620.0,1640.0,28140.0,60600.0,449800.0,,0.0,29751.0,2575763.0,5696250.0,0.0,810.0,446960.0,90125.0,452100.0,80419.0,63711.0,26250.0,0.0,2534945.0,204103.0,620380.0,6379221.0,153970.0,0.0,1926900.0,80.0,15116.0,30000.0,2683500.0,68352.0,168986.0,0.0,49900.0,500.0,1780.0,608.0,125000.0,135789.0,210.0,220.0,89276.0,700.0,0.0,0.0,0.0,76868.0,25600.0,793790.0,4084950.0,11755483.0,612382.0,813401.0,66043.0,28977.0,88000.0,622635.0,8266.0,46900.0,10303700.0,469752.0,152790.0,178931.0,138144.0,2186511.0,5830.0,1591025.0,415.0,15837.0,217000.0,3150.0,600.0,214223.0,8670.0,514905.03,29400.0,381992.0,,469460.0,0.0,194900.0,372100.0,0.0,58485.0,3130.0,387500.0,0.0,222884.0,8000.0,9793.0,0.0,49648.0,29076.0,0.0,2653.0,18068.0,103160.0,1404493.0,412.0,0.0,10225.0,90500.0,50.0,237499.0,11850.0,10.0,326895.0,115000.0,195721.0,0.0,2024560.0,1000.0,184.0,,,253392.0,16848.0,,,255480720.0,,253900.0,48963.0,893471.0,341562.0,60750.0,7366000.0,0.0,1030939.94,2235800.0,44716.0,9187.0,0.0,10700.0,536400.0,18337150.0,134557.0,0.0,,32000.0,0.0,0.0,28447.0,12561.0,14279.0,0.0,3000.0,0.0,137980.0,,0.0,14150.0,745364.0,61410.0,11832100.0,128723.01,,4900.0,189320.0,0.0,16530.0,43331.0,2865500.0,113160.0,0.0,0.0,0.0,1000.0,80700.0,191564.0,602117.0,0.0,553040.0,337240.0,4780400.0,874070.0,24662800.0,1760101.0,0.0,166.0,914322.0,0.0,2734153.0,489.0,5062.0,0.0,3143620.0,54629.0,111600.0
2008,0.0,0.0,887914.0,70390.0,0.0,0.0,1164800.0,18576.0,0.0,2031260.0,1680180.0,292488.0,112970.0,406676.0,19200.0,,111820.0,72578.0,840200.0,490.0,0.0,119310.0,,2089144.0,2258.0,47116.0,6593080.0,0.0,3230.0,19708.0,0.0,2000.0,13089822.0,162764.0,2719940.0,69625370.0,13950.0,37100.0,57500.0,59500.0,1100.0,338180.0,1530.0,28440.0,62600.0,465200.0,,0.0,30064.0,2573722.0,5699000.0,0.0,810.0,446960.0,96850.0,467400.0,81886.0,64353.996,27000.0,0.0,2555460.0,204962.0,660490.0,6555604.0,158040.0,0.0,1975600.0,80.0,14814.0,30000.0,2694000.0,69558.0,185984.0,0.0,50600.0,500.0,1780.0,642.0,125000.0,136826.0,210.0,220.0,96744.0,700.0,0.0,0.0,0.0,76192.0,26400.0,793790.0,4118799.8,12096552.0,621448.0,855934.0,66362.0,30418.0,88000.0,626510.0,8274.0,46900.0,10299800.0,461318.0,152790.0,180874.0,143606.0,2202824.0,5970.0,1592600.0,390.0,16698.0,217000.0,3150.0,600.0,211422.0,8670.0,521860.0,29600.0,390548.0,,487340.0,0.0,200600.0,386400.0,0.0,61160.0,3130.0,435000.0,0.0,250336.0,8000.0,9902.0,0.0,51312.0,30194.0,0.0,2662.0,18062.0,101040.0,1372632.0,428.0,0.0,10280.0,93000.0,50.0,235866.0,13220.0,10.0,328800.0,115000.0,204014.0,0.0,2024480.0,1000.0,196.0,,,256918.0,16952.0,,,260610320.0,,253900.0,51272.0,918954.0,344558.0,60750.0,7366000.0,0.0,1027470.0,2231200.0,46744.0,9278.0,0.0,10700.0,537600.0,18762400.0,135708.0,0.0,,32000.0,0.0,0.0,27848.0,13234.0,14536.0,0.0,3000.0,0.0,152120.0,,0.0,14150.0,743976.0,63340.0,12048400.0,126662.0,,4900.0,191680.0,0.0,16920.0,44664.0,2991000.0,113160.0,0.0,0.0,0.0,1000.0,80700.0,193616.0,608748.0,0.0,553040.0,347080.0,4792600.0,909080.0,24963200.0,1790824.0,0.0,174.0,939288.0,0.0,2850522.0,505.99997,5058.0,0.0,3143620.0,54576.0,110400.0
2009,0.0,0.0,881187.0,70390.0,0.0,0.0,1175900.0,19568.0,0.0,2099580.0,1679740.0,290794.0,112970.0,406523.0,19600.0,,117260.0,72254.0,828600.0,505.0,0.0,119310.0,,2117712.0,2269.0,48623.0,6960690.0,0.0,3470.0,19729.0,0.0,2000.0,13552786.0,161647.0,2775165.0,71474760.0,13950.0,39100.0,57600.0,59500.0,1100.0,359740.0,1420.0,28740.0,64600.0,480600.0,,0.0,30377.0,2571681.0,5701750.0,0.0,810.0,446960.0,103575.0,482700.0,83353.0,64997.0,27750.0,0.0,2575975.0,205821.0,700600.0,6731987.0,162110.0,0.0,2024300.0,80.0,14512.0,30000.0,2704500.0,70764.0,202982.0,0.0,51300.0,500.0,1780.0,676.0,125000.0,137863.0,210.0,220.0,104212.0,700.0,0.0,0.0,0.0,75516.0,27200.0,793790.0,4152650.0,12437621.0,630514.0,898467.0,66681.0,31859.0,88000.0,630385.0,8282.0,46900.0,10295900.0,452884.0,152790.0,182817.0,149068.0,2219137.0,6110.0,1594175.0,365.0,17559.0,217000.0,3150.0,600.0,208621.0,8670.0,528815.0,29800.0,399104.0,,505220.0,0.0,206300.0,400700.0,0.0,63835.0,3130.0,482500.0,0.0,277788.0,8000.0,10011.0,0.0,52976.0,31312.0,0.0,2671.0,18056.0,98920.0,1340771.0,444.0,0.0,10335.0,95500.0,50.0,234233.0,14590.0,10.0,330705.0,115000.0,212307.0,0.0,2024400.0,1000.0,208.0,,,260444.0,17056.0,,,265739900.0,,253900.0,53581.0,944437.0,347554.0,60750.0,7366000.0,0.0,1024000.0,2226600.0,48772.0,9369.0,0.0,10700.0,538800.0,19187650.0,136859.0,0.0,,32000.0,0.0,0.0,27249.0,13907.0,14793.0,0.0,3000.0,0.0,166260.0,,0.0,14150.0,742588.0,65269.996,12264700.0,124601.0,,4900.0,194040.0,0.0,17310.0,45997.0,3116500.0,113160.0,0.0,0.0,0.0,1000.0,80700.0,195668.0,615379.0,0.0,553040.0,356920.0,4804800.0,944090.0,25263600.0,1821547.0,0.0,182.0,964254.0,0.0,2966891.0,523.0,5054.0,0.0,3143620.0,54523.0,109200.0
2010,0.0,0.0,874460.0,70390.0,0.0,0.0,1187000.0,20560.0,0.0,2167900.0,1679300.0,289100.0,112970.0,406370.0,20000.0,,122700.0,71930.0,817000.0,520.0,0.0,119310.0,,2146280.0,2280.0,50130.0,7328300.0,0.0,3710.0,19750.0,0.0,2000.0,14015750.0,160530.0,2830390.0,73324150.0,13950.0,41100.0,57700.0,59500.0,1100.0,381300.0,1310.0,29040.0,66600.0,496000.0,,0.0,30690.0,2569640.0,5704500.0,0.0,810.0,446960.0,110300.0,498000.0,84820.0,65640.0,28500.0,0.0,2596490.0,206680.0,740710.0,6908370.0,166180.0,0.0,2073000.0,80.0,14210.0,30000.0,2715000.0,71970.0,219980.0,0.0,52000.0,500.0,1780.0,710.0,125000.0,138900.0,210.0,220.0,111680.0,700.0,0.0,0.0,0.0,74840.0,28000.0,793790.0,4186500.0,12778690.0,639580.0,941000.0,67000.0,33300.0,88000.0,634260.0,8290.0,46900.0,10292000.0,444450.0,152790.0,184760.0,154530.0,2235450.0,6250.0,1595750.0,340.0,18420.0,217000.0,3150.0,600.0,205820.0,8670.0,535770.0,30000.0,407660.0,,523099.97,0.0,212000.0,415000.0,0.0,66510.0,3130.0,530000.0,0.0,305240.0,8000.0,10120.0,0.0,54640.0,32430.0,0.0,2680.0,18050.0,96800.0,1308910.0,460.0,0.0,10390.0,98000.0,50.0,232600.0,15960.0,10.0,332610.0,115000.0,220600.0,0.0,2024320.0,1000.0,220.0,,,263970.0,17160.0,,,270869540.0,,253900.0,55890.0,969920.0,350550.0,60750.0,7366000.0,0.0,1020530.0,2222000.0,50800.0,9460.0,0.0,10700.0,540000.0,19612900.0,138010.0,0.0,,32000.0,0.0,0.0,26650.0,14580.0,15050.0,0.0,3000.0,0.0,180400.0,,0.0,14150.0,741200.0,67200.0,12481000.0,122540.0,,4900.0,196400.0,0.0,17700.0,47330.0,3242000.0,113160.0,0.0,0.0,0.0,1000.0,80700.0,197720.0,622010.0,0.0,553040.0,366760.0,4817000.0,979100.0,25564000.0,1852270.0,0.0,190.0,989220.0,0.0,3083260.0,540.0,5050.0,0.0,3143620.0,54470.0,108000.0
2011,0.0,0.0,867734.0,70390.0,0.0,,1206600.0,20352.0,0.0,2217880.0,1678340.0,295954.0,112970.0,412736.0,20400.0,0.0,128140.0,89158.0,818400.0,536.0,0.0,119310.0,0.0,2159404.0,2290.0,51494.0,7850220.0,0.0,3986.0,19854.0,0.0,2000.0,14418346.0,159366.0,2873466.0,74461370.0,13950.0,43100.0,57700.0,59500.0,1100.0,389840.0,1200.0,29340.0,68600.0,502400.0,0.0,0.0,30782.0,2566400.0,5705500.0,0.0,810.0,449558.0,115016.0,509600.0,93234.0,62196.0,30520.0,0.0,2601098.0,208184.0,786968.0,7000312.0,170250.0,0.0,2110400.0,80.0,14210.0,30000.0,2734200.0,71970.0,228074.0,0.0,52200.0,500.0,1780.0,744.0,125000.0,138900.0,210.0,220.0,115704.0,700.0,0.0,0.0,0.0,74840.0,28800.0,793592.0,4282880.0,12827752.0,643224.0,941000.0,67670.0,33956.0,88200.0,635336.0,8300.0,46900.0,10277200.0,439728.0,152790.0,187180.0,232478.0,2244624.0,6250.0,1613300.0,342.0,19280.0,217000.0,3150.0,600.0,214320.0,8670.0,545620.0,30000.0,413436.0,0.0,533840.0,0.0,213340.0,394400.0,0.0,69980.0,3130.0,536800.0,0.0,325396.0,8000.0,9626.0,0.0,56910.0,33548.0,0.0,2684.0,18040.0,94680.0,1388728.0,468.0,0.0,10390.0,100400.0,50.0,230966.0,20990.0,10.0,331068.0,113600.0,220600.0,0.0,2024476.0,1000.0,220.0,,,267802.0,17176.0,,,274638720.0,,253900.0,56988.0,987370.0,353548.0,60750.0,7366000.0,0.0,1017172.0,2228800.0,60346.0,9460.0,0.0,10700.0,623298.0,19658512.0,139208.0,0.0,,32000.0,0.0,0.0,26412.0,15254.0,15306.0,0.0,3000.0,0.0,187320.0,,0.0,14150.0,742328.0,62738.0,12630000.0,120478.0,0.0,4900.0,196400.0,0.0,17820.0,48664.0,3334000.0,113812.0,0.0,0.0,0.0,1000.0,80700.0,199394.0,637230.0,0.0,553040.0,376600.0,4828000.0,997480.0,25724000.0,1913016.0,0.0,204.0,1062094.0,0.0,3243874.0,558.0,5048.0,0.0,3143620.0,54224.0,108000.0
2012,0.0,0.0,861008.0,70390.0,0.0,,1226200.0,20144.0,0.0,2267860.0,1677380.0,302808.0,112970.0,419102.0,20800.0,0.0,133580.0,106386.0,819800.0,552.0,0.0,119310.0,0.0,2172528.0,2300.0,52858.0,8372139.5,0.0,4262.0,19958.0,0.0,2000.0,14820942.0,158202.0,2916542.0,75598580.0,13950.0,45100.0,57700.0,59500.0,1100.0,398380.0,1090.0,29640.0,70600.0,508800.0,0.0,0.0,30874.0,2563160.0,5706500.0,0.0,810.0,452156.0,119732.0,521200.0,101648.0,58752.0,32540.0,0.0,2605706.0,209688.0,833226.0,7092254.0,174320.0,0.0,2147800.0,80.0,14210.0,30000.0,2753400.0,71970.0,236168.0,0.0,52400.0,500.0,1780.0,778.0,125000.0,138900.0,210.0,220.0,119728.0,700.0,0.0,0.0,0.0,74840.0,29600.0,793394.0,4379260.0,12876814.0,646868.0,941000.0,68340.0,34612.0,88400.0,636412.0,8310.0,46900.0,10262400.0,435006.0,152790.0,189600.0,310426.0,2253798.0,6250.0,1630850.0,344.0,20140.0,217000.0,3150.0,600.0,222820.0,8670.0,555470.0,30000.0,419212.0,0.0,544580.0,0.0,214680.0,373800.0,0.0,73450.0,3130.0,543600.0,0.0,345552.0,8000.0,9132.0,0.0,59180.0,34666.0,0.0,2688.0,18030.0,92560.0,1468546.0,476.0,0.0,10390.0,102800.0,50.0,229332.0,26020.0,10.0,329526.0,112200.0,220600.0,0.0,2024632.0,1000.0,220.0,,,271634.0,17192.0,,,278407900.0,,253900.0,58086.0,1004820.0,356546.0,60750.0,7366000.0,0.0,1013814.0,2235600.0,69892.0,9460.0,0.0,10700.0,706596.0,19704124.0,140406.0,0.0,128200.0,32000.0,0.0,0.0,26174.0,15928.0,15562.0,0.0,3000.0,0.0,194240.0,187900.0,0.0,14150.0,743456.0,58276.0,12779000.0,118416.0,0.0,4900.0,196400.0,0.0,17940.0,49998.0,3426000.0,114464.0,0.0,0.0,0.0,1000.0,80700.0,201068.0,652450.0,0.0,553040.0,386440.0,4839000.0,1015860.0,25884000.0,1973762.0,0.0,218.0,1134968.0,0.0,3404488.0,576.0,5046.0,0.0,3143620.0,53978.0,108000.0
2013,0.0,0.0,854282.0,70390.0,0.0,,1245800.0,19936.0,0.0,2317840.0,1676420.0,309662.0,112970.0,425468.0,21200.0,0.0,139020.0,123614.0,821200.0,568.0,0.0,119310.0,0.0,2185652.0,2310.0,54222.0,8894060.0,0.0,4538.0,20062.0,0.0,2000.0,15223538.0,157038.0,2959618.0,76735790.0,13950.0,47100.0,57700.0,59500.0,1100.0,406920.0,980.0,29940.0,72600.0,515200.0,0.0,0.0,30966.0,2559920.0,5707500.0,0.0,810.0,454754.0,124448.0,532800.0,110062.0,55308.0,34560.0,0.0,2610314.0,211192.0,879484.0,7184196.0,178390.0,0.0,2185200.0,80.0,14210.0,30000.0,2772600.0,71970.0,244262.0,0.0,52600.0,500.0,1780.0,812.0,125000.0,138900.0,210.0,220.0,123752.0,700.0,0.0,0.0,0.0,74840.0,30400.0,793196.0,4475640.0,12925876.0,650512.0,941000.0,69010.0,35268.0,88600.0,637488.0,8320.0,46900.0,10247600.0,430284.0,152790.0,192020.0,388374.0,2262972.0,6250.0,1648400.0,346.0,21000.0,217000.0,3150.0,600.0,231320.0,8670.0,565320.0,30000.0,424988.0,0.0,555320.0,0.0,216020.0,353200.0,0.0,76920.0,3130.0,550400.0,0.0,365708.0,8000.0,8638.0,0.0,61450.0,35784.0,0.0,2692.0,18020.0,90440.0,1548364.0,484.0,0.0,10390.0,105200.0,50.0,227698.0,31050.0,10.0,327984.0,110800.0,220600.0,0.0,2024788.0,1000.0,220.0,,,275466.0,17208.0,,,282177100.0,,253900.0,59184.0,1022270.0,359544.0,60750.0,7366000.0,0.0,1010456.0,2242400.0,79438.0,9460.0,0.0,10700.0,789894.0,19749736.0,141604.0,0.0,128800.0,32000.0,0.0,0.0,25936.0,16602.0,15818.0,0.0,3000.0,0.0,201160.0,187900.0,0.0,14150.0,744584.0,53814.0,12928000.0,116354.0,0.0,4900.0,196400.0,0.0,18060.0,51332.0,3518000.0,115116.0,0.0,0.0,0.0,1000.0,80700.0,202742.0,667670.0,0.0,553040.0,396280.0,4850000.0,1034240.0,26044000.0,2034508.0,0.0,232.0,1207842.0,0.0,3565102.0,594.0,5044.0,0.0,3143620.0,53732.0,108000.0
2014,0.0,0.0,847556.0,70390.0,0.0,,1265400.0,19728.0,0.0,2367820.0,1675460.0,316516.0,112970.0,431834.0,21600.0,0.0,144460.0,140842.0,822600.0,584.0,0.0,119310.0,0.0,2198776.0,2320.0,55586.0,9415980.0,0.0,4814.0,20166.0,0.0,2000.0,15626134.0,155874.0,3002694.0,77873010.0,13950.0,49100.0,57700.0,59500.0,1100.0,415460.0,870.0,30240.0,74600.0,521599.97,0.0,0.0,31058.0,2556680.0,5708500.0,0.0,810.0,457352.0,129164.0,544400.0,118476.0,51864.0,36580.0,0.0,2614922.0,212696.0,925742.0,7276138.0,182460.0,0.0,2222600.0,80.0,14210.0,30000.0,2791800.0,71970.0,252356.0,0.0,52800.0,500.0,1780.0,846.0,125000.0,138900.0,210.0,220.0,127776.0,700.0,0.0,0.0,0.0,74840.0,31200.0,792998.0,4572020.0,12974938.0,654156.0,941000.0,69680.0,35924.0,88800.0,638564.0,8330.0,46900.0,10232800.0,425562.0,152790.0,194440.0,466322.0,2272146.0,6250.0,1665950.0,348.0,21860.0,217000.0,3150.0,600.0,239820.0,8670.0,575170.0,30000.0,430764.0,0.0,566060.0,0.0,217360.0,332600.0,0.0,80390.0,3130.0,557200.0,0.0,385864.0,8000.0,8144.0,0.0,63720.0,36902.0,0.0,2696.0,18010.0,88320.0,1628182.0,492.0,0.0,10390.0,107600.0,50.0,226064.0,36080.0,10.0,326442.0,109400.0,220600.0,0.0,2024944.0,1000.0,220.0,,,279298.0,17224.0,,,285946270.0,,253900.0,60282.0,1039720.0,362542.0,60750.0,7366000.0,0.0,1007098.0,2249200.0,88984.0,9460.0,0.0,10700.0,873192.0,19795348.0,142802.0,0.0,129399.99,32000.0,0.0,0.0,25698.0,17276.0,16073.999,0.0,3000.0,0.0,208080.0,187900.0,0.0,14150.0,745712.0,49352.0,13077000.0,114292.0,0.0,4900.0,196400.0,0.0,18180.0,52666.0,3610000.0,115768.0,0.0,0.0,0.0,1000.0,80700.0,204416.0,682890.0,0.0,553040.0,406120.0,4861000.0,1052620.0,26204000.0,2095253.9,0.0,246.0,1280716.0,0.0,3725716.0,612.0,5042.0,0.0,3143620.0,53486.0,108000.0
2015,0.0,0.0,840830.0,70390.0,0.0,,1285000.0,19520.0,0.0,2417800.0,1674500.0,323370.0,112970.0,438200.0,22000.0,0.0,149900.0,158070.0,824000.0,600.0,0.0,119310.0,0.0,2211900.0,2330.0,56950.0,9937900.0,0.0,5090.0,20270.0,0.0,2000.0,16028730.0,154710.0,3045770.0,79010216.0,13950.0,51100.0,57700.0,59500.0,1100.0,424000.0,760.0,30540.0,76600.0,528000.0,0.0,0.0,31150.0,2553440.0,5709500.0,0.0,810.0,459950.0,133880.0,556000.0,126890.0,48420.0,38600.0,0.0,2619530.0,214200.0,972000.0,7368080.0,186530.0,0.0,2260000.0,80.0,14210.0,30000.0,2811000.0,71970.0,260450.02,0.0,53000.0,500.0,1780.0,880.0,125000.0,138900.0,210.0,220.0,131800.0,700.0,0.0,0.0,0.0,74840.0,32000.0,792800.0,4668400.0,13024000.0,657800.0,941000.0,70350.0,36580.0,89000.0,639640.0,8340.0,46900.0,10218000.0,420840.0,152790.0,196860.0,544270.0,2281320.0,6250.0,1683500.0,350.0,22720.0,217000.0,3150.0,600.0,248320.0,8670.0,585020.0,30000.0,436540.0,0.0,576800.0,0.0,218700.0,312000.0,0.0,83860.0,3130.0,564000.0,0.0,406020.0,8000.0,7650.0,0.0,65990.0,38020.0,0.0,2700.0,18000.0,86200.0,1708000.0,500.0,0.0,10390.0,110000.0,50.0,224430.0,41110.0,10.0,324900.0,108000.0,220600.0,0.0,2025100.0,1000.0,220.0,,,283130.0,17240.0,,,289715500.0,,253900.0,61380.0,1057170.0,365540.0,60750.0,7366000.0,0.0,1003740.0,2256000.0,98530.0,9460.0,0.0,10700.0,956490.0,19840960.0,144000.0,0.0,130000.0,32000.0,0.0,0.0,25460.0,17950.0,16330.0,0.0,3000.0,0.0,215000.0,187900.0,0.0,14150.0,746840.0,44890.0,13226000.0,112230.0,0.0,4900.0,196400.0,0.0,18300.0,54000.0,3702000.0,116420.0,0.0,0.0,0.0,1000.0,80700.0,206090.0,698110.0,0.0,553040.0,415960.0,4872000.0,1071000.0,26364000.0,2156000.0,0.0,260.0,1353590.0,0.0,3886330.0,630.0,5040.0,0.0,3143620.0,53240.0,108000.0
2016,0.0,0.0,834100.0,70390.0,0.0,,1315000.0,19310.0,0.0,2422400.0,1673900.0,293620.0,112970.0,438200.0,19000.0,0.0,155400.0,158070.0,817000.0,620.0,0.0,119310.0,0.0,2193080.0,2340.0,60240.0,10023100.0,0.0,5210.0,20380.0,0.0,2000.0,16454740.0,153560.0,3056080.0,80245340.0,13950.0,53100.0,57700.0,59500.0,1100.0,427400.0,650.0,30840.0,78600.0,535000.0,0.0,0.0,32270.0,2550080.0,5709500.0,0.0,810.0,454070.0,158130.0,521000.0,123720.0,44980.0,39400.0,0.0,2583740.0,214220.0,1018260.0,7368080.0,190600.0,0.0,2295000.0,80.0,14210.0,30000.0,2815000.0,71970.0,267940.0,0.0,54000.0,500.0,1780.0,910.0,125000.0,138900.0,210.0,220.0,135820.0,700.0,0.0,0.0,0.0,74830.0,32000.0,789660.0,5423700.0,13072000.0,660010.0,951100.0,73870.0,37040.0,85000.0,640710.0,8350.0,46900.0,10201000.0,420820.0,152790.0,199280.0,556210.0,2277720.0,6250.0,1701050.0,350.0,23580.0,217000.0,3150.0,600.0,248620.0,8670.0,595920.0,30000.0,442320.0,0.0,591900.0,0.0,218800.0,312000.0,0.0,87160.0,3130.0,566000.0,30.0,418380.0,8000.0,5350.0,0.0,65990.0,39130.0,0.0,2700.0,17990.0,84100.0,1728790.0,520.0,0.0,10390.0,112500.0,50.0,222800.0,46140.0,10.0,326240.0,108000.0,220600.0,0.0,2025860.0,800.0,220.0,,,286960.0,17240.0,,,292197200.0,,253900.0,62750.0,1064390.0,368530.0,60750.0,7366000.0,0.0,1000440.0,2256000.0,109960.0,9460.0,0.0,10700.0,895070.0,19360530.0,146000.0,0.0,130000.0,32000.0,0.0,0.0,25220.0,18620.0,16580.0,0.0,3000.0,0.0,277140.0,187900.0,0.0,14150.0,747230.0,45250.0,13213000.0,110170.0,0.0,4900.0,196400.0,0.0,18600.0,55340.0,3669000.0,116420.0,0.0,0.0,0.0,1000.0,80700.0,207760.0,701090.0,0.0,553040.0,425800.0,4849000.0,1098000.0,26364000.0,2182400.0,0.0,280.0,1354510.0,0.0,4135540.0,630.0,5040.0,0.0,3143620.0,53010.0,108000.0
2017,0.0,0.0,827380.0,70390.0,0.0,,1344000.0,19100.0,0.0,2402600.0,1673300.0,296240.0,112970.0,438200.0,19000.0,0.0,160700.0,158070.0,807000.0,640.0,0.0,119310.0,0.0,2201960.0,2360.0,62570.0,9839700.0,0.0,5260.0,20490.0,0.0,2000.0,16881900.0,152400.0,3088240.0,81358080.0,13950.0,55100.0,57700.0,59500.0,1100.0,427400.0,540.0,31140.0,80600.0,532660.0,0.0,0.0,32599.998,2547420.0,5709500.0,10.0,810.0,443550.0,166100.0,506000.0,120540.0,44980.0,40600.0,0.0,2586640.0,215740.0,1064520.0,7368080.0,194670.0,0.0,2330000.0,80.0,14210.0,30000.0,2820000.0,71970.0,275430.0,0.0,55000.0,500.0,1780.0,950.0,125000.0,138900.0,210.0,220.0,139840.0,700.0,0.0,0.0,0.0,73270.0,32000.0,787360.0,4660300.0,13121590.0,662220.0,959610.0,77560.0,37710.0,85000.0,641780.0,8350.0,46900.0,10184000.0,420800.0,152790.0,201710.0,568150.0,2274120.0,6250.0,1718600.0,350.0,24440.0,217000.0,3150.0,600.0,248920.0,8670.0,604340.0,30000.0,448100.0,0.0,603200.0,0.0,218800.0,312000.0,0.0,90470.0,3130.0,568000.0,40.0,427090.0,8000.0,7680.0,0.0,67970.0,40240.0,0.0,2700.0,17980.0,82000.0,1720880.0,520.0,0.0,10390.0,115000.0,50.0,221170.0,51170.0,10.0,327580.0,108000.0,220600.0,0.0,2047630.0,700.0,220.0,,,290800.0,17240.0,,,293879800.0,,253900.0,64050.004,1069770.0,371530.0,60750.0,7366000.0,0.0,997150.0,2256000.0,121380.0,9460.0,0.0,10700.0,895070.0,18880100.0,147000.0,0.0,130000.0,32000.0,0.0,0.0,24990.0,19290.0,16840.0,0.0,3000.0,0.0,151450.0,187900.0,0.0,14150.0,748540.0,45610.0,13392000.0,108110.0,0.0,4900.0,199400.0,0.0,18900.0,56680.0,3636000.0,116460.0,0.0,0.0,0.0,1000.0,80700.0,209440.0,702700.0,0.0,553040.0,435640.0,4851000.0,1119000.0,27521000.0,2203470.0,0.0,300.0,1355430.0,0.0,4178970.2,630.0,5040.0,0.0,3143620.0,52780.0,108000.0
2018,0.0,0.0,820650.0,70390.0,0.0,,1375000.0,18890.0,0.0,2390300.0,1672700.0,299350.0,112970.0,438200.0,20000.0,0.0,166200.0,158070.0,797000.0,660.0,0.0,119310.0,0.0,2190800.0,2370.0,62600.0,10503300.0,0.0,5260.0,20600.0,0.0,2000.0,17309060.0,151250.0,3120390.0,82470824.0,13950.0,57100.0,57700.0,59500.0,1100.0,427400.0,430.0,31440.0,82600.0,532660.0,0.0,0.0,32650.002,2544760.0,5709500.0,40.0,810.0,433060.0,174070.0,428000.0,117360.0,44980.0,40400.0,0.0,2587780.0,215740.0,1110780.0,7368080.0,198740.0,0.0,2364000.0,80.0,14210.0,30000.0,2829000.0,71970.0,282650.0,0.0,56000.0,500.0,1780.0,980.0,125000.0,138900.0,210.0,220.0,143860.0,800.0,0.0,0.0,0.0,71710.0,32000.0,790860.0,4615430.0,13170570.0,666220.0,976050.0,81440.0,38330.0,85000.0,642850.0,8360.0,46900.0,10184000.0,420790.0,152790.0,210710.0,580090.0,2270520.0,6250.0,1736150.0,350.0,25300.0,217000.0,3150.0,600.0,249210.0,8670.0,605000.0,30000.0,453880.0,0.0,613700.0,0.0,218800.0,312000.0,0.0,93770.0,3130.0,568000.0,40.0,427090.0,8000.0,7680.0,0.0,70010.0,41350.0,0.0,2700.0,17970.0,79900.0,1712960.0,530.0,0.0,10390.0,117500.0,50.0,219540.0,56200.0,10.0,328910.0,108000.0,220600.0,0.0,2052610.1,600.0,220.0,,,294630.0,17240.0,,,296500540.0,,253900.0,64620.004,1076000.0,374530.0,60750.0,7366000.0,0.0,993870.0,2256000.0,132810.0,9460.0,0.0,10700.0,895070.0,18880100.0,148000.0,0.0,130000.0,32000.0,0.0,0.0,24750.0,19970.0,17100.0,0.0,3000.0,0.0,139510.0,187900.0,0.0,14150.0,748540.0,45970.0,13565000.0,106050.0,0.0,4900.0,202400.0,0.0,19200.0,58020.0,3603000.0,116110.0,0.0,0.0,0.0,1000.0,80700.0,211120.0,707650.0,0.0,553040.0,445480.0,4853000.0,1140000.0,27521000.0,2224540.0,0.0,300.0,1356330.0,0.0,4235770.0,630.0,5040.0,0.0,3143620.0,52550.0,108000.0
2019,0.0,0.0,813920.0,70390.0,0.0,,1405000.0,18680.0,0.0,2390300.0,1672100.0,302460.0,112970.0,438200.0,22000.0,0.0,171600.0,158070.0,787000.0,680.0,0.0,119310.0,0.0,2205010.0,2380.0,62600.0,10863500.0,0.0,5260.0,20710.0,0.0,2000.0,17736230.0,150100.0,3152550.0,83583560.0,13950.0,59100.0,57700.0,59500.0,1100.0,427400.0,320.0,31740.0,84600.0,532660.0,0.0,0.0,32700.0,2542090.0,5709500.0,100.0,810.0,422550.0,182040.0,501000.0,114190.0,44980.0,41400.0,0.0,2588940.0,215740.0,1157040.0,7368080.0,202810.0,0.0,2399000.0,80.0,14210.0,30000.0,2838000.0,71970.0,289870.0,0.0,56000.0,500.0,1780.0,1020.0,125000.0,138900.0,210.0,220.0,147890.0,800.0,0.0,0.0,0.0,70150.0,32000.0,789820.0,4570570.0,13219600.0,670220.0,992490.0,85510.0,38940.0,85000.0,643920.0,8370.0,46900.0,10184000.0,420780.0,152790.0,219710.0,592030.0,2266920.0,6250.0,1753700.0,350.0,26170.0,217000.0,3150.0,600.0,249510.0,8670.0,608000.0,30000.0,459660.0,0.0,624200.0,0.0,218800.0,312000.0,0.0,97070.0,3130.0,568000.0,40.0,427090.0,8000.0,7680.0,0.0,72110.0,42460.0,0.0,2700.0,17960.0,77800.0,1705040.0,540.0,0.0,10390.0,120000.0,50.0,217900.0,61230.0,10.0,330250.0,108000.0,220600.0,0.0,2062000.0,500.0,220.0,,,298460.0,17240.0,,,299003940.0,,253900.0,65180.0,1082230.0,377520.0,60750.0,7366000.0,0.0,990600.0,2256000.0,144230.0,9460.0,0.0,10700.0,895070.0,18880100.0,149000.0,0.0,130000.0,32000.0,0.0,0.0,24510.0,20640.0,17350.0,0.0,3000.0,0.0,127590.0,187900.0,0.0,14150.0,748540.0,45330.0,13739000.0,103990.0,0.0,4900.0,205400.0,0.0,19500.0,59360.0,3570000.0,116760.0,0.0,0.0,0.0,1000.0,80700.0,212800.0,712460.0,0.0,553040.0,455320.0,4848000.0,1161000.0,27521000.0,2245610.0,0.0,300.0,1357240.0,0.0,4292570.0,630.0,5040.0,0.0,3143620.0,52320.0,108000.0
2020,0.0,0.0,807200.0,70390.0,0.0,,1436000.0,18470.0,0.0,2390300.0,1671500.0,305570.0,112970.0,438200.0,23000.0,0.0,177100.0,158070.0,777000.0,700.0,0.0,119310.0,0.0,2212000.0,2390.0,62600.0,11223600.0,0.0,5260.0,20820.0,0.0,2000.0,18163390.0,148950.0,3184700.0,84696296.0,13950.0,61100.0,57700.0,59500.0,1100.0,427400.0,210.0,32040.0,86600.0,532660.0,0.0,0.0,32750.0,2539430.0,5709500.0,200.0,810.0,412040.0,190010.0,510000.0,111010.0,44980.0,43400.0,0.0,2590100.0,215740.0,1203300.0,7368080.0,206880.0,0.0,2434000.0,80.0,14210.0,30000.0,2846000.0,71970.0,297100.0,0.0,57000.0,500.0,1780.0,1050.0,125000.0,138900.0,210.0,220.0,151920.0,800.0,0.0,0.0,0.0,68590.0,32000.0,788780.0,4525700.0,13269000.0,674220.0,1000890.0,89790.0,39560.0,85000.0,644990.0,8380.0,46900.0,10184000.0,420770.0,152790.0,228710.0,603970.0,2263320.0,6250.0,1771250.0,350.0,27030.0,217000.0,3150.0,600.0,249810.0,8670.0,611000.0,30000.0,465440.0,0.0,634600.0,0.0,218800.0,312000.0,0.0,100380.0,3130.0,568000.0,40.0,427090.0,8000.0,7680.0,0.0,74270.0,43570.0,0.0,2700.0,17950.0,75700.0,1697120.0,550.0,0.0,10390.0,122500.0,50.0,216270.0,66260.0,10.0,331580.0,108000.0,220600.0,0.0,2084480.0,500.0,220.0,,,302290.0,17240.0,,,301451140.0,,253900.0,65740.0,1088470.0,380520.0,60750.0,7366000.0,0.0,987340.0,2256000.0,155660.0,9460.0,0.0,10700.0,895070.0,18880100.0,150000.0,0.0,130000.0,32000.0,0.0,0.0,24270.0,21310.0,17610.0,0.0,3000.0,0.0,115830.0,187900.0,0.0,14150.0,748540.0,45690.0,13912000.0,101930.0,0.0,4900.0,211400.0,0.0,19800.0,60700.0,3537000.0,117410.0,0.0,0.0,0.0,1000.0,80700.0,214480.0,717340.0,0.0,553040.0,465160.0,4848000.0,1182000.0,27521000.0,2266680.0,0.0,300.0,1358150.0,0.0,4349370.0,630.0,5040.0,0.0,3143620.0,52090.0,108000.0
2021,0.0,0.0,800473.3,70390.0,0.0,,1466333.2,18260.0,0.0,2390300.0,1670900.0,308680.0,112970.0,438200.0,24666.701,0.0,182533.3,158070.0,767000.0,720.0,0.0,119310.0,0.0,2223803.2,2400.0,62600.0,11583767.0,0.0,5260.0,20930.0,,2000.0,18590556.0,147800.0,3216856.8,85809040.0,13950.0,63100.0,57700.0,59500.0,1100.0,427400.0,10.0,32340.0,88600.0,532660.0,0.0,0.0,32800.0,2536763.2,5709500.0,273.3,810.0,401530.0,197980.0,561666.7,107836.7,44980.0,44733.3,0.0,2591260.0,215740.0,1249560.0,7368080.0,210950.0,0.0,2469000.0,80.0,14210.0,30000.0,2854666.8,71970.0,304323.3,0.0,57333.3,500.0,1780.0,1086.7,125000.0,138900.0,210.0,220.0,155950.0,800.0,28000.0,0.0,0.0,67030.0,32000.0,787740.0,4480837.0,13318153.0,678220.0,1014650.0,93930.0,40170.0,85000.0,646060.0,8390.0,46900.0,10184000.0,420760.0,152790.0,237710.0,615910.0,2259720.0,6250.0,1788800.0,350.0,27896.7,217000.0,3150.0,600.0,250110.0,8670.0,614000.0,30000.0,471220.0,0.0,645066.7,0.0,218800.0,312000.0,0.0,103683.3,3130.0,568000.0,40.0,427090.0,8000.0,7680.0,0.0,76390.0,44680.0,0.0,2700.0,17940.0,73600.0,1689200.0,560.0,0.0,10390.0,125000.0,50.0,214633.3,71290.0,10.0,332916.7,108000.0,220600.0,0.0,2098233.5,433.3,220.0,,,306120.0,17240.0,,,303963680.0,,253900.0,66300.0,1094703.2,383513.3,60750.0,7366000.0,0.0,984073.3,2256000.0,167083.3,9460.0,0.0,10700.0,895070.0,18880100.0,151000.0,0.0,130000.0,32000.0,0.0,0.0,24030.0,21980.0,17863.3,0.0,3000.0,0.0,103963.305,187900.0,0.0,14150.0,748540.0,45383.3,14085667.0,99870.0,0.0,4900.0,215400.0,0.0,20100.0,62040.0,3504000.0,118060.0,0.0,0.0,0.0,1000.0,80700.0,216160.0,722173.25,0.0,553040.0,475000.0,4844666.5,1203000.0,27521000.0,2287750.0,0.0,300.0,1359060.0,0.0,4406170.0,630.0,5040.0,0.0,3143620.0,51860.0,108000.0
2022,0.0,0.0,793751.1,70390.0,0.0,,1497111.1,18050.0,0.0,2390300.0,1670300.0,311790.0,112970.0,438200.0,25888.9,0.0,188011.1,158070.0,757000.0,740.0,0.0,119310.0,0.0,2232397.8,2410.0,62600.0,11943889.0,0.0,5260.0,21040.0,0.0,2000.0,19017718.0,146650.0,3249008.8,86921784.0,13950.0,65100.0,57700.0,59500.0,1100.0,427400.0,10.0,32640.0,90600.0,532660.0,0.0,0.0,32850.0,2534101.0,5709500.0,364.4,810.0,391020.0,205950.0,584888.94,104658.9,44980.0,46511.1,0.0,2592420.0,215740.0,1295820.0,7368080.0,215020.0,0.0,2504000.0,80.0,14210.0,30000.0,2862889.0,71970.0,311551.1,0.0,58111.098,500.0,1780.0,1118.8999,125000.0,138900.0,210.0,220.0,159980.0,800.0,37333.3,0.0,0.0,65470.0,32000.0,786700.0,4435969.0,13367471.0,682220.0,1024836.7,98163.3,40790.0,85000.0,647130.0,8400.0,46900.0,10184000.0,420750.0,152790.0,246710.0,627850.0,2256120.0,6250.0,1806350.0,350.0,28758.9,217000.0,3150.0,600.0,250410.0,8670.0,617000.0,30000.0,477000.0,0.0,655488.9,0.0,218800.0,312000.0,0.0,106991.09,3130.0,568000.0,40.0,427090.0,8000.0,7680.0,0.0,78536.695,45790.0,0.0,2700.0,17930.0,71500.0,1681280.0,570.0,0.0,10390.0,127500.0,50.0,213001.1,76320.0,10.0,334248.9,108000.0,220600.0,0.0,2117804.5,411.1,220.0,,,309950.0,17240.0,,,306432800.0,,253900.0,66860.0,1100941.0,386511.1,60750.0,7366000.0,0.0,980811.1,2256000.0,178511.1,9460.0,0.0,10700.0,895070.0,18880100.0,152000.0,0.0,130000.0,32000.0,0.0,0.0,23790.0,22650.0,18121.1,0.0,3000.0,0.0,92167.805,187900.0,0.0,14150.0,748540.0,45521.098,14258889.0,97810.0,0.0,4900.0,220733.31,0.0,20400.0,63380.0,3471000.0,118710.0,0.0,0.0,0.0,1000.0,80700.0,217840.0,727037.75,0.0,553040.0,484840.0,4843555.5,1224000.0,27521000.0,2308820.0,0.0,300.0,1359970.0,0.0,4462970.0,630.0,5040.0,0.0,3143620.0,51630.0,108000.0
