Date,ALB,ARE,ARG,ARM,ATG,AUS,AUT,AZE,BEL,BGR,BHR,BHS,BIH,BLR,BLZ,BRA,BRB,BRN,CAN,CHE,CHL,COL,CPV,CRI,CUB,CYP,CZE,DEU,DMA,DNK,DOM,ECU,EGY,ESP,EST,FIN,FJI,FRA,GBR,GEO,GLP,GRC,GRD,GTM,GUF,GUY,HKG,HRV,HUN,IRL,IRN,IRQ,ISL,ISR,ITA,JAM,JOR,JPN,KAZ,KGZ,KNA,KOR,KWT,LBN,LCA,LKA,LTU,LUX,LVA,MDA,MDV,MEX,MKD,MLT,MNE,MNG,MTQ,MUS,MYS,MYT,NIC,NLD,NOR,NZL,OMN,PAN,PER,PHL,POL,PRI,PRT,PRY,QAT,REU,ROU,RUS,SAU,SGP,SLV,SRB,STP,SUR,SVK,SVN,SWE,SYC,SYR,THA,TJK,TKM,TTO,TUR,UKR,URY,USA,UZB,VCT,VEN,ZAF
1950,,,,,,3.2575748,,,,,,,,,,,,,3.1149778,,,,,,,,,,,,,,,,,,,3.6873887,2.7168314,,,,,,,,,,,2.3237326,,,,,,,,6.1692433,,,,,,,,,,,,,,,,,,,,,,,,3.4003704,,2.9528866,,,,,,,,,,,,,,,,,,,,,,,,,,,,,,,3.2648194,,,,
1951,,,,,,3.0945861,,,,,,,,,,,,,2.8042152,4.0859227,,,,,,,,,,4.2098055,,,,4.9077187,,,,3.6873887,2.6231618,,,,,,,,,,,2.1919682,,,2.3580787,,4.1754594,,,6.276654,,,,,,,,,,,,,,,,,,,,,,,,3.2256393,2.660802,2.8296878,,,,,,,,,,,,,,,,,,,,,3.7135203,,,,,,2.7642694,,,,3.272993,,,,
1952,,,,,,2.9780507,,,,,,,,,,,,,2.8090513,4.1302705,,,,,,,,,,4.2170825,,,,5.3052197,,2.3472736,,4.3136864,2.8166313,,,,,,,,,,,2.3671842,,,2.9574862,,4.443592,,,6.554712,,,,,,,,,,,,,,,,,,,,,,,,3.2742875,2.7589118,2.6354783,,,,,,,,,,,,,,,,,,,,,3.8157315,,,,,,2.7253406,,,,3.3199317,,,,
1953,,,,,,3.0091784,,,,,,,,,,,,,2.8787653,4.1341276,,3.78056,,,,,,,,4.1423125,,,,4.459903,,2.4095178,,4.5103436,2.706247,,,,,,,,,,,2.2578127,,,1.7889087,,4.2920513,,,6.341103,,,,,,,,,,,,,,,,,,,,,,,,3.2563221,2.646769,2.83317,,,,,,,,,,,,,,,,,,,,,3.7539718,,,,,,3.759295,,,,3.3266976,,,,
1954,,,,,,3.0499358,,,2.948597,,,,,,,,,,2.9738195,4.3369374,,5.8072047,,,,,,,,4.14943,,,,4.4790936,,2.3718016,,4.7839704,2.7890732,,,,,,,,,,,2.2710004,,,3.1015038,,4.48996,,,6.4043765,,,,,,,,,,,,,,,,,,,,,,,,3.2788954,2.705947,3.051494,,,,,,,,,,,,,,,,,,,,,3.9490077,,,,,,3.3201118,,,,3.3927019,,,,
1955,,,,,,3.130333,5.22619,,2.9114516,,,,,,,,,,2.9347503,4.0503516,4.6093597,5.622656,,,,,,,,4.044753,,,,4.4066424,,2.4461122,,5.00375,2.706254,,,,,,,,2.9314594,,3.1262777,2.2877505,,,2.5477707,,4.6631994,,,6.351628,,,,,,,,1.9084859,,,,,,5.324375,,,,,,,,,,3.2336168,2.6736314,3.1053317,,3.7801542,,,,,4.379122,,,,,,,,,,,,,,3.9382813,,,,,,3.2430983,,,3.7285173,3.3993864,,,2.05633,
1956,,,,,,2.9586005,5.409795,,2.9183257,,,,,,,,,,2.912224,4.12619,4.966805,4.997558,,,,,,,,3.9252336,,,,4.355014,,2.849172,,5.0646715,2.644231,,,,,,,,2.8932905,,3.1303966,2.2441757,,,3.8161318,,4.382474,,,6.2439613,,,,,,,,1.8330078,,,,,,5.2587185,,,,,,,,,,3.122301,2.6083186,3.2240047,,3.8314176,,,,,4.3546987,,,,,,,,,,,,,,3.8515775,,,,,,3.3632288,,,3.7834575,3.397879,,,2.1409562,
1957,,,,,,3.0063682,5.0695424,,3.0229971,,,,,,,,,,2.8606155,4.030079,4.222674,4.881724,,,,,,,,3.894081,,,,4.20594,,2.9159815,,4.964324,2.5913396,,,,,,,,3.2443044,,3.2244682,2.4132202,,,2.6793432,,4.5135174,,,5.8741837,,,,,,,,1.6656066,,,,,,4.792242,,,,,,,,,,3.3975592,2.5621727,3.4320774,,3.7999766,,,,,3.9839268,,,,,,,,,,,,,,3.547011,,,,,,3.267884,,,3.6153457,3.4000397,,,2.1257322,
1958,,,,,,3.109062,5.2419167,,3.034389,,,,,,,,,,3.005155,4.157789,4.5957494,5.1934295,,,,,,,,3.8955727,,,,4.5517783,,2.8867202,,4.8496704,2.4602675,,,,,,,,3.1202843,,3.4976397,2.2541463,,,2.918455,,4.526863,,,6.151224,,,,,,,,1.6880472,,,,,,5.0102715,,,,,,,,,,3.3168993,2.6512878,2.8077435,,4.214234,,,,,4.027598,,,,,,,,,,,,,,3.6079645,,,,,,3.2244785,,,3.7215745,3.3938026,,,2.0931633,
1959,,,,,,2.8751738,5.346141,,3.1683874,,,,,,,,,,2.9975772,4.307367,4.933803,4.9045997,,,,,,,,3.6813018,,,,4.565269,,2.8485334,,4.9346375,2.4114237,,,,,,,,3.4482758,,3.4106662,2.1902287,,,2.415459,,4.7488675,,,5.9549346,,,,,,,,1.64145,,,,,,5.818746,,,,,,,,,,3.43199,2.4526935,3.0575538,,3.3450904,,,3.045993,,3.7451153,,,,3.4502883,,,,,,,,,,3.4772673,,,,,,,,,3.533614,3.4184887,,,2.2947958,
1960,,,,,,2.779662,5.4306216,,3.0033877,,,,,,,,2.8208745,,3.184841,4.0561295,4.893911,4.626383,,,,,,,,3.8506444,,,,4.760162,,2.9348946,,5.054335,2.4946628,,,,,,,,3.5100548,,3.4336371,2.1310472,,,2.8277636,,4.792569,3.5193074,,5.8127737,,,,,,,,1.8417767,,,,,,5.7653184,,,,,,,,,,3.1365018,2.5105245,2.7331035,,4.053893,,,3.4264634,,3.8923447,,,,4.039945,,,,,,,,,,3.510314,,,,,,3.7378933,,,3.8144796,3.4430854,,,2.3355567,
1961,,,,,4.5725646,2.729286,5.7019134,,3.0780017,,,,,,,,2.6141078,,3.1308296,4.2702537,4.928406,4.763342,,3.0947974,,,,,2.1276596,3.5973217,,,,4.9158716,,2.814162,,5.4029417,2.3795958,,,4.6079273,,,,,3.4370496,,3.578467,1.9819924,,,3.125,,5.0794635,3.6567323,,5.819643,,,,,,,,1.8113235,,,,,,5.99552,,,,,,2.0906994,,,,3.137973,2.5935822,2.6168396,,4.0189686,,,3.2433405,3.9484138,3.9381464,,,,4.1355844,,,,,,,,,,3.7060702,,,,,,3.511111,,,,3.5207303,,,2.4140916,
1962,,,,,2.4691358,2.5997446,5.5209455,,3.0224018,,,,,,,,2.457467,,3.0362077,4.282993,6.063832,4.554535,,2.6148605,,,,,2.269289,3.3573036,,,,4.723388,,2.5274544,,5.1689186,2.3749669,,,4.5436788,,,,,3.5234487,,3.2547357,2.2341745,,,2.5080905,,4.996524,,,5.571301,,,,,,,,1.7733448,,,,,,6.194063,,,,,,1.9604743,,,,3.0066912,2.4826622,2.5406458,,3.874984,,,3.1141434,4.368024,4.156343,,,,3.9691699,,,,,,,,,,3.8962898,,,,,,3.9597833,,,,3.5624914,,,2.4463942,
1963,,,,,3.8327527,2.4427257,5.362583,,2.8898714,,,,,,,,2.535885,,3.1275659,4.281528,6.574222,4.2318172,,2.9887483,,,,,,3.5108032,,,,4.8192554,,2.7731493,,5.295184,2.2710183,,,4.4871507,,2.2113676,,,4.0589843,,3.5145338,2.0979435,,,2.2607386,,4.92276,,,5.788124,,,,,,,,1.8129656,,,,,,5.9689994,,,,,,2.3550453,,,,3.0751877,2.616011,2.6677372,,3.3516421,,3.1403105,3.692757,4.3458214,3.9934294,,,,4.0810957,,,3.6910124,,,,3.0833333,,,3.7012818,,,,,,4.229154,,,3.822279,3.5247462,,,2.3786232,
1964,,,,,3.8461537,2.4892142,5.7745194,,3.1280653,2.639619,,,,,3.0178328,,2.9149036,,3.2924237,4.506706,6.4726024,4.22593,,3.2602494,4.1899323,,,,,3.5739462,,,,5.0399747,,2.6369026,,5.5748744,2.3276553,,,4.5125237,,2.2203345,,,4.3898396,,3.4860656,2.0349371,,,2.2171254,,5.221712,,,5.725284,,,,,,,,1.9546529,,,,,,6.287429,,,,,,2.6196635,,,,3.110117,2.462256,2.3139846,,3.927135,,3.232125,3.5143418,4.0935044,4.5356016,,,,4.083266,,,3.4538534,,,,2.9707296,,,3.8037593,,,,,,,,,3.9021356,3.5199225,,,2.4901683,
1965,,,,,,2.4279196,5.5657506,,3.2239559,2.7280872,,,,,2.6760564,,,,3.1999679,4.365672,5.6891584,4.026977,,3.2019916,,,,,,3.1931334,2.3579175,,1.9400636,5.1748834,,2.7522316,,5.585732,2.2621925,,,4.641068,,1.9844981,,,4.290335,,3.5063217,2.0168374,,,2.32378,,5.2084136,3.361051,,5.3903418,,,,,,,,2.0789726,,,,,,6.440718,,2.3992002,,,,2.051444,,,,3.0971375,2.6389558,2.4939065,,3.7872684,,3.198856,3.625748,4.195409,4.6771092,,,,3.84839,,,3.6220016,,,,3.4062235,,,3.7688315,,,,,,,,,3.798797,3.5258317,,,2.4302874,
1966,,,5.168526,,2.8455284,2.3660383,5.905512,,3.4554937,2.6533656,,,,,1.9430052,,2.9324055,,3.25564,4.318687,6.2438526,3.948212,,3.567976,,,,,,3.2283561,2.5894756,4.772049,2.0443544,5.228036,,2.6637275,,5.890995,2.238122,,,4.732595,,2.149814,,,4.155747,,3.7550397,1.8796457,,,2.3723938,,5.3638964,,,5.523151,,,,,,,,1.9762971,,,,,,6.493831,,,,,,1.8206238,,,,3.1626804,2.6381562,2.111195,,3.5932055,,3.4284766,3.76312,4.78693,4.8177605,,,,3.8832607,,,3.1273692,,,,3.6059806,,,3.9048953,,,,,,3.470255,,,3.8412035,3.5741103,,,2.6673818,
1967,,,5.1294136,,,2.2754936,5.625642,,3.38246,2.4325266,,,,,0.86313194,,2.4914508,,3.2831392,4.2544703,7.0877476,3.9610186,,3.629392,,,,,3.219697,3.0374613,2.728013,4.941955,2.347323,5.3572536,,2.6147523,,5.9957848,2.2358968,,,4.769712,,2.1758368,,,4.531107,,3.7295718,2.1146498,,,2.5270758,,5.458106,2.9841657,,5.587506,,,,,,,,2.184872,,4.886856,,,,6.451613,,3.0230978,,,,2.430078,,,,3.0763988,2.294566,2.1906378,,3.7816067,,3.3922865,3.6248763,,4.8217416,,,,3.5432565,,,3.5603278,,,,,,,3.9319153,,,,,,3.394834,,,3.9646578,3.6283782,,,2.6142423,
1968,,,5.1529913,,,2.3569794,5.7679086,,3.6437116,2.4717357,,,,,2.1008403,,3.1295843,,3.2814171,4.2510543,7.722327,4.0382533,,3.2479115,3.926187,,,,1.3961606,3.1972933,2.737659,7.39258,,5.7954187,,2.7636461,,5.8217015,2.416166,,,5.0007505,,2.1241233,4.4386425,,4.8099823,,3.5369384,2.0297372,,,2.739726,,5.463497,,,5.857943,,,,,,,3.3163266,2.214893,,4.8638134,,,,16.518513,,2.8095734,,,,2.497895,,,,3.154616,2.378677,2.264552,,3.0518394,,3.5120409,3.746595,,4.474916,,,,3.4502332,,,3.7828054,,,,,,,3.8021617,,,,,,3.4148397,,,3.9290388,3.8194232,,,2.813913,
1969,,,5.5428867,,3.1707318,2.336238,5.8836045,,3.483826,2.4668572,,,,,1.9893899,,2.6673377,,3.4568253,4.589497,7.1799717,3.806912,,3.526166,3.4175441,,,,2.6536312,3.3936133,2.782191,8.425363,,5.765743,,2.5453596,,5.7861795,2.4350414,,,5.0163593,,2.9609976,18.138424,,5.7664585,,3.5059447,1.9950199,,,2.2068965,,5.700862,,,5.8405533,,,4.830918,,,,,,,4.427956,,,,5.938076,,4.0013227,,,,2.9869323,,,,3.1464016,2.2977896,2.14809,,3.2683077,,3.6249194,3.696404,5.646166,4.443653,,,,3.7535098,,,3.9272869,,,,,,,3.8448613,,,3.3876374,,,,,,3.6929445,3.846326,,,2.9932013,
1970,,,5.17974,,3.649635,2.341483,5.7499065,,3.2968144,2.7381802,,,,,2.6348808,,2.8100774,,3.4329095,4.562891,6.5423374,,,3.7291377,3.3593125,,,,2.5728989,3.1679556,3.0732195,7.073312,30.050604,5.7586465,,2.8672454,,5.9944897,2.3294706,,,4.79266,,2.9612195,7.0422535,,5.26544,,3.7879481,2.0720773,,,2.6080987,,5.9173355,,,5.699883,,,3.2786884,,,,,,,4.06641,,,,5.589759,,3.1270359,,,6.146572,2.7425492,,,,3.0095148,2.2673864,2.141707,,2.806846,,,4.068231,6.012168,4.480466,,,,3.7753227,,,4.2075996,,,,,,,4.038839,,,4.1643777,,,4.1690626,,,4.0166416,3.8732846,,2.303523,3.0139024,
1971,,,,,3.6231885,2.297334,5.855097,,3.3213081,2.31387,,,,,3.5598705,,2.866861,,3.5409992,4.3107023,7.3246036,,,3.5650117,3.3040786,,,,2.8700907,3.1499448,3.1781256,4.027791,24.406796,5.6559105,,2.5242507,,6.0756392,2.4051356,,,4.5245805,,1.9581777,3.3412888,,5.100479,,3.7940314,2.0821574,,,2.398401,,5.9542255,,,5.6924477,,,4.5558085,,,,,,,4.815993,,,,5.9252973,,2.8802588,,,7.373272,2.8809218,,,,3.176619,2.3421667,2.0568514,,2.444963,,,3.8124511,5.654762,4.7543774,,,,3.7754881,,,4.086857,,,,7.537879,,,4.1083474,,,3.6260362,,,3.8614423,,,3.9900424,3.8517969,,1.7735335,2.9393814,
1972,,,,,2.857143,2.4444244,5.7415314,,3.4268973,2.3023736,,8.0,,,2.5411062,,3.0360532,,3.6148584,4.597355,8.67942,2.99788,,3.6296637,3.334884,,,,3.6832414,3.1678064,2.9994917,4.1334376,27.186794,5.831962,,2.6570213,,6.220787,2.4070463,,,4.560299,,,3.5264482,,4.932608,,3.8977737,2.1814373,,,1.3130615,,6.300732,,,5.6908145,,,2.9574862,,2.868161,,3.0895984,,,5.288695,,,,5.8067307,,3.2202215,,,,2.3824162,,,,3.1529548,2.4177778,2.3555036,,3.2318347,,,4.1213946,6.0336666,4.874052,,,,3.8773823,,,4.0183997,,,,,,,4.2271953,,,4.198234,,,3.7095616,,,3.9796603,3.807033,,2.247191,3.0361123,
1973,,,,,3.4482758,2.619516,5.864091,,3.3140528,2.398429,,,,,1.5444015,,3.9179106,,3.7161894,4.474469,7.015472,,,4.133168,3.3825893,,,,2.016129,3.1401014,3.3334594,4.1492705,25.604807,5.461615,,2.6606772,,6.320719,2.468299,,,4.1662374,,,3.649635,,5.3136706,,4.0286627,2.2461395,,,2.440678,,6.123731,,,5.6051736,,,5.142857,,,,3.8095238,,,4.6194353,,,,6.0512295,,3.7074149,,,,3.3256705,,,,3.136915,2.2949097,2.4752865,,2.8998146,,,3.9096208,6.56904,4.3359356,,,,3.6466086,,,3.8003356,,,,,,,4.240237,,,4.5653167,,,4.150592,,,3.9140527,3.8060763,,,2.7213552,
1974,,,,,4.233871,2.5985687,6.0620837,,3.4754088,2.5070684,,,,,3.190014,,3.8807383,,3.7027712,4.556495,6.7548923,2.8897092,,4.247267,3.296911,,,,2.584493,3.045873,3.7461019,3.831793,27.953543,5.4874268,,2.719581,,6.185217,2.5491526,,5.3727612,4.130899,,5.7326746,4.4155846,,5.0582952,,4.148121,2.2307494,,,2.6086957,,6.198747,,,5.658189,,,2.9411764,,,,,,,5.317164,,,,6.2659316,,3.8979447,,,7.142857,3.68108,,,,3.2402747,2.308433,2.6688843,,2.9839158,,,3.8890593,6.172396,5.070388,,,,4.0217266,,,3.863286,,,,,,,4.0681305,,,3.8306575,,,4.1542587,,,3.687206,3.783884,,1.8156425,2.7940001,
1975,,,,,3.6717062,2.7224112,5.8610387,,3.5143394,2.4495966,,5.168986,,,3.042877,,2.939759,,3.7511365,4.046563,6.8857675,2.9477024,,4.3057723,3.2282119,,,,3.118503,3.0964277,3.7234251,4.5356293,25.139542,5.4773436,,2.7318542,,6.2934866,2.5560133,,,3.8974986,,5.4243164,4.7029705,,4.6246047,,4.1486783,2.278962,,,2.6912181,2.9390244,6.010506,,,5.657328,,,,,3.2021766,,3.6130536,,,4.182857,,,,6.3153625,,4.320372,,,6.0730596,3.7892923,,,,3.1185982,2.5286438,2.8429224,,3.1289544,,,3.818172,6.3021026,5.934488,,,,3.8731787,,,3.6952913,,,,6.0674157,,,4.181311,,,5.3320847,,,4.3049717,,,3.8489575,3.7182515,,,2.8159947,
1976,,,,,4.07332,2.7373917,5.484549,,3.4490607,2.5297685,,,,,1.1481056,,3.7131882,,3.7393196,3.800683,6.8535943,3.002611,,4.104318,3.031735,,,,3.7383177,2.8895712,3.8447762,,26.362139,5.6042166,,2.396184,,6.2863255,2.5001543,,,3.901342,,2.9894018,4.7244096,,4.993747,,4.4071383,2.3646564,,,1.8615041,2.6778278,6.0421567,,,5.5089793,,,,,2.7461917,,3.5107589,,,4.117516,,,,5.8699174,,3.6709275,,,,4.04989,,,,2.951404,2.5934951,2.632613,,3.3457682,,,3.8772335,6.238375,5.6847696,,,,3.7701406,,,3.2972693,,,,3.8951023,,,4.160095,,,4.743462,,,4.006497,,,3.769332,3.6403344,,,2.8225596,
1977,,,4.860457,,2.6209676,2.851365,5.9122095,,3.3344576,2.5783684,,,,,2.5032938,,3.3410673,,3.659745,3.8520968,7.791572,3.062726,,4.3561244,3.3275552,,,,3.6893203,3.0614686,4.014555,4.251902,25.71521,5.526223,,2.4866745,,6.307101,2.524487,,,3.83403,,3.0701222,6.4102564,4.5215025,4.829703,,4.4421387,2.2181256,,,2.4390244,2.8616087,6.054758,3.2754114,,5.437388,,,3.7848606,,2.4231129,,5.140759,2.328531,,4.7994094,,,,6.1560116,,2.9810297,,,,4.3209877,,,,2.8812006,2.4608276,2.5417855,,3.3474364,,,3.8197064,6.3181705,5.345902,,,,3.926013,,,3.1961179,,,,3.3386328,,,3.9224803,,,4.676856,,,4.3496103,,,3.4544764,3.6181884,,1.5424165,3.0265121,
1978,,,4.6089206,,3.482587,2.7761126,5.4334846,,3.2473047,2.6188545,,,,,2.5258324,,4.292683,,3.7656307,3.8480196,8.590866,,,4.57971,3.1629329,,,,4.0865383,2.8867,4.3196263,4.229607,24.142635,5.4393644,,2.2890136,3.1479218,6.0848465,2.449575,,,3.7591128,,2.31726,8.351178,,4.3514423,,4.6288567,2.28147,,,2.1815622,2.7591143,6.012899,,,5.481869,,,3.6480687,,2.5931928,,,,,4.7334447,,,,6.5976024,,2.6035502,,,,5.1875,,,,3.1289604,2.6252396,2.4961505,,3.7061548,,,3.6985087,,4.6135936,,,,4.0029078,,,2.9757957,,,,3.8095238,,,3.6489758,,,4.590165,,,4.879836,,,3.6135983,3.5133014,,2.560647,3.3503518,
1979,,,4.9249554,,,3.1022446,5.5525365,,3.7764487,2.747794,,6.774194,,,2.4577572,3.2899864,3.8533835,,3.9593775,3.7960804,7.994284,,,4.1671224,3.4185245,,,,2.631579,3.0716033,4.5075126,4.0616503,26.609152,5.45701,,2.6129186,,6.715516,2.7625275,,,4.3066387,,2.1999493,0.2283105,4.5286503,3.999389,,4.8381557,2.650203,,,2.1592443,2.9494164,6.1480217,,,5.5260243,,,,,3.3214002,,6.2352943,,,4.9812264,,,,7.0053244,,3.1341822,,,,4.618868,,,,3.572158,2.7022483,2.6287787,,3.9411263,,,3.773433,7.0399766,4.371738,,,,,,,3.064089,,,,4.1553397,,,3.4812212,,,4.5630436,,,4.929178,,,,3.769122,,2.1645021,3.6656036,
1980,,,4.8460345,,,3.3166199,5.61974,,3.7550535,2.4961715,,8.085431,,,2.9447854,3.3850737,4.17495,,4.0956883,3.8005314,8.142722,,3.5949144,4.5939827,3.3924124,,,,4.9095607,3.053326,4.339116,3.9863205,24.557068,6.0153313,,2.6194594,,6.5195656,2.8268273,,,4.1211247,,2.0123317,,,4.3436403,,4.8419385,2.6260755,,,2.1456437,2.9910953,5.9609385,3.757416,,5.399965,,,,,3.5279806,,5.3240743,2.336849,,5.200774,1.8785046,,,7.13934,,3.0596788,,,,3.7995512,,,,3.4302015,2.890663,2.5029976,,3.869833,,,3.6110485,7.0399766,4.9236083,,,,4.3467197,2.6786084,,2.9435291,,,,4.4155846,,,3.4293807,,,4.222688,,,4.849454,,,3.8057876,3.779297,,,3.557019,
1981,,,5.195036,4.015847,,3.2751393,5.421121,4.4267797,3.698196,2.7147663,,5.3024025,,2.3932743,,3.373034,3.9936101,,4.1273704,3.5055134,8.283838,,,4.304783,3.5121934,,,,3.235294,2.940338,4.62353,3.9137483,,5.831567,2.196305,2.4636185,,6.39339,2.8957071,3.9648778,5.882353,3.9600747,,2.4613926,,,4.3170075,,5.180406,2.626864,,,2.5966184,2.5519447,5.9282107,3.5361633,,5.4077544,4.042191,3.7680376,,,2.9072254,,4.7449584,2.058069,2.3581326,5.6971154,2.2249923,9.212557,,7.37193,,2.4545743,,,5.3168635,3.9818864,,,,3.567502,2.6782517,2.4893625,,4.2627883,,,3.591114,7.185913,5.212114,,,,4.6644554,2.7014616,,2.9949436,,,,4.9893394,,,3.179398,,,4.5058327,2.6740842,3.8660934,4.500952,,2.8275864,3.9011846,3.746396,4.269354,,3.7649665,
1982,,,5.1994944,3.680806,,3.4233067,5.321933,4.2689257,3.7801971,2.8775687,,,,2.2421143,3.8406827,3.410278,3.5403366,,3.9865146,3.582528,8.577394,,,4.0466843,3.4967275,,,,3.6945813,3.0173821,4.9268494,4.052142,,5.998151,2.0902028,2.5469232,,6.2260633,2.86873,3.648149,,3.898315,,,,,4.6295934,,5.1109357,2.5880396,,,2.969046,2.5216477,5.7242465,3.1947403,,5.2460866,3.7614946,3.9288895,,,2.2435896,,,2.0944452,2.3829908,5.1628466,2.1354933,9.508843,,7.988491,,3.9728682,,,3.8075092,5.1213784,,,,3.6550007,2.7548609,2.5521588,,3.8197002,,,3.475389,6.7613,5.214422,,,,4.762181,2.7126048,,3.1019776,,,,4.6276817,,,2.870977,,,4.738442,3.3850186,3.7441628,4.5936394,,2.8375783,3.9121153,3.6784542,4.31781,2.7894003,3.734249,
1983,,,5.1019754,,3.2051282,3.2973819,5.2385507,,3.719663,2.8684113,,7.246377,,,2.7816412,3.4604585,3.1,,3.8874626,3.4120088,8.883753,,,4.23028,3.5836704,,,,1.1594203,2.8315816,4.668073,4.1266623,,5.71506,,2.5637646,,6.0751715,2.7839437,,,3.71691,,,,,4.340114,,5.4533343,2.4169092,,,2.2988505,2.4601135,5.662467,3.3196542,,5.146357,,,,,2.320086,,4.5283017,2.3262656,,4.8762913,2.1837978,,,8.191355,,2.649626,,,,4.7453337,,,,3.633631,2.7212012,2.5570037,,3.659254,,,3.4772232,6.654206,5.2694387,,,,4.6564226,2.7647147,,3.0255256,,,,,,,2.8584647,,,4.3786025,,,4.426186,,,3.754434,3.5965216,,2.857143,4.049527,
1984,,,4.8905096,,,3.3315094,5.303733,,3.813708,3.0546544,,5.7067604,,,3.3121018,3.496583,2.6147015,,3.775743,3.4333298,8.7117815,3.6774087,,4.138556,3.5333858,,,,1.8735363,3.1088357,4.9192524,4.250913,,5.8535314,,2.4550753,,6.044167,3.0110805,,,3.7241082,,2.5354664,,11.692114,4.292416,,5.607018,2.77466,,,2.777778,2.8340225,5.9475274,3.429155,,5.125181,,,,,1.8926057,,,2.087863,,5.270864,2.152308,,,8.077775,,3.1410038,,,,4.2543244,,,,3.5180116,2.8252037,2.714415,,4.012121,,,3.4353476,6.6031656,5.0767794,,,,4.8438373,2.7014306,,2.8037384,,,4.874086,4.8034935,,,2.7313826,,,4.5041327,,,4.8215885,,,3.9546516,3.6194038,,3.5410764,,
1985,,,4.7060595,3.671927,4.282116,3.3317487,5.0670924,4.6083355,3.7110705,3.0636833,2.7347312,4.853621,4.3085,2.178068,,3.6421323,3.5489666,,3.7391837,3.2475705,7.9677424,3.7188125,,3.7739446,3.5852864,,,,3.4334764,3.2697406,5.1357565,4.595768,,5.750131,2.326423,2.647637,,5.704476,3.072514,3.9304054,,3.4784575,3.4482758,,,,4.3101068,4.9532332,5.4493475,2.5441847,,,2.2974608,2.6543937,5.8651605,3.5714285,,5.062058,3.5090625,3.7455153,,9.005208,2.5265393,,,2.4651082,2.1751895,4.8529415,2.0224786,10.788931,,8.107082,,3.259005,,,5.5607476,4.797489,,,,3.4391706,2.8463895,2.8525686,,3.8038037,,,3.2603853,6.2737155,4.959985,,,,4.843718,2.6763003,,2.9519742,,,4.834123,4.879121,,6.6837916,2.620914,2.7777777,,4.5622153,5.2539515,3.3013804,4.896586,,2.6772008,3.8344362,3.5852938,3.5417585,3.2258065,3.6342556,
1986,,,4.683659,3.735188,4.5454545,3.452076,4.9591713,4.2100387,3.6326637,3.1526637,,,3.9138944,2.1588058,3.303685,3.7576191,3.014354,,3.7269845,3.157807,7.440901,3.559373,,4.3640537,3.6313248,,3.612695,,3.9014373,3.371584,5.5972695,4.813863,,5.809357,2.0682752,2.7648602,,5.552122,3.0864112,3.7947102,,3.2653108,,3.5731516,,,4.0991163,4.648241,5.472197,2.5664608,,,2.3779724,2.475096,5.655211,3.3739533,,4.9944043,3.5048552,3.6963174,3.6319613,9.058202,2.0762036,,4.368359,2.6100461,2.221415,4.982561,2.33976,9.879566,,8.031299,,2.621461,,,,4.938085,,,,3.447533,2.9565337,2.783528,,4.137777,,,3.1553268,6.58086,5.10811,,,,5.1054344,2.6101236,,2.5431,,,,5.5944057,,6.487512,2.5710855,3.8152611,,4.4880176,8.623761,3.3303428,3.7797117,,2.6619482,3.913527,3.5313659,3.1222346,4.8465266,3.7202306,
1987,3.8843358,,4.811432,3.806965,1.0256411,3.4272025,4.9077225,3.7425673,3.6480565,3.0052326,2.2307203,6.0319767,4.233885,2.0536222,2.628121,3.870719,3.2095368,,3.7447352,3.2918284,6.475432,3.6299744,,4.772153,3.6463375,,3.6316056,,2.4175825,3.439744,5.5168433,4.873272,4.8142166,5.9021583,2.1445374,3.2885277,,5.4373174,3.0980442,3.5677285,,3.0557415,,4.040419,,,4.035758,4.932178,5.59954,2.5505493,,,2.4941995,2.6159213,5.443427,3.0869567,,4.914454,3.4631822,3.4676602,3.966597,8.626272,2.1226966,,3.891892,,2.1859848,4.698647,2.236392,9.543362,,7.793446,,2.1312585,,,,4.5281873,,,,3.4640217,3.1896687,2.6649654,,4.107633,,,3.1673121,6.2881002,5.008227,,,,5.144601,2.6266906,,2.4981017,,,4.970179,3.95189,,6.9415736,3.0595295,2.5742574,,4.5478354,8.583013,3.7049475,3.588279,,2.6018653,4.026374,3.5534396,3.5326393,4.066265,4.043659,
1988,3.7167835,,4.6815763,1.9681165,3.3057852,3.498508,4.765622,3.6306202,3.8000708,3.0954044,3.1516743,,4.17456,2.0356283,,3.8856738,4.3238273,,3.657683,3.1790001,6.4552965,3.5193279,,4.879386,3.426351,,3.757538,,2.1226416,3.4144013,5.878072,5.017826,,5.7513685,2.2586384,3.4956203,,5.38658,3.1190214,3.807,,2.727066,3.9682539,4.4695787,,6.4411836,4.099379,5.4113045,5.613316,2.827739,,,2.310231,2.7111323,5.51438,2.9604423,,4.75351,3.3759398,3.795602,5.591398,8.38407,,,3.2768362,,2.0770805,4.504735,2.3626661,9.300449,,7.8388767,,2.8529627,,,,4.79176,,,,3.5356748,2.9843185,2.8459883,,3.6772544,,,3.2228487,5.5380816,4.9065514,,,,4.903896,2.5518892,,2.7832565,,,,5.0,,6.838858,3.1336558,,,,6.291391,3.927957,3.6460927,,2.5415955,4.0420713,3.5219111,3.8102875,,4.198272,
1989,3.6820958,,4.6073804,3.222558,4.3373494,3.4015234,5.021161,4.1507635,3.789968,3.1430657,,,4.150347,2.090279,2.9569893,3.9340835,3.8645246,,3.7378578,2.8760552,7.8644986,3.5586383,,5.29584,3.59285,,3.779345,,2.0120723,3.55849,5.7618985,4.8824806,,5.7426815,2.3359947,3.55798,,5.2348175,3.1976502,3.725811,,2.7545297,3.480589,4.710145,,6.8101687,4.3928647,4.9306626,6.1778226,2.6657531,,,2.0991254,2.743177,5.5742846,2.912223,,4.7857327,3.254522,4.0281167,3.960396,8.680216,,,3.3256881,,2.1415465,5.176705,2.1851215,9.228929,,7.6712275,,3.185438,,,,4.534984,,,,3.6305807,3.0945382,2.8250258,,3.99707,,,3.152899,5.668655,4.641447,,,,5.009179,2.5708716,,2.581976,,,,3.61135,,6.159944,3.3400657,,,,3.623297,4.2196383,3.8840861,,2.6012754,4.3077545,3.5397444,3.9113367,,4.1867914,
1990,,,4.3602705,3.3965352,4.9504952,3.3847706,4.9076576,4.612438,3.7136273,3.028322,,,3.9081566,2.0642076,2.3357663,3.8763697,3.6251106,,3.6437416,2.8538258,7.7772393,3.527168,,4.6894245,3.874196,,3.8887942,4.5343995,2.9296875,3.4676263,5.98733,5.209391,,5.6594486,2.3910706,3.6875837,,5.146703,3.2513294,3.6870172,,2.3621378,1.6688062,3.9130673,,6.4985647,4.1752295,4.8647304,6.18907,2.6745298,,,1.701878,2.8990047,5.326756,2.5961223,,4.620842,3.2068455,3.9568346,3.0172415,8.105023,,,5.345912,,2.1705232,4.9569526,2.2406068,9.460957,,7.867481,,3.9497972,,,,4.2456956,,,,3.588617,2.9321692,3.031217,,,,,3.0895376,5.5916777,4.474616,,,,4.723861,2.5666776,,2.6927783,5.3146257,,,4.027171,,5.788197,3.1458242,,,4.110696,3.1102362,4.558338,4.306979,,2.5692422,4.001986,3.4991062,4.165295,2.8315947,4.2754683,
1991,,,4.3520374,3.6196005,2.9629629,3.426426,4.9527736,4.319398,3.790723,2.765728,,,3.9146023,2.1561275,3.0997305,4.073704,3.245614,,3.7378304,2.9185426,7.058321,3.3520272,,5.239508,3.9981034,,3.76056,4.723647,3.4749036,3.5014668,6.0886464,5.2706575,4.530527,5.579953,2.2318032,3.808867,,5.078476,3.2442923,3.5653577,,2.6094787,2.7181687,4.5859857,,5.8914046,4.1883173,4.9350743,6.3447347,2.7123735,,,2.505568,2.9776754,5.1333165,2.6652358,,4.632097,3.2807717,4.1965065,5.0125313,7.7697034,,,3.9258451,,2.2139323,4.412533,2.4095693,9.611359,,8.347445,2.1502469,3.586351,,,,4.7248716,,,,3.6373289,2.8490474,3.0728576,,,,,3.043191,5.727742,4.740277,,,,4.7708135,2.5423844,,2.9202168,5.3993206,,,5.404157,,6.3392673,3.1263165,,,3.9663775,2.9908972,4.3608365,3.881836,,2.6673353,,3.4827092,4.3447895,,,
1992,3.3646595,,4.291321,3.4424007,4.2352943,3.1893773,5.064813,4.3915095,3.7236085,2.975055,,,,2.1367228,,4.128617,3.2135308,,3.675681,3.0352156,6.3031445,3.373613,,5.720114,4.05794,,3.6854832,4.728142,2.8268552,3.655072,5.5112367,5.096388,4.889075,5.5659623,2.1415086,3.921608,,5.0027804,3.3548868,3.6179419,,2.8575501,2.6645768,4.9669056,,5.2870092,4.108108,4.5598454,7.2899094,2.696324,,,2.6178012,2.8025324,5.0189323,,,4.5819554,3.3804147,3.9982588,1.5424165,8.051477,,,3.5051546,,2.4532626,4.8969073,2.2325714,8.990703,,8.568316,2.1782548,2.862069,,,,5.0684533,,,,3.803306,2.711463,2.9355645,,,,4.3247523,3.1712074,5.362097,4.787418,,,,5.000095,2.6958556,,2.4439766,5.6845875,,,4.8754635,5.117646,6.0518284,3.3812323,,,3.714681,2.9821885,4.0423136,4.0782843,,2.7203898,,3.4930844,4.3107386,,4.2634263,
1993,3.6781056,,4.1433125,3.770909,4.8140044,3.1013014,4.931105,4.4310627,3.9588482,2.9496074,,5.5517,,2.0242095,2.8083029,4.1628957,3.5935564,,3.6869485,3.031418,6.2010727,3.453367,,6.1623087,4.237817,,3.5156746,4.712071,3.3807828,3.5918758,,5.0216384,,5.4136333,2.4711077,3.7273653,,4.9135485,3.1924992,,,2.8834212,2.8885832,5.1482334,,5.2724857,4.500629,4.6749005,7.965709,2.8555431,,,2.1106675,3.0121212,5.146597,,,4.5422363,3.1909518,3.8768,2.5445292,8.209842,1.8308631,,3.9874082,,2.2122455,4.775281,2.3248107,8.477553,,8.952261,1.9626708,3.6404161,,,,4.838488,,,,3.6213217,2.7818887,2.7011135,,,,4.723651,3.1795413,5.5770044,4.681155,,,,5.40401,2.6461732,,2.5541158,5.0863357,,,,4.7640734,6.4411354,3.068519,,,,2.3618376,3.5994995,3.928693,,2.6955602,4.0489674,3.3830376,4.7489915,,4.254317,
1994,3.3836093,,4.216424,3.9996755,2.9017856,3.0539763,4.922909,4.257024,4.149242,3.164053,,2.9889538,,1.9038023,2.4901705,4.1704006,3.0340815,,3.7082825,3.0538661,6.8964148,3.5101562,,6.046267,3.98993,,3.8049636,4.8410635,3.0245748,4.2881227,5.732899,4.800156,,5.4375267,2.3230686,3.8508072,,4.9128304,3.3873136,3.8080585,,2.5928614,4.74359,5.136368,,4.902416,4.431305,4.836102,8.215727,2.840248,,,2.5626092,3.3308485,5.128657,,,4.5506907,3.1863554,4.125684,4.1975307,7.6249475,1.76097,,3.8947368,,2.3878155,4.856453,2.4355197,9.362649,,8.930123,1.9846554,4.447739,,8.060857,,4.9488525,,,,3.7626152,2.9313004,2.8787599,,,,4.788452,3.2694268,5.509264,4.427781,,,,5.6016326,2.8172398,,2.6532083,,,,,4.4294806,6.002376,3.2104976,,,3.475318,3.2170844,3.9292731,3.8752158,,2.6032178,4.2834425,3.3976395,4.882585,,4.175127,
1995,3.3626003,,4.2078214,3.6027696,4.3956046,3.027033,4.7208977,5.19202,4.104979,3.1307228,,4.2394013,,1.9801906,3.7593985,4.189235,3.6,,3.614052,3.5069177,7.3321366,3.5321608,,6.4571185,3.514377,,3.6654143,4.727738,2.739726,4.5021095,5.227371,5.199835,,5.3005686,2.5686576,3.9351242,,4.916312,3.436288,3.7915192,,2.5339963,2.6990554,5.3407817,,5.2336807,4.383012,4.6382775,8.128941,2.7744195,,,2.2360895,3.539097,4.834288,,,4.199584,3.3703606,4.6944413,4.9382715,7.37364,2.1422904,,3.2091098,,2.6332052,4.4594593,2.766433,9.420865,,8.914883,2.1300037,3.618907,,,,5.4124417,,,,3.7177076,2.8219204,2.736443,,,5.1833634,4.521197,3.2969508,5.437806,4.364098,,3.1,,5.695839,3.0776234,,2.6208422,5.479922,,,5.9283385,4.2841144,5.8888655,3.188774,,,3.229262,3.7316916,4.009043,3.494802,,2.8593957,4.141956,3.3242478,5.0445247,3.9473684,,
1996,2.8721561,,4.3043995,3.7136555,,3.029925,4.6131945,5.7584677,4.1084604,2.9558501,,2.9274783,,1.7923228,3.156708,4.294837,,2.3952096,3.505607,3.5662405,7.6134624,3.546275,,6.281712,3.497276,,3.6734586,4.750561,2.306425,3.9992094,5.692944,5.615679,,5.3666396,2.697161,4.0519924,,4.9373336,3.5966585,4.0855465,,2.527298,2.8081124,5.252565,,5.175639,4.33765,4.7989573,7.0027246,2.9253223,,,2.075572,3.4220095,4.7172976,,,4.177253,3.5638566,4.8261094,,6.9189587,2.1511018,,2.8938906,3.9205573,2.5736666,4.818963,2.7768066,8.901497,,8.865275,1.936247,3.9059675,,,,5.0745873,,,,3.7488823,2.9827638,2.7344162,,3.7777977,6.0577936,4.558562,3.2480233,5.1287203,4.4192095,,,,5.66645,2.9725552,,2.6894019,5.1722946,,,5.525164,4.202123,6.1117077,3.1284976,,,3.0355208,3.8751888,4.3854213,3.4982936,,2.8798134,3.8508518,3.345113,5.44159,3.3462033,4.135139,2.8215504
1997,2.3606477,,4.1866302,3.777361,,3.0669413,4.3999896,5.936841,4.3535647,2.7982702,5.4335895,4.3712573,,2.0563033,3.2340426,4.4097724,,2.2650056,3.5378454,3.6482186,7.465083,3.7066357,,6.262272,3.488282,,3.563826,4.741925,1.9493177,4.7763643,5.2528343,5.1465783,,5.2860913,3.0539696,4.1063833,,4.929863,3.6992693,3.6757877,,2.4393911,,5.099644,,4.5968056,4.2960467,4.651297,7.125952,3.1727936,,,2.4416711,3.4371018,4.647661,,,4.10148,3.678702,5.570353,,6.562509,2.140901,,4.3209877,3.5482717,2.7926986,4.779607,2.8211017,9.010203,,9.188001,2.0908654,3.3933518,,,,5.02693,,,,3.6904473,3.0753036,2.6583607,,3.43727,5.648736,4.7639956,,5.7072816,4.2840705,,,,6.097417,2.8524456,,2.3571885,5.7973504,,,5.238095,4.203438,5.7005496,3.001639,,,2.861274,4.0856843,5.131844,3.330785,,2.8479707,4.3573914,3.4166217,5.805681,4.441454,3.9771047,2.8479803
1998,2.2881768,,4.0249124,3.5372684,1.7738359,3.146249,4.4396787,5.7215056,4.2661786,2.7125814,4.30646,3.8851352,,2.038661,2.4444444,4.3824534,,2.586207,3.6805737,3.6057346,7.211832,3.8394644,,6.554256,3.6988332,,3.7963243,4.752564,3.8655462,4.8313503,5.202825,5.185881,,5.248661,3.3065927,4.041676,,4.9052157,3.8324974,3.4514263,,2.2957494,,5.365653,,5.449161,4.192808,4.86131,7.4451623,3.136584,,,2.800659,3.009228,4.619221,,,3.9578893,3.5933228,5.1740084,1.9512196,6.483067,1.8505338,,4.0414505,3.7318137,3.2387075,4.7822604,3.0204678,8.88733,,9.383693,2.1873147,3.5479631,,,,5.084303,,,,3.6761174,3.0765755,2.3547642,,3.5913,5.9878206,4.614552,,5.6829977,4.203652,,,,5.9896126,2.7991033,,2.6948988,5.585622,2.8890276,,5.217786,4.6467004,5.7671094,3.1304739,,1.590684,2.5271163,4.19024,4.8592405,3.4454129,,2.7601764,4.032334,3.3953063,5.223944,3.6101084,4.185692,2.700156
1999,2.2156863,,3.9161713,3.3005357,5.8,3.2909377,4.157289,5.493034,4.053111,2.5629327,3.8541667,4.3174605,,2.0742826,3.4482758,4.4661636,,1.7679558,3.5967748,3.7344599,6.7452188,3.856107,,6.74329,3.851621,0.94655883,3.8699803,4.744485,3.2362459,4.914683,4.6619544,5.138071,,5.112341,3.1158555,3.9539783,,4.7465944,3.9560993,3.5588686,,2.3445365,,5.7571673,,5.7898498,4.0201306,5.096915,7.195727,3.2016685,,,1.8937402,3.4458716,4.523894,,,3.9577162,3.6456046,5.3605676,2.8235295,6.0415606,2.484472,,2.4058578,3.5229342,3.0997677,5.0664454,2.865059,8.757322,,9.391148,2.037048,3.0351954,,,,5.172635,,,,3.6167047,3.1143327,2.4376419,,3.4163048,6.5011153,4.5752063,3.8163154,5.6409016,3.9531534,,,,5.5419807,2.8480878,,2.663906,5.659235,2.8409765,,6.1728396,5.0265255,6.2801166,3.0870042,,1.7013416,2.3843997,4.424397,4.992572,3.6249251,,2.7980032,3.9036725,3.4655864,5.606417,3.1212485,4.206452,2.7602353
2000,2.0839682,,3.9751325,3.2591052,4.9504952,3.2185674,4.5115914,5.6187234,4.301455,2.584132,3.5415642,4.6769233,,2.1984622,3.0638852,4.545056,3.8699052,1.7616581,3.736552,3.8196497,7.2233357,3.8937182,,6.8120985,3.9430835,1.0989012,3.888955,4.8536177,3.0516431,4.9084916,4.841744,5.0714474,8.073523,5.110838,3.4559581,4.1528106,,4.4662337,4.2071714,3.2796416,4.892513,2.489303,,6.1145453,,,4.2160697,4.989452,7.4092374,3.344908,,,2.7899344,3.3246658,4.4702845,2.6047277,,3.979398,3.782876,5.5726557,1.6528926,6.01592,2.4367163,,3.9119804,4.228055,3.270896,5.6030912,3.105108,9.123326,24.497992,9.642262,1.9532835,3.2290616,2.10643,,4.123328,5.4317193,3.8279448,,,3.7978468,3.225953,2.6985552,,3.5982134,6.852464,4.7033367,3.9814906,5.4856334,3.913508,3.470133,,,5.6066766,2.9063528,,1.9843696,5.8543687,2.8892179,,5.9097977,4.974964,6.563374,3.1160445,,1.631644,2.4768658,4.517549,5.038879,3.5345008,,2.9294984,4.078148,3.495744,5.5782533,4.2796006,4.205837,2.784626
2001,2.199036,,4.013765,3.7495313,3.2467532,3.1502366,4.479249,5.7194595,4.367329,2.618183,3.1328955,4.584527,,2.2402155,4.0444093,4.6167274,4.2640185,1.6765286,3.7310169,3.9015715,7.753661,3.9885669,,6.457813,3.729454,,4.100042,4.938561,5.098039,4.8584123,4.8261123,5.2543845,8.231464,5.111196,3.5860877,4.143988,2.238029,4.5506067,4.4783773,3.2130964,5.329755,2.3557172,5.4455447,6.0812106,3.030303,4.7310433,3.9063203,4.7848725,7.223319,3.4655104,,,2.7246377,3.2296233,4.5023093,2.422124,,3.9734895,4.0834446,5.737981,4.0,5.9414387,2.5206232,,3.0139935,4.5030036,3.5545433,5.436298,3.2160285,9.916159,0.5681818,9.690842,2.2341745,3.1345825,1.9333456,,4.3687525,5.836877,3.5891242,,,3.8168647,3.1152647,2.6308305,,3.7534158,7.986568,4.8081107,4.0074887,5.168145,4.232729,3.625,2.231405,5.3585925,6.097772,3.078334,,1.9516921,4.9401503,2.8452246,,5.4961834,5.0,6.8402853,3.1319292,5.776173,1.9192914,,4.802334,5.623065,3.9064903,,3.0102472,4.1375327,3.5520656,5.8713465,3.178808,4.202555,2.9331236
2002,1.9079272,,3.9238985,3.948501,5.4054055,3.3709893,4.712929,5.962258,4.3024845,2.544021,3.4398034,3.4482758,,2.6817493,4.283489,4.659369,3.794643,1.7291067,3.780808,3.811035,7.8614683,4.183284,,7.1847506,3.690971,,4.0972624,4.9720445,3.3670034,4.849564,4.787946,4.966595,9.43859,5.1400094,3.666576,4.122375,1.5597306,4.5010653,4.588476,,4.665461,2.407737,4.954955,6.4150944,3.2884903,4.672713,3.5726774,4.7341256,6.917709,3.453155,,,2.579583,3.352393,4.411035,2.4766135,,3.9141717,4.219906,5.9543066,3.6827195,5.7307577,2.5564256,,3.1914895,4.437571,3.6764705,4.524008,3.1048064,9.519032,2.0332718,9.664831,2.110245,3.4971957,2.5031743,,3.92601,5.135503,3.8979964,,,3.9155633,3.072003,2.997285,,4.071451,7.4071336,4.9187856,4.1092005,5.368142,4.2918735,3.2692509,,4.5988503,5.978136,3.237787,,2.1062517,5.3937984,2.895364,,5.8907027,5.402468,6.5451045,3.3311946,4.7913446,1.9501662,2.9621627,4.630922,5.6328206,4.0939317,,3.086854,3.933794,3.5487623,5.7105117,2.875817,4.2287364,2.7523854
2003,1.7534094,,3.8963792,3.847928,2.660754,3.4101255,4.6665545,5.7392817,4.2284555,2.4649994,4.556241,4.3662825,,2.5886328,3.9154267,4.677984,3.1344411,3.5643563,3.8462389,3.9257967,7.8879433,4.394626,,7.101266,3.8146722,,4.1397095,4.949142,4.129264,4.780578,4.827489,5.211099,9.766427,5.0869484,3.5368004,4.1013193,1.438849,4.444404,4.702942,,4.808415,2.3405888,5.1344743,6.959707,2.6352289,5.1744885,3.7037036,4.51165,6.953903,3.4463782,,,3.5049288,3.1909068,4.076774,2.724348,,3.868561,4.4474635,5.850605,4.0431266,5.237703,1.98915,,2.5787966,4.322265,3.9253476,4.1984735,3.2771218,9.566146,1.0934393,9.676392,2.0159948,3.9506953,2.4193547,,3.9970663,5.0661855,3.5806828,,,4.125803,3.0646298,2.5123837,,4.2119565,7.848058,5.0018797,4.0859184,5.237217,4.2254558,3.2458668,,5.22148,5.826503,3.456156,,2.3536391,5.283211,3.1641428,,5.935907,5.148382,6.5138035,3.3676333,6.736527,2.3320932,3.139554,4.4541516,5.8927584,3.4881442,,3.254996,3.6590233,3.5837696,5.6424856,3.7467701,3.9018908,2.7070098
2004,1.7748479,,3.8222413,,3.5225048,3.419895,4.4903893,6.132989,4.35431,2.6382709,3.0797102,3.7462234,,,4.006163,4.751731,2.905464,2.9732409,3.8219821,3.7437687,7.618008,4.5216413,,7.0288315,3.777586,3.444976,4.2331843,5.1588044,3.0520647,4.9607277,5.020224,5.5652046,9.779754,5.204418,3.664122,4.88096,1.3859276,4.495906,4.9138923,3.4923043,4.790419,2.2469554,3.811659,6.7438245,3.1988873,5.893795,3.579754,4.7632446,6.901549,3.5164835,,,2.8508773,3.4218822,4.195204,2.6469362,,3.912203,4.7284074,6.246078,4.292929,4.928925,2.5871062,,1.8691589,4.367576,3.9477503,5.140187,3.2395992,10.058079,0.90817356,9.677344,2.2342322,4.301434,2.1746755,,3.7400832,5.4364934,3.5795324,,,4.103901,3.371549,2.7544074,,3.992875,7.8009796,,4.307305,5.219286,,3.5296278,1.7817372,4.8453608,5.839932,3.7162118,,2.1911016,4.893872,3.038727,,5.272597,5.1203427,6.3704586,3.1983223,5.89198,2.3309891,2.9446735,4.8524466,5.859534,4.203809,,3.6890106,3.6436493,3.5996187,6.427902,3.4394906,3.9294307,2.8811233
2005,1.7272049,,4.010083,,4.0899796,,4.460759,,4.468883,2.9213047,2.9345372,4.002193,,,4.017531,4.975234,3.2760687,1.8656716,3.8899412,3.9280806,7.119463,4.5870247,,6.778787,3.6345847,3.2073734,4.468306,5.1536508,4.7034764,5.241995,4.5613685,5.7011056,10.032249,5.0661535,3.984754,5.1642895,1.7305108,4.393611,4.9747496,2.9493382,4.475572,2.333216,4.683544,6.5510926,3.108108,5.4472475,3.6786187,4.5568643,6.266024,3.655343,,,3.1573217,3.3267345,4.1175165,2.2249122,,3.856999,4.75945,6.193231,3.9325843,4.5925965,2.8428094,,2.6455026,3.3543532,4.303751,4.3091063,3.3010952,10.342589,1.5075377,9.644766,1.8037597,3.9297125,2.17503,,4.6618266,4.6069818,3.6290016,,6.8628035,3.9471562,2.998639,2.5238569,,3.7932737,7.447906,,4.4872856,4.9710474,,3.5343695,2.3270848,5.7961054,5.613485,4.071643,,2.348708,4.920312,3.3529704,,5.0142245,5.202431,5.6042495,3.1577227,4.9034176,1.8751209,3.3062365,4.9112854,6.285897,4.491654,,4.0528874,3.8970428,3.568848,6.2496,3.6809816,4.1201143,2.7311647
2006,1.8895779,,4.1845555,5.7311964,3.164557,3.3901854,4.169863,,4.434477,2.817398,2.503237,3.7572255,,,5.017921,5.033072,3.955288,1.826484,3.9245172,4.128859,7.270052,4.8150034,,6.9887624,3.733716,3.5498343,4.528873,5.2302322,3.1539888,5.297186,4.3339252,5.744883,9.91569,5.2091913,3.851929,5.0076914,2.37785,4.474835,5.180139,2.7144716,4.289636,2.4216905,3.030303,6.5055337,2.3415978,5.8437686,3.942269,4.6071696,6.56368,3.640896,,,2.7325275,3.5317912,4.141321,2.9308581,,3.9124901,4.854017,6.7050405,4.032258,4.4019957,2.7253668,,4.8192773,3.3243377,5.2239304,5.0510626,3.3459158,10.183833,,9.583698,1.7928073,4.353234,2.2788203,,4.518072,5.41662,3.496565,,7.215576,4.0104303,3.0842345,2.874353,,4.095278,7.9206004,4.807753,4.406713,4.8961215,,3.9290743,2.736602,5.344748,5.503809,4.1278844,,2.335539,4.8802977,3.2074957,,6.20639,5.3732576,5.720572,3.331836,5.120482,2.0538838,3.3523724,,6.3412538,4.1597686,,3.9890938,4.0129514,3.6108081,,3.6410923,4.150469,2.740685
2007,1.9686123,,4.13963,5.210585,4.338843,3.4848464,4.4140706,6.5980687,4.5470686,3.0910408,2.6872246,4.449388,,3.3979232,4.834055,5.1271825,3.5139713,1.8739352,4.183796,4.1153073,7.05018,4.8752236,,7.334672,3.66912,2.8996282,4.5366793,5.0973516,5.291005,4.8244424,3.7570367,5.6235013,9.837224,5.099115,4.1645126,5.371438,1.9492868,4.4119987,5.1274867,2.598475,4.909747,2.3240366,4.660453,6.522502,4.6875,4.795066,3.928634,4.497107,6.6301584,4.132731,,,2.624807,3.4970462,4.0502305,,,3.8856518,4.9471235,6.961578,4.347826,4.396264,2.4371812,,,3.4573753,5.9727335,4.578705,3.9054935,9.918699,2.6809652,9.701738,1.8577116,3.2465446,2.2411776,,4.521182,5.1543913,3.5900323,,6.5676985,4.056472,2.9311538,2.8075943,,4.1145024,7.573974,4.763607,4.4416347,4.8373275,4.379717,3.8423088,2.8074117,5.325295,5.7817554,4.214483,,2.2936924,4.7593226,3.3471136,,5.3931804,5.5351305,6.419501,3.2977564,6.3492064,1.9207003,3.3240602,,6.3183346,4.1645083,,4.403724,3.8599296,3.678336,,3.195739,4.1911516,2.652325
2008,1.7221086,,4.2452374,5.548665,3.219697,3.4526837,4.0528483,,4.5402856,3.2219539,2.9288702,4.2427497,,3.4374323,5.995388,5.1333733,4.145937,2.84143,4.0940084,3.9553835,7.4265695,5.0475736,,7.033621,3.4967544,2.8879476,4.519381,5.1733756,2.201835,5.0566664,3.7285397,5.4562135,10.00491,5.041364,4.347826,5.011204,2.3025808,4.421624,5.141997,,4.4380817,2.3467526,3.8506417,6.4062595,5.297158,5.936438,3.8068867,4.665299,6.5124936,3.9930677,,1.1454657,2.9189734,3.1828954,4.0548954,,3.099965,3.8341851,4.923186,6.8574157,5.080214,4.3756323,2.4381688,,3.6433365,,5.803979,4.68841,3.577068,9.559455,3.0956848,9.576104,2.123064,3.6386063,2.3475823,,3.226963,5.0579677,3.7531571,,6.732771,3.9967144,3.08275,2.9305403,,4.055574,6.8693175,4.6397057,4.5015936,4.5997715,4.3744273,4.2505784,2.412731,5.488101,6.1034274,4.3546724,,2.153199,4.611635,3.5633965,,5.4845223,5.68806,6.4070354,3.3809617,6.93816,1.9529152,3.2852035,,6.8429995,4.635382,,4.664926,3.9719326,3.6851776,,4.2288556,4.1032243,2.5946124
2009,1.819691,,4.0911922,5.8853407,3.2258065,3.5620916,4.094028,,4.4289894,3.024022,2.8487642,4.106878,,3.7062259,4.40468,5.0949697,3.977994,2.2203245,4.055063,4.06689,7.311477,5.025346,,7.410521,3.7416608,2.7209573,4.4767785,4.948604,5.0089445,4.9898224,3.9419088,5.7656507,10.959292,5.080624,3.9381328,5.2100034,2.4359775,4.374373,5.170143,2.550134,3.0458589,2.3865356,4.060914,7.0509157,2.991453,4.975888,3.7225618,4.636166,6.300704,4.000277,,,3.1468532,3.648141,4.028462,2.305191,2.856757,3.8684082,5.0385914,6.6410384,4.519774,4.316803,2.4431338,,4.2094455,3.121087,5.2888274,4.9858356,3.4873235,9.770046,,9.4738865,1.930745,3.382992,2.3866348,,4.2422047,4.9182153,4.11036,,7.1016006,3.8335755,3.1251512,3.198192,1.9582981,4.419925,7.47686,4.4535127,4.3619785,3.9477313,4.4196105,3.8558156,2.437811,4.751462,6.398199,4.424476,,2.0608256,4.4353857,3.4817307,,5.236908,5.56763,6.0693336,3.2170064,7.6023393,1.7415056,3.297041,,6.3567567,3.879088,2.518259,4.2560267,4.122946,3.6692393,6.0107775,3.088803,4.073241,2.5410662
2010,1.5899168,,3.9927537,5.812829,1.907357,3.5686157,4.0298448,,4.1986837,2.9764445,2.2074137,4.251112,,3.8291574,4.238921,5.106751,3.6644592,2.7317882,3.9491825,3.9473894,7.200041,5.1131544,,7.2414155,3.7566574,3.454367,4.365243,4.970376,3.9049237,5.0160103,3.8540878,5.970852,11.356179,4.9985995,3.8907547,4.8320565,,4.3342023,5.2506294,1.6212603,4.3737574,2.3614829,3.3816426,7.207071,4.6692605,6.3868947,3.5059369,4.720132,5.932268,3.9267015,,,2.9717681,3.4425898,4.072424,2.8821244,2.7334561,3.801382,5.352601,6.803229,8.430233,4.331552,2.8450809,,3.3913841,2.7497947,5.2635326,4.5291357,3.4775093,9.95164,2.4539878,9.318978,1.9358552,3.089701,,,3.749124,4.4764366,3.9099216,,7.5207605,3.8704083,3.04522,2.994869,2.2983582,4.261879,7.392232,4.217878,4.289549,3.6123497,4.368329,4.3288884,2.6903553,4.8394713,6.392965,4.5350885,,2.3793626,4.5019336,3.621707,,4.8634243,5.3232293,6.1905527,3.004894,7.5301204,2.7020173,3.2781386,,6.117614,3.473921,2.5409083,3.840684,4.052561,3.6994874,5.816138,4.3742404,3.9543984,2.5310009
2011,,,4.1059,6.3154883,3.0634573,3.545858,3.8991096,,4.426035,3.0140958,2.057776,4.534719,2.4751627,4.1024504,5.0803857,5.10065,3.4921937,2.0242915,3.9901023,3.9459484,7.3306313,4.939665,3.6096787,7.4276733,3.71766,3.601372,4.2406034,4.752513,4.477612,4.681544,3.4042685,5.954674,12.002174,5.0465183,3.6306236,4.821231,2.191205,4.191544,5.1016603,2.9025652,4.409171,2.495072,2.864259,7.2891617,4.7619047,5.8245225,3.5152175,4.5355654,5.6725802,3.6828787,,,2.5150905,3.7056162,3.8577604,2.5581944,2.8830216,3.7312481,6.3912563,6.7499514,6.951872,4.3260193,2.4161828,,3.508772,2.5644772,5.0149865,4.486835,3.4570928,9.085582,2.1996615,9.503314,1.7159003,3.030303,,,3.8095238,3.9660373,4.0304365,,7.324694,3.779256,3.1038158,3.1033344,,4.344107,7.060257,4.1724095,4.376553,4.395457,4.4136314,4.596046,2.7193432,5.0818048,5.7664084,4.6169744,,2.3390775,5.129365,3.4128332,,5.185681,,5.8719716,2.9519353,5.377907,,3.44322,,6.4746456,3.4011443,2.5351562,3.796337,,3.7407105,5.7248363,2.9885058,4.0434904,2.5956004
2012,,,4.2438135,5.800725,4.056795,3.5724483,3.777884,,4.522535,3.2512512,1.9900497,4.415454,,,4.4270835,5.1228194,3.5683577,2.7960527,3.9976318,3.9892166,7.2332363,5.02413,,7.0110507,3.9509017,2.8363636,4.1510687,4.6107206,1.9417475,4.3125496,3.527327,6.055644,11.193558,4.9130163,3.5093389,4.6388464,2.3204257,4.063375,4.9335356,2.4094188,3.8247566,2.5011144,5.0233645,7.3936443,3.426396,5.5695744,3.5102582,4.384065,5.2680783,3.967656,,,3.1202047,3.519832,3.8166645,2.547363,2.9788687,3.7612658,6.9463887,6.765047,4.398827,4.2197285,2.6890757,,3.909644,2.7366567,5.0417705,4.756786,3.307634,9.279575,2.4186823,9.589402,1.937022,3.2748537,,,,3.7460177,4.171306,1.1037527,7.5812807,3.7354505,3.144609,3.0088844,,4.495677,6.961644,,4.304448,4.2373166,4.205837,4.291227,2.264894,4.354067,5.662932,4.6616673,,2.228912,5.167798,3.3251953,,4.902309,6.150237,6.0133977,3.0633764,4.454685,,3.5349436,,6.676253,3.4421797,2.6049407,4.1799684,4.098459,3.7465022,5.7785573,2.677532,3.9483547,2.5958052
2013,,,4.3135896,5.9861746,2.3354564,3.6715014,3.7673213,,4.2219253,3.4778857,2.335539,4.40678,,3.33211,6.393544,5.1180778,3.5757332,2.9285715,4.104019,3.8669355,7.3670177,4.825406,,7.3379807,3.956737,3.8694992,4.2204103,4.4876795,3.5541196,4.137442,3.1555142,6.0566683,11.036361,4.963385,3.7075582,4.767085,,4.0366454,4.841116,2.6671884,4.5207343,2.7273378,4.390244,7.240439,4.7244096,5.5410933,3.202839,4.2710276,5.040307,3.6232374,2.2298632,,3.3364227,3.495745,3.7905746,2.7949138,,3.7535203,9.960297,7.075688,5.3824363,4.1955705,2.5892706,,4.6660566,2.7173443,5.3817058,4.0588393,3.674138,8.8386755,1.665206,9.6755905,1.9835485,3.1211371,,,4.2472377,3.7699058,4.002859,1.4492754,7.946307,3.1760416,2.92632,3.1481981,,4.1593966,6.605419,,4.2725244,4.0987277,4.288147,4.0336556,2.7191749,4.7260756,5.672492,4.7243605,,2.1841662,4.937659,3.42672,,4.639339,5.45849,5.617048,3.0153031,6.8340306,,3.9092627,,6.807604,3.2379756,2.6439517,,4.0583525,3.7883427,5.7121477,4.1712403,4.1354184,2.5960217
2014,,,4.5582004,5.93202,2.9310346,3.573382,3.502786,,4.1487284,3.5364199,1.9666048,5.002316,2.6320179,3.1931348,5.4820414,5.117115,,2.585034,4.159245,3.900537,7.325422,4.73504,,7.2301626,3.9790306,3.809352,4.234136,4.4379263,2.2801304,4.253525,2.4791918,6.257443,10.997172,4.8973045,3.7750485,4.6347003,,4.107466,4.887076,2.7400331,4.818542,2.8969579,3.8381743,7.968435,3.3333333,6.237606,3.4215708,4.22707,5.059062,3.551894,2.438953,,2.734375,3.329381,3.7703576,2.79476,,3.7689593,10.234656,6.5736547,5.3398056,4.2406945,2.0892057,,5.069124,2.6859617,5.1947727,4.6153846,3.506968,9.163417,1.8150389,9.370859,,3.4862385,,,3.862402,3.6236491,4.110386,2.0408163,8.508174,3.1417222,2.9992068,3.1093569,2.0079293,4.243025,6.530236,3.9432101,4.0901327,4.225259,4.3756356,4.4745135,2.5359256,4.36882,5.7086267,5.148402,,2.4729946,4.8166733,3.3097277,,4.5396824,5.632486,5.1519647,3.1719477,7.448276,,4.0075846,,7.3320527,3.8990827,2.6037335,3.989429,4.078202,3.8451228,5.8166013,3.2160804,4.2615266,2.6310217
2015,,,4.903384,5.92582,2.4621212,3.598823,3.4367363,,4.309713,3.50173,,3.0438676,,,5.5869074,5.0814962,,2.7149322,4.1360707,3.665355,7.419164,4.7937775,,7.5037327,3.8258216,3.244437,4.190766,4.3065286,3.0257187,3.9713542,2.5818245,6.6430006,10.038178,4.818159,4.067441,4.256051,,4.0443807,4.779348,2.905071,4.6111493,2.7254393,4.3728423,7.831743,4.326923,6.321441,3.3620634,3.9940965,4.8307858,3.2031069,2.4103045,1.371526,3.6205316,3.3592374,3.6043763,,3.4549243,3.7441378,9.939021,6.5902495,2.425876,4.244006,2.7156303,,4.5330915,2.6656868,5.0220222,4.324043,3.6012063,9.439683,1.888412,9.624896,1.8425297,2.846355,,,4.2880526,3.4330244,4.014078,2.6771653,8.35905,3.0835836,3.1239247,2.9940872,,4.4824553,7.33271,,3.73695,4.190998,4.186482,4.545931,2.2883296,5.054072,5.5037622,5.342091,,2.392704,4.683256,3.2658808,,,,4.391449,3.1438868,5.9743953,,4.1501107,,7.594505,3.9620693,2.5450222,3.8362732,3.8735704,3.8576584,5.933502,3.6405005,3.9023404,2.6401672
2016,,,4.8198175,6.5294414,2.7675276,3.6491194,3.5403936,,4.4645085,3.6540248,,3.3831284,2.92855,,6.437292,5.0446873,,2.6960785,4.276364,3.7851734,7.3991117,4.8736315,,7.5590763,4.0880184,3.490497,4.1874714,4.465149,4.1731067,4.0045724,2.6982577,6.3490653,10.0861635,4.89417,4.0044203,4.319546,,4.0789456,4.859646,3.0962558,4.3693833,2.9423633,3.4482758,8.056683,2.9966705,5.8067107,3.3474774,4.0219626,4.8814273,3.443441,2.5917807,1.2124436,2.4242425,3.2934542,3.663424,,3.1223311,3.7287,9.617392,6.3569827,4.987531,4.254933,2.7611234,,3.9404554,,5.266871,5.313634,3.67535,9.605841,1.031746,9.811686,2.0371187,2.961412,,7.415647,3.8964992,3.497984,4.080012,1.5341702,8.897127,3.120197,3.1002982,3.2072105,2.2938018,4.416905,7.0165877,3.9140615,4.136502,4.5879064,4.4886007,4.7325563,2.492071,5.197284,5.622978,5.1937714,,2.365295,5.024274,3.2032847,,,5.8031363,4.5507646,3.2029955,5.114401,,4.3495317,4.3192873,,3.7260034,2.4438024,,3.9156187,3.8603654,5.814937,3.7919827,4.091372,2.5663462
2017,,,4.596298,5.6663594,2.1314387,3.6974728,3.4718387,,4.4197836,3.5330765,,,2.6383002,,5.1871657,5.034647,,2.712264,4.1754465,3.6642725,7.3542128,4.7798123,,7.3914366,4.0832543,3.431129,4.2793174,4.4019346,3.327787,3.9060876,2.4681492,6.4161625,9.868277,4.8164644,4.0474033,4.1811066,,4.001921,4.8675933,2.9003386,,2.9047077,4.7727275,7.4468346,,5.859165,3.4108493,4.216766,4.757203,3.4979289,2.7181976,,3.0411448,3.2177775,3.5752382,,3.451793,3.8249116,8.970693,6.3136945,5.4404144,4.248881,3.2639616,,3.2094595,,4.9648747,4.7108674,3.5805895,8.39294,1.5310234,9.623832,2.3378286,3.5284233,3.118162,7.2539845,,3.5303612,3.9655173,,8.096197,2.9790833,,3.0671742,1.6621479,4.558054,6.6038203,4.1723857,4.151152,4.2141857,4.5475583,4.627683,2.6086957,,5.723903,5.092149,,2.3377018,5.0508347,3.0225024,,,5.610788,4.4468284,3.0703232,5.9681697,,4.2293835,4.421684,,3.6021035,2.4036205,3.8317573,3.6776896,3.8272574,5.7390666,3.047404,,2.5873318
2018,,2.3110201,4.696235,4.7143803,3.5335689,3.762133,3.333135,,4.4790545,3.6387594,,,2.7818992,3.0753083,5.5294733,5.114227,,2.9776676,4.2456527,3.6787503,7.4094534,4.9436126,,7.700162,4.0990243,3.268536,4.3623805,4.30151,5.0347223,3.9190667,2.1897967,6.411325,8.122676,5.070829,4.1138024,4.108358,,4.0131106,4.812182,3.413292,,2.9444265,4.3613706,7.727125,,5.2370563,,4.3334727,4.9578385,3.5484908,,,2.4800708,3.3634956,3.6526368,,3.2821534,3.830103,8.78051,6.3506017,3.9312038,4.1499896,2.8206258,,4.645048,,4.8011317,4.74644,3.7679636,9.10215,1.6910069,9.520399,1.9009479,2.7928417,,6.8263125,,3.346621,3.6298738,,8.531974,3.0796216,,3.0705967,1.3100977,4.5638947,7.5021896,4.120641,4.1791406,,4.298557,4.670804,,,5.848741,5.217862,,2.4234884,5.439163,3.151837,,,6.1315455,4.334879,3.1078591,,,4.1706905,4.409425,,3.2969885,2.3236072,4.16717,3.7007737,3.86735,5.619929,4.6336207,,2.5675092
2019,,1.9777222,4.5869813,4.7011647,3.0744336,3.806773,3.616914,,4.446691,3.806334,,,2.6655335,,4.7738695,5.0969734,,2.618099,4.410079,3.8595455,7.2917614,4.9579506,,6.705911,4.433078,3.7208562,4.470372,4.4087405,4.1254125,4.185413,,6.2480426,6.9566054,5.2633967,4.227578,4.4012456,,4.066818,4.851687,3.2512484,,2.8684328,3.2619777,7.818925,,6.089228,,4.193536,4.902664,3.7070293,,,3.2498903,3.3475351,3.618019,,,3.8188593,8.9079685,6.1991286,3.3426185,4.0537424,2.5732274,3.0198448,4.250386,2.6667213,5.0181556,4.6407185,3.648334,8.866164,1.5017668,9.579635,1.6678079,3.0911062,3.0183468,6.781729,,3.7766244,3.7787182,,7.644858,3.0825953,,,1.7282765,4.4291487,6.8425055,4.0561624,4.295732,,4.314811,4.4558434,2.9707716,,6.0379624,5.4646397,,2.6616719,,3.1057186,,,5.8496447,4.3763356,3.3021193,5.283019,,4.313032,4.013628,,2.9539602,2.2780607,4.1547785,3.8095787,3.9553208,5.4726367,5.366357,,2.4685147
2020,,1.9696823,4.0391364,3.7296102,3.8327527,4.054557,3.4989464,,3.814147,3.3302603,,,2.3859365,,5.063291,4.284299,,,4.3542404,3.3466763,6.6490183,3.931488,,5.689337,4.4526854,3.214942,3.934596,4.312927,3.7142856,4.167356,,4.066969,,4.367365,4.8705854,4.5605245,,3.7309854,4.5947623,2.9028237,,2.6349516,3.297769,7.1290927,,6.3968444,,3.4968348,4.520503,3.4514244,,,3.210412,3.0596144,3.076814,,,3.924444,7.9388595,5.1904845,2.9411764,4.2203918,,2.7598245,3.299293,,4.9601583,4.921803,3.448879,7.69782,1.4434643,6.549135,1.4754417,3.5443656,,6.7328224,,4.4394217,3.500527,,5.9469733,2.8942719,,,1.4060422,,3.8286815,,3.9415112,,,4.140317,2.7798097,,5.1261334,,,2.6923993,,2.4972186,,,5.320787,3.8890738,2.9609132,4.790419,,,3.4010093,,3.086739,1.9842923,,3.906609,3.663621,4.0802913,4.267701,,2.0861921
2021,,,3.7639737,3.634989,2.514793,4.158769,3.4459884,,4.371901,2.9054666,,,1.9566514,,4.623568,3.947892,,,4.626492,3.6211934,6.994892,3.7712517,,4.851761,3.173401,3.1594923,3.8329842,,,4.135126,,4.8875036,,5.0057235,4.5931973,4.370836,,3.9031143,4.9544797,2.654158,,2.407145,1.8039216,6.9936266,,,,3.5160735,4.3291073,3.7653542,,,3.3004715,3.153313,3.3478131,,,3.8741376,6.962605,5.2990355,3.7199125,4.137497,,2.2517133,,,4.5700164,4.481859,3.5786276,6.2911806,1.5873016,6.656099,2.1040819,3.6965914,,5.7949924,,3.7441616,,,5.9387617,2.8858526,,,1.2274829,3.612699,4.176683,,3.9835076,4.1457057,,2.969383,1.970084,,,,1.448537,2.814783,,2.1577785,,,4.674589,3.7874553,3.3156312,3.3513513,,4.0138736,3.5799217,,,1.941799,,3.2646716,3.864927,4.0788493,3.2132425,,
2022,,,4.098309,4.2634497,,4.0306067,3.4479065,,,3.7083173,,,2.519563,,6.4345527,,,,4.44054,3.8011422,6.948358,,,5.892572,,3.276469,4.515925,,3.2175033,3.9985116,,5.993596,,5.0097218,5.21653,3.982777,,4.0457115,,,,2.6264246,2.236136,8.078753,,,,,4.9506764,3.851525,,,2.6002972,2.9616892,3.3531678,,,3.8030655,8.000869,5.427443,5.357143,3.7869463,2.5245616,,,,5.1441097,4.454611,3.9397833,7.432155,,8.843467,1.3847456,3.144208,,6.846115,,4.227856,,,7.9677067,3.086202,,,,4.610674,6.707893,,4.579795,4.061637,4.303597,,2.154195,,5.628602,,2.304432,2.8257642,,2.7425988,,,5.8708024,3.5834963,3.3884184,,,,3.496728,,,2.1947591,,3.486598,4.048195,3.8527372,4.9760766,,
2023,,2.744485,,4.869823,,4.154949,3.6419342,,,,,,2.7620397,,,,,,,3.9583972,,,,,,,4.6713066,,,,,,,5.2840476,,,,,,3.0288146,,,2.7877698,,,,,,4.8097925,,,,,,,,,,7.77864,5.139846,,,2.7703066,2.4591787,,,5.150516,4.495747,4.1494975,8.335304,,,1.7337891,,,6.8605647,,3.9361432,,,,3.190165,,,,,,,,,,,2.467685,,,,2.6451411,,,3.1468568,,,5.589936,3.6536674,3.527893,,,3.9173076,,,,2.1444845,,,,4.0061445,,,
