Date,AFG,AGO,ALB,AND,ARE,ARG,ARM,ATG,AUS,AUT,AZE,BDI,BEL,BEN,BFA,BGD,BGR,BHR,BHS,BIH,BLR,BLZ,BOL,BRA,BRB,BRN,BTN,BWA,CAF,CAN,CHE,CHL,CHN,CIV,CMR,COD,COG,COK,COL,COM,CPV,CRI,CUB,CYP,CZE,DEU,DJI,DMA,DOM,DZA,ECU,EGY,ERI,ESP,EST,ETH,FJI,FRA,FSM,GAB,GBR,GEO,GHA,GIN,GMB,GNB,GNQ,GRC,GRD,GTM,GUY,HND,HRV,HTI,IDN,IND,IRL,IRN,IRQ,ISR,ITA,JAM,JOR,JPN,KAZ,KEN,KGZ,KHM,KIR,KNA,KOR,KWT,LAO,LBN,LBR,LBY,LCA,LKA,LSO,LTU,LUX,LVA,MAR,MCO,MDA,MDG,MDV,MEX,MHL,MKD,MLI,MLT,MMR,MNE,MNG,MOZ,MRT,MUS,MWI,MYS,NAM,NER,NGA,NIU,NLD,NOR,NPL,NRU,NZL,OMN,OWID_WRL,PAK,PAN,PER,PHL,PLW,PNG,POL,PRK,PRT,PRY,PSE,QAT,ROU,RUS,RWA,SAU,SDN,SEN,SGP,SLB,SLE,SLV,SMR,SOM,SRB,SSD,STP,SUR,SVK,SVN,SWE,SWZ,SYC,SYR,TCD,TGO,THA,TJK,TKM,TLS,TON,TTO,TUN,TUR,TUV,TZA,UGA,UKR,URY,USA,UZB,VCT,VEN,VNM,VUT,WSM,YEM,ZAF,ZMB,ZWE
1985,,,,,,,,,,,,,,,,,,,,,,,,,,,,,,,,,,,,,,,,,,,,,,,,,,,,,,,,,,,,,,,,,,,,,,,,,,,,,,,,,,,,,,,,,,,,,,,,,,,,,,,,,,,,,,,,,,,,,,,,,,,,,,,,,,,0.0,,,,,,,,,,,,,,,,,,,,,,,,,,,,,,,,,,,,,,,,,,,,,,,,,,,,,,,,,,,,
1986,,,,,,,,,,,,,,,,,,,,,,,,,,,,,,,,,,,,,,,,,,,,,,,,,,,,,,,,,,,,,,,,,,,,,,,,,,,,,,,,,,,,,,,,,,,,,,,,,,,,,,,,,,,,,,,,,,,,,,,,,,,,,,,,,,,0.0,,,,,,,,,,,,,,,,,,,,,,,,,,,,,,,,,,,,,,,,,,,,,,,,,,,,,,,,,,,,
1987,,,,,,,,,,,,,,,,,,,,,,,,,,,,,,,,,,,,,,,,,,,,,,,,,,,,,,,,,,,,,,,,,,,,,,,,,,,,,,,,,,,,,,,,,,,,,,,,,,,,,,,,,,,,,,,,,,,,,,,,,,,,,,,,,,,0.0,,,,,,,,,,,,,,,,,,,,,,,,,,,,,,,,,,,,,,,,,,,,,,,,,,,,,,,,,,,,
1988,,,,,,,,,,,,,,,,,,,,,,,,,,,,,,,,,,,,,,,,,,,,,,,,,,,,,,,,,,,,,,,,,,,,,,,,,,,,,,,,,,,,,,,,,,,,,,,,,,,,,,,,,,,,,,,,,,,,,,,,,,,,,,,,,,,0.0,,,,,,,,,,,,,,,,,,,,,,,,,,,,,,,,,,,,,,,,,,,,,,,,,,,,,,,,,,,,
1989,,,,,,,,,,,,,,,,,,,,,,,,,,,,,,,,,,,,,,,,,,,,,,,,,,,,,,,,,,,1592.36,,,,,,,,,,,,,,,,,,,,,,,,,,,,,,,,,,,,,,,,,,,,,,,,,,51.69,,,,,,,,,,,327117.97,,,,,,,,,,,0.0,,,,,,,,,,,,,,,,,,,,,,,,,,,,,,,,,,,,,,,,,,,,,,,,,,,,,,,,,,,,
1990,,,,,,,,,,,,,,,,,,,,,,,,,,6704.64,,,,,,,,,,,,331.57,,,,,,,,,,,,,,,,,,,,,1899.52,,,,,,,,,,,,,,,,,,,,,,,,,,,,,,1812.59,,,,,,,,,,,,,,,,,,,,173.8,,,,,,,,,,,404956.8,,,,,,,,,,,1310626.8,,,,,,25860.8,,,,,,,,,,252620.94,,,38110.74,,,,,,,,,,,,,,,,,,,,,,2754.2,,,,,,,,,,,,,,,,,,,
1991,,,,,,,,,,,,,,,,,,,,,,,,,,6797.76,,,,,,,,,,,,408.85,,,,,,2800.6,,,,,,,,,,,,,,,2195.05,,,,,,34905.78,,,10556.9,,,,,,,,,,,,,518892.84,,,,,,,,177.1,,,,,,,,,,,,,,,,,,,,296.82,,,,,,12082.5,,,,,418839.34,,,,47.52,,,,255.17,,56353.94,1323837.0,,,,,275.9,25035.92,5463.48,,,,,8304.16,,,,335161.78,,,39418.16,,,,247.5,,,,,,,,,,,,,,,,,,2526.48,,,,,,,,,,,,,,2515.74,,,,,
1992,,,,,,,,,,,,,,,,,67340.66,7734.33,,,,,,,,6872.64,,,,,,,,,,,,483.14,,,,,,3747.6,,,,,,,,,,,,,,,2444.04,,,,,,,,,15855.9,,,,,,,1245212.6,,,,,95572.36,500444.8,,,,,,,,154.68,,,13497.6,,,,100776.72,,,,,,,,,,,,,403.2,,,,,,30445.66,,,,,411840.25,,,,45.54,,,,284.4,40233.5,59189.13,3919861.5,,,,,243.0,16037.88,5381.77,,,,,8718.44,,,,352747.94,,,40877.46,,,,240.57,,,,,,,,,,,22824.3,,,155764.8,,,,2332.08,,,,,,,,,,,,,,4552.64,941.4,,,,
1993,,,,,39872.7,,,,,,,,,,,,84711.36,12274.2,,,,,,,,7105.23,,,,,,,,,,,,377.72,,,,,138157.31,5760.5,,125623.35,,,,,,,,,,,18733.44,,2732.24,,,,,,26820.64,,,2101.92,,,,,,,1913865.5,,,,,97780.36,523801.5,,,,,,,,207.28,,,34357.05,,,,101570.56,,,,,,,,,,,1699.95,,274.21,,,,,,43110.51,,,,,423010.78,,,,45.54,,,,301.95,44069.22,56728.32,5105139.5,,,,,316.78,9579.64,5217.05,,,,,9217.23,,,,374471.94,,,47389.5,6768.1,,,238.14,,,,,,,,,,,105680.63,,,597481.2,,,,2722.56,,,,,,,,,644570.25,,,,,4616.6,52.77,,,,
1994,,,66272.58,,39527.1,,,,,,,,,,,,79486.4,12924.21,,,,,,137022.23,,7027.02,,,,,,,,,,,,388.68,,,,,151923.52,7901.82,,261903.05,,,,,,1020094.25,,,,,12555.6,,2732.24,,,,,,28021.2,,,2078.54,,,,,,,1868809.8,,,962998.25,289167.2,100411.56,535828.5,,,,,,,,928.08,,,37530.15,,,,100179.72,,,,,,,,,,,4813.2,,717.14,,,,,,40386.26,,,,,473806.06,,,,45.54,,,,235.42,47512.17,57419.01,8858476.0,,,,,254.77,28239.8,19843.48,,,,,8987.4,,,,384509.8,,,49562.44,8477.95,,,253.82,,,,,,,,,,,298037.75,,,675409.7,,,,2556.9,,,,45.22,,,,,1663034.5,,,,,3919.89,4965.08,,,,
1995,,,56477.52,,38849.4,,,,,,,,,,,,75746.35,13312.35,,,,,,343030.2,,6911.19,,31625.79,,,,,,,,,,413.1,630117.2,,,,147609.0,10030.68,,359445.6,,,,,,1316158.9,,,,,16864.12,,2704.36,,,,,,43928.04,,,12414.96,,,,,,,2243266.5,,,816755.9,422237.2,103410.42,513669.75,,84602.34,,,,,,927.0,,703142.56,41116.68,,,,98299.24,,,,,,,,,12889.22,,5859.2,,719.57,,,,,,51239.76,,,,,494411.53,,,,40.5,,,,167.01,51206.32,57939.75,13861016.0,,,,807913.8,357.39,33491.45,110218.99,,6581.46,,98442.36,9005.4,,,,386208.53,,,50812.8,9071.2,,,251.86,,,,,,,,,,1644.39,351194.38,,,945143.2,,,,2609.88,,,,126.91,,,,,2644718.0,,,,,3755.4,5072.64,,,,3216.38
1996,,,60317.76,,38617.2,,,,,,,,,,,,69138.88,13554.24,,,,,,516261.16,,6713.0,2598.88,26639.54,,,,,,,,,,315.25,837627.4,,,,144843.94,12602.48,,447059.56,,,,,,1367547.8,,304697.25,,,18345.6,,2610.4,,,,,,45417.68,,,12414.24,,,,,,,2806714.0,,,1029292.3,166118.27,109082.88,501856.5,,136660.45,,,,,,1710.72,,644100.3,41085.0,,,,98411.67,,,,,,,,,51563.79,,6984.96,,1037.68,,,,,,52407.36,,,,,502786.56,,,,44.55,,,,206.64,54506.84,58189.23,16363262.0,,,,755904.1,357.39,64402.82,252720.16,,36278.0,,98240.87,8960.4,238678.11,,,386523.28,,,50198.4,13247.29,,,250.88,,,,,,,,,24180.16,1582.7,361323.75,,,937945.94,,,,2720.36,,158368.16,,218.44,,,,,3139788.2,,,,,3916.44,5273.38,,,,28963.89
1997,,,59754.91,482.25,42117.3,,,,,,,,2313.84,,,,53760.63,13457.7,,,,,,207137.28,,6583.64,13394.64,25240.2,,,,,,,,,,471.24,739188.06,,,61078.16,141726.62,12281.28,,568306.75,,,96067.78,,,1447338.8,,308744.53,,,20028.26,,2517.06,,,,,,49119.7,,,51136.0,,,,,,,2975804.0,,,1039823.7,499328.06,112994.33,500206.34,,146298.6,,,,,,2546.25,,594271.94,40745.46,,,,95954.04,,,,,2744.0,1223.34,,,51595.35,,3555.5,,1071.7,,,,,,48036.56,,,18699.3,,513048.53,,,,42.57,,,,244.24,56953.71,56208.24,17602610.0,,,,676570.7,301.5,67989.68,414305.44,,52477.04,,108783.18,8910.9,231201.62,,,385552.44,,,49922.02,10199.56,,,261.9,,,,,,,,,22739.2,1473.43,369432.97,,,941414.7,,,,2728.4,,163860.4,,221.76,,,,,3183741.0,,,,,4233.0,5470.74,,807260.06,,52689.12
1998,,,55674.32,533.6,49733.76,,,,,,,,35991.31,,,,63780.41,13424.45,,,,,,449568.47,,6555.78,12605.22,31992.73,,,,,,,,,,381.04,649538.25,,,68396.66,141565.9,11990.88,,661598.25,,,127859.5,,,1600556.4,,299089.25,,,19939.08,198092.8,2523.26,,,,,,48559.44,,,70923.03,,,,,,,3513224.8,,,986053.44,23587.89,115847.1,500453.34,,146925.88,,120002.96,,,,2353.16,827.64,544129.06,41309.73,,,,97322.2,,,,27637.8,3253.22,1716.3,,,51397.38,,3035.25,,1235.2,,,,,,48058.92,,,18302.4,,509626.56,,,,42.57,,,,81.2,49758.78,54196.56,18821854.0,,,,658538.4,288.0,75144.54,412174.62,,69976.96,,100812.53,9257.04,227154.52,,,405847.6,,,48753.6,10691.25,,,266.75,,,,,,,,,23020.14,1406.4,376046.44,,,939942.4,,,,2744.64,,164879.27,,238.08,,,,,3280905.8,,,,,4090.92,5382.16,,780722.94,,82679.28
1999,,,54161.28,520.5,49628.48,,,,,,,,53042.6,,,,60469.8,13601.34,,,,,,2911879.2,,6107.31,13560.3,35527.45,,,,,,,,,,339.3,670065.56,,,65699.48,143876.7,11847.68,,652245.2,,,153868.08,,,1811427.5,,297345.6,,,19680.36,183717.84,2484.02,,,,,,49728.96,,,90888.16,,,,,,,3554431.8,,,969387.6,420059.62,118679.04,508185.9,,145450.16,,211311.9,,10843.8,,2164.8,836.55,568165.8,39653.0,,76793.7,,98464.84,,,,35392.32,3654.18,17330.78,63634.8,308.88,48547.24,,5689.8,,1252.0,,,,,,46793.04,,,16518.05,,508477.44,,,,40.59,,,,169.26,50529.75,53122.41,22575448.0,,,,708243.2,257.28,89318.16,396418.78,,67575.8,,100590.3,9643.44,226819.89,,,397415.16,,,47351.04,11428.93,,1502.66,271.6,,,,,,,,,24252.21,1442.43,383644.56,,,921677.6,,,,2664.45,,165906.23,,228.78,,,,49472.28,3329791.5,,,,,3974.58,5189.5,63550.26,745818.4,,112153.97
2000,,,52493.76,601.44,50660.72,,20918.15,,,26529.69,,,68472.6,,,,62158.44,13418.01,,,64232.7,5328.36,182429.17,3236155.0,,6456.78,14328.58,36593.0,,,,,9891419.0,,,,,337.12,675500.25,,,70635.74,142852.64,11568.22,,662584.44,,,138066.52,,113748.48,1865277.1,,291247.12,,,19504.94,198104.92,2849.25,,,29480.55,,,49349.3,,,92330.38,,,,196916.34,,,2962197.0,,,1010436.56,555433.4,124414.92,495568.0,,144002.12,,232136.19,,47826.24,,2365.2,852.39,577577.44,39567.5,,74719.09,,100560.6,,,,35416.22,4236.54,17712.75,271071.12,253.44,44976.96,,5702.4,2210183.8,621.68,,,,,,45123.6,,,17196.96,,508052.06,,,,38.61,,,,154.28,50522.4,52747.2,36428268.0,,,,156496.69,226.56,97556.07,382647.88,,64586.48,,108262.0,9732.15,224359.23,,,402803.47,,,46013.89,11782.26,,146136.88,277.42,,,,,,55045.62,,,25135.72,1413.29,393370.22,,,898293.4,,,,2779.05,,162128.38,950638.2,198.45,,,16158.16,48265.96,3434913.0,,,28531.25,,3948.0,5017.35,100899.4,734054.44,,299383.94
2001,,,51492.48,580.44,51219.16,,25013.19,1333.44,239532.69,34763.96,,,68730.0,,,,63259.53,13486.77,1180.2,,85773.9,6866.88,182930.44,3081277.2,694.62,6414.21,12773.28,37937.22,,,,,10850783.0,68805.7,,,,296.67,684120.8,,,63456.8,142141.16,11260.28,,674777.5,,,136916.34,,218166.27,1899230.9,,326187.5,,,19378.52,210280.56,2661.66,,,31041.07,,,49985.39,,,95188.5,2008.32,,16421.15,204817.16,,,2791547.0,,,969100.5,558572.5,124511.04,504273.3,,148483.72,,223857.05,,61775.46,,2221.9,866.25,542377.56,40986.99,,72412.8,,104268.81,,,,32808.25,4861.58,18752.64,526369.2,247.5,44081.3,,5571.3,2232151.5,1293.52,,,,,,45209.55,170264.0,,18360.44,,493346.4,,,,36.63,,,,243.2,50522.4,52313.58,39315252.0,,67767.0,,1014399.44,235.2,103850.62,359814.4,,79253.3,,106015.28,10533.18,221383.95,532374.8,,409300.84,,,45036.65,12302.26,,108128.25,277.44,,,,,,54292.59,,,26250.64,1371.8,403986.4,,,885710.6,,,,2768.64,,159217.2,1022462.2,238.59,,,27223.07,48580.14,3455783.8,,,302489.03,,3902.52,5082.45,139935.0,706546.06,,297698.84
2002,,,49443.84,533.4,52599.16,463461.9,31376.8,1397.88,241230.66,63213.21,57115.0,,68909.4,41831.25,,,58278.88,13387.78,4882.54,,90585.0,6999.52,182288.27,3054092.8,2563.44,6382.53,11681.42,39293.76,,,,,11609770.0,338693.28,,,,281.79,660759.06,,4715.6,73446.9,140064.55,10797.6,76978.6,669548.5,,,132042.33,,237068.25,1883390.8,68824.08,336363.2,,,19600.02,221553.05,2712.35,,,25165.44,531474.4,,51289.08,,,97580.21,1905.12,,16878.68,204873.94,,,2828083.2,,,1027322.0,559230.1,129077.76,503162.75,,144998.5,,226599.7,982016.25,105544.89,,2053.21,808.32,537543.1,40540.5,,69819.75,,105659.19,410.76,,,30104.44,5305.75,19337.36,576810.56,320.76,45496.44,330124.03,5439.98,2248665.8,1336.8,,,,,,47136.04,527546.4,,17021.84,285990.4,494766.66,,,,36.63,,,,183.0,49816.86,51818.58,47303360.0,,68264.84,,956942.7,263.34,108297.6,362166.84,,93012.6,,105280.63,11422.88,215777.44,1031356.8,261047.6,420955.75,,,44757.35,11358.75,,113166.72,281.28,,,,,,51937.38,,,26809.2,1406.3,409067.2,,,883247.3,67387.71,101475.84,,2745.5,948.55,155656.89,948238.56,235.62,1166224.0,306262.62,174418.08,48159.3,3454687.2,313946.3,,344571.6,,3880.8,5052.64,232332.6,690487.2,,292006.56
2003,,,46741.39,532.17,54945.16,628710.3,32022.69,1313.73,239912.05,65043.78,56999.13,,72477.44,208854.45,,185372.9,62821.44,13910.12,4752.0,,49941.92,6986.88,188993.6,3151227.2,3519.88,6326.1,13011.2,40770.0,,47044.62,,,12030189.0,452805.56,,,,279.0,775808.4,5283.88,7599.9,64813.04,138664.34,10591.68,84099.04,671800.5,,,164456.67,,259071.62,1936222.2,74937.59,342697.22,,,19800.0,211770.44,2693.14,,,23249.76,542397.6,,53305.52,,,98388.48,1749.88,,15909.3,198542.89,,,2878235.5,,,1028438.44,549402.2,130436.04,507435.84,18019.8,149863.06,,242377.73,880098.94,106369.56,,1877.56,769.23,482775.94,39853.44,80852.5,66947.06,,116468.16,2339.4,115889.92,8822.15,28457.25,5178.45,19272.68,559370.7,352.44,45366.75,399341.38,5384.12,2268557.0,1184.0,,398237.4,3653.45,78416.4,,47303.62,535924.6,,18494.02,384916.56,495805.0,,,,33.25,,,13802.02,181.72,49370.08,51203.79,56323572.0,3216005.0,68763.66,388506.3,1194593.4,269.28,124352.0,346746.88,99986.4,105833.66,110365.52,113017.61,11077.23,208128.48,1257615.6,299145.6,419721.4,,,42452.65,12044.34,,126037.08,286.08,,,,2328.02,,50201.91,,,27203.4,1419.66,417305.53,,,885819.8,102731.34,103520.34,,2691.42,14333.6,153275.69,887919.5,219.45,1278827.2,477642.44,280569.53,45715.67,3597383.0,498943.16,624.96,417734.62,1079535.6,3829.76,4868.1,289727.97,675777.3,,284651.5
2004,,,44768.79,534.38,56419.0,654511.7,33075.77,1245.48,240280.66,65810.7,56930.5,232182.55,72232.32,221128.5,,404921.78,61584.1,14726.46,4973.64,14725.44,86867.55,7119.8,199031.28,3047352.0,3526.56,6234.03,11847.68,41621.58,,47517.68,,,12552674.0,488870.88,,,,299.97,748482.0,14234.22,10212.02,64834.72,135952.73,10611.92,91179.2,647785.6,,,168805.2,484472.34,277929.53,1946824.9,71740.2,424569.0,11790.0,,19981.17,262453.1,2324.0,,,30568.32,551887.2,,54955.6,,,97681.0,1499.81,,15348.97,202191.3,,,2882010.2,1621347.4,,1021686.06,548817.8,135673.56,521774.4,48756.96,150214.95,,256393.17,902615.06,108381.24,,1701.8,710.4,454488.28,36910.04,72423.9,67332.75,,125303.31,2454.27,224871.52,31267.8,27504.4,5080.7,20004.74,585790.9,336.6,46229.04,470687.4,5302.99,2256935.0,1119.6,,382839.0,3438.25,379800.72,,47402.6,544325.7,,18544.54,420115.6,488880.84,,,421380.97,31.68,,,183030.84,195.0,49240.4,50448.42,61660724.0,3235613.8,67159.3,548103.8,1105410.2,267.54,114348.0,344113.28,354840.38,105524.4,113416.2,112507.2,11898.99,209383.02,1368244.8,284252.66,432307.2,,203993.1,40123.9,12454.56,,115281.9,285.95,,63765.83,,3854.9,,50448.42,,,28144.59,1425.6,424851.03,,,876031.7,146051.9,103018.56,,2898.72,17630.64,160056.0,996289.94,221.48,1319145.2,690592.56,390219.34,46620.24,3621435.5,498816.44,1942.38,477773.0,1316087.4,3821.58,3266.78,335412.03,731782.75,,280296.7
2005,,,42118.44,573.54,56492.6,612646.3,34655.53,1243.44,243020.45,68499.86,64036.14,256877.06,88847.99,213009.3,,1638800.1,64452.48,15550.64,4983.87,37397.16,86774.49,7106.88,202419.84,3065843.8,3426.08,6121.17,12426.95,42620.84,,48228.46,,,13406823.0,569805.4,482553.34,,,297.99,774110.6,12433.12,10252.32,64608.3,127308.55,10697.28,94545.0,658674.9,,,177116.34,520085.47,290476.2,1992365.5,84949.44,436814.4,12844.0,,20078.19,263093.25,2550.73,12181.4,,37678.26,588304.06,,56399.6,,,97986.66,1785.96,339027.7,15105.99,210162.14,,,2946240.8,2145731.0,,1044265.75,589192.5,133756.8,531894.75,48743.64,152109.25,,261993.05,962327.2,108702.08,,1282.5,712.8,467110.72,38382.3,78878.73,68219.69,,127706.32,2484.25,359367.03,44514.42,27704.85,5197.45,20415.78,595887.4,315.81,47661.57,545992.6,5423.32,2240700.5,1372.38,13685.66,453087.03,3397.45,591833.4,,47739.72,547203.0,42372.12,18085.65,453854.88,497689.9,,,973949.94,27.52,,,273287.12,212.8,49575.21,51525.54,69789520.0,3397357.5,65804.84,563666.3,1132878.5,266.56,122786.37,345404.9,323191.4,103169.7,115077.28,117105.12,12882.57,205996.98,1429562.8,305905.7,445794.53,246961.0,325169.03,40253.76,12887.41,,109650.67,289.75,,46510.75,,5361.6,9220.47,51918.57,,,29112.75,1432.53,433718.16,,,864151.7,151330.69,106786.35,,2929.41,17765.95,160811.45,1088738.6,180.12,1295867.8,731087.4,403684.9,46775.04,3702358.8,502899.22,1874.07,512152.1,1326228.1,3769.19,2669.85,639531.2,790832.7,368998.38,269941.75
2006,,,40037.9,614.04,57365.68,589511.2,30349.02,1228.59,248905.7,66468.06,77127.44,287913.1,111421.02,231828.69,412334.97,3083252.2,66085.44,16268.0,5221.44,35470.8,87023.02,7321.58,198721.1,3078980.2,3063.48,5992.47,12512.45,44167.56,,48703.2,,219857.55,14722592.0,579284.06,511156.16,,,301.95,759211.06,12838.83,10394.9,63521.04,115249.66,11373.9,97817.72,619092.9,,74.69,168892.92,528560.0,303233.28,2024535.0,85645.28,452899.78,13428.25,,20153.43,295691.75,2295.72,23263.24,,40551.0,601888.56,,58106.75,,,99365.52,1641.64,345659.1,14733.06,203104.86,,,3050406.5,1592866.8,,1119792.1,535059.2,133297.92,535389.1,46981.95,163580.62,,293058.8,1038962.4,102114.9,261381.6,2323.2,700.92,440783.62,42381.9,89971.65,68019.12,,133012.45,2171.75,356855.25,45708.39,27355.25,5234.5,19708.04,599370.2,288.09,47412.4,562942.3,5554.64,2227720.2,1497.68,21031.59,511118.1,3391.84,701847.75,7246.8,48584.48,558823.5,71005.6,17803.38,500110.38,493705.5,,,1500921.9,33.66,,,450145.66,267.3,50289.48,53393.67,75480664.0,3151122.0,63407.52,566222.2,1783112.1,262.64,137276.19,351505.4,323489.28,105100.47,114744.24,116372.84,13703.04,208318.77,1442399.2,323208.28,451040.62,685590.6,350971.5,40195.45,15542.01,,114649.92,283.36,,66184.38,,4266.0,9229.08,53288.73,,,28906.26,1437.48,443332.06,,,851107.2,169087.6,106748.46,,2934.36,16689.28,164745.9,1038115.06,224.07,1339898.4,747939.8,407859.84,46068.35,3735773.8,504806.8,1821.6,415105.75,1303952.1,3718.18,2411.32,637283.4,865748.94,378481.4,282236.03
2007,636105.94,346990.66,37954.42,652.47,61074.2,600849.7,33569.9,1203.77,256346.45,67491.7,95540.76,327047.5,114222.22,265384.8,501415.3,3342115.2,67025.35,16672.36,5144.76,35641.04,83874.7,7219.2,203848.69,3043350.0,3327.54,5806.42,12588.45,45727.17,,49544.46,,211967.08,15086672.0,581290.56,532154.56,1547793.6,84738.56,304.92,752337.44,14251.5,10512.96,63817.45,116033.31,11430.63,103303.53,589259.1,5970.5,964.41,160562.25,628717.5,297555.12,2066604.4,87122.6,461471.03,13850.05,1442071.4,20246.49,323969.53,2377.8,34569.0,,46185.02,688500.2,193576.56,61333.1,,,102609.5,1729.92,328687.34,14763.64,200064.39,39146.3,,3578746.5,1571642.0,,1145341.1,503404.72,139360.31,541444.3,43661.36,173063.1,,294070.53,1079282.1,107651.62,270467.16,2624.64,705.87,394439.5,48164.49,77748.0,69281.6,,136224.9,2481.93,358184.12,45199.8,27582.72,4815.45,20067.32,610887.06,256.41,44958.75,587837.9,5684.98,2216146.5,1434.06,22520.64,434983.1,3249.66,785419.56,7032.6,50194.62,571286.25,79989.56,16994.4,453826.8,500134.1,,,2399326.8,34.65,,,521910.3,274.23,52214.8,54374.76,82675020.0,2911598.5,61376.8,558035.3,2043510.0,239.33,117750.44,360202.9,305572.47,103390.36,106640.86,118902.42,14031.38,209016.72,1435134.5,320799.38,462031.7,907140.0,376936.25,41466.24,14298.3,125118.0,116146.8,285.74,,69616.8,,5052.09,9256.8,53384.76,,,28669.96,1438.47,461116.47,,,837112.3,163166.64,108706.5,,2920.5,16840.58,167160.56,1204210.5,226.01,1267232.4,870330.06,406430.25,45322.1,3811872.8,522080.47,1790.91,365901.7,944131.8,4067.28,3050.8,662076.9,895583.25,387684.8,297823.7
2008,647527.7,377303.84,36352.8,686.76,65948.36,637087.5,35807.37,1232.84,267383.94,65153.34,106983.04,318975.03,121473.94,250155.75,542930.25,3321007.8,69395.52,17209.74,5060.7,32193.04,96180.14,7086.66,215957.28,2902560.0,3080.4,5732.16,12519.36,47721.92,,102382.84,,220869.3,15874900.0,569603.2,559167.8,1678148.2,100667.73,304.92,726649.1,15654.06,10683.96,63471.24,115833.5,11487.36,110156.31,596050.94,20774.16,967.68,160287.66,673103.3,295184.78,2098162.5,87279.35,477838.5,14377.3,1609052.1,20146.84,364291.38,2265.94,39006.58,,45266.29,688318.1,198044.22,63814.66,,,103454.05,1779.03,367463.8,14650.29,197580.12,39980.49,,3913603.2,7511135.0,,1225392.2,606121.56,142823.34,540792.0,42603.36,178380.1,,329812.56,1204485.9,115430.0,306066.66,2363.84,708.54,412880.9,50382.09,95348.49,70083.63,101685.0,138768.0,2368.32,358918.12,45252.24,27856.32,5262.12,21393.72,634712.7,226.71,44753.86,551056.7,5894.7,2186786.5,1468.58,23059.81,448634.62,3422.8,777969.3,7255.86,51663.36,587100.75,82820.06,16547.85,488011.16,502255.34,,,3104583.0,33.66,,,512053.9,283.14,55593.9,55730.07,91624960.0,2955900.0,62562.42,554962.6,2074863.0,236.44,113800.5,372701.84,306774.0,99893.51,107406.72,117533.76,15584.02,204319.83,1503785.5,324120.66,483879.9,923381.2,359071.7,43131.05,14313.87,155824.12,115891.86,290.29,,64297.41,,5855.85,9339.12,53408.52,,,28152.9,1435.5,486781.72,83066.59,51612.0,840005.06,172623.5,109675.2,25514.63,2859.64,17146.8,174217.23,1148639.4,235.62,1333744.8,863098.0,391174.56,44741.18,3935725.5,509511.72,1778.04,311588.6,1275524.4,4478.95,1384.76,669387.44,837079.94,435196.62,313429.5
2009,652804.75,409103.03,34497.96,704.64,70042.02,678262.6,38239.74,1311.24,274364.38,65005.6,115721.2,342132.75,122796.18,268929.44,552526.25,3291479.8,70829.76,17720.36,5379.85,32175.9,101884.72,7307.01,228850.69,2943115.5,3535.86,5806.08,11882.61,48976.82,67689.72,158224.92,,223591.22,16983090.0,630107.94,546295.2,1812207.5,108797.25,252.56,721160.4,16340.21,10454.64,63605.7,117336.0,11932.8,117484.29,616400.4,20831.34,988.02,161259.2,735999.3,291073.5,2156807.5,87125.45,487374.72,15075.55,1742030.1,20277.18,394212.66,2248.14,38881.43,,29194.02,703489.44,202731.33,64575.81,42198.4,,105075.7,1773.09,355545.97,15507.52,208726.55,40988.32,,3929271.0,9529322.0,,1271730.2,710700.75,145078.22,545654.4,40542.3,188141.38,,351481.7,1234362.8,116242.56,316307.03,2548.18,696.46,418768.12,51273.09,104792.02,70040.7,111675.51,140432.05,2343.65,355055.88,48070.75,28485.75,5370.35,21743.28,650951.25,251.46,40308.99,564993.7,6215.16,2141803.5,1468.17,22677.45,444269.0,3489.02,824742.1,6930.42,55785.67,604616.25,74347.52,15959.79,510145.0,487471.7,,488245.0,3787380.5,31.68,,,547435.44,297.0,59132.19,57009.54,98278050.0,3000127.0,62491.15,548520.5,2126193.5,173.88,135061.12,382868.38,310779.03,98088.0,105391.5,120400.28,17212.14,201807.55,1615405.5,325207.06,496440.56,867401.25,359270.16,43581.12,14843.92,173254.2,107622.97,287.47,,63662.22,,5855.5,9716.16,55072.71,,,27579.2,1420.02,523437.6,120865.92,173572.62,826131.2,195114.0,115598.78,22574.88,2835.36,17184.6,180786.88,1171945.0,222.04,1335288.0,977722.94,324618.38,44783.95,3854807.2,587330.7,1776.06,489218.53,1431777.0,4881.1,3158.1,664243.8,848304.94,483086.7,314057.7
2010,698188.94,442598.38,34058.97,710.4,72849.06,690677.25,39424.54,1368.08,271278.56,67268.34,122945.6,367104.97,125174.62,263929.75,560455.4,3114458.8,72105.95,17785.35,5589.92,31598.56,103196.16,7204.8,224596.19,2820419.5,3250.8,6037.44,11466.0,50653.05,70392.15,213810.23,,222382.4,17420464.0,626868.94,587916.8,1585618.2,113135.64,310.86,681919.06,14911.0,10122.42,65781.68,119664.0,12037.44,120029.58,628400.06,20502.24,980.98,171425.7,779988.94,291916.8,2215077.5,88324.35,490772.47,14945.06,1897151.9,19791.1,496757.75,2253.68,34300.65,,54948.0,715554.3,232899.84,66122.96,43865.9,,108349.4,1727.57,363399.3,15050.85,209152.38,42347.29,,3976228.0,9801903.0,33073.08,1301231.2,704484.0,148479.84,545117.75,41110.9,193419.66,,362201.4,1283951.8,122875.2,317841.16,2778.23,634.56,428770.66,52393.77,115678.28,70708.95,97538.7,141825.6,2433.73,361246.06,49548.54,29279.12,5412.52,20566.0,660663.06,320.76,43770.72,527262.4,6487.36,2101846.5,1451.12,21852.0,464924.88,3108.0,830170.25,7302.6,59915.52,634958.5,77444.48,15234.12,518849.78,473041.9,48831.39,497247.8,3021298.8,29.7,,,497115.97,313.83,57748.5,60102.9,98126170.0,3096535.5,69731.08,540230.5,2167668.8,196.8,118245.6,402857.4,307414.28,97002.91,114011.17,124536.44,18187.5,210366.8,1643669.9,324812.25,508728.78,919815.75,381907.9,42841.92,14490.72,180743.62,103778.45,291.92,,61015.73,,5847.66,9383.64,58031.82,,,27437.81,1458.27,534429.8,202325.38,190377.94,815114.0,204375.88,120137.28,21949.2,2803.68,17202.6,186647.86,1195349.8,224.28,1452464.6,1010509.6,246284.64,44515.1,3790434.0,616352.25,1773.09,450268.25,1332159.0,5447.25,4021.2,678423.9,821998.25,437366.0,403570.8
2011,739096.06,467764.0,33819.39,704.88,75946.8,673439.1,40519.4,1305.81,272362.3,70124.88,124500.05,386224.3,126579.18,266846.25,574365.6,3092479.8,71242.56,17906.13,5274.4,30590.56,106051.68,6857.1,235182.95,2862646.8,3238.69,6073.83,11900.65,51762.65,79321.9,267714.3,,228591.08,17542104.0,499723.1,586246.7,1913383.5,112709.8,294.81,642911.94,17170.21,9113.4,60230.52,122148.48,12292.8,119054.43,614135.6,20242.29,966.28,167536.8,809354.4,286521.84,2259853.5,88310.18,472725.62,14920.62,2024144.2,19648.53,577536.7,2145.55,40059.0,,52170.02,709768.1,234086.58,67273.92,48430.24,,107148.6,1666.62,342327.9,14698.65,209114.55,41744.64,,3920447.8,11322621.0,68477.9,1321673.8,799361.2,154960.55,536447.06,38988.68,196321.44,,365925.78,1381182.8,135977.28,318455.4,2981.1,506.66,461268.72,54852.93,118591.92,72033.6,108960.39,141293.45,2401.74,359231.4,51319.68,29485.15,5624.0,18145.32,670947.2,350.46,42338.88,560896.25,6724.8,2222096.0,1362.59,23976.0,440016.72,3369.38,359998.8,7405.58,66714.12,685343.9,94407.0,14557.9,547135.3,468828.47,49951.94,549897.75,2836736.5,28.71,37415.2,,550920.8,334.62,60720.2,63776.79,101514900.0,3844657.5,65058.6,519713.75,2214869.2,216.58,127202.7,410435.75,305249.03,95812.72,114525.32,130275.09,18977.58,202249.92,1631812.6,324089.62,520392.75,1163080.4,405244.38,41873.28,15914.16,189570.89,103299.63,314.64,,64227.38,,5654.4,8916.0,58360.5,,33446.57,27505.66,1510.74,416025.06,176819.61,200605.95,805605.06,220756.8,127379.43,20785.41,2891.79,17202.6,194228.16,1202808.0,250.56,1463222.8,1059652.4,106609.65,44367.85,3666303.5,618107.5,1697.28,447692.7,1416488.0,5935.27,4312.5,625460.9,855039.5,436524.38,438184.75
2012,752805.3,502721.97,34314.39,682.88,79830.72,679892.9,41021.0,1210.3,275561.16,73456.48,125142.0,400053.12,127918.42,292670.4,581992.2,2946322.0,66457.25,18237.78,5100.48,29865.04,105473.92,6898.22,230903.19,2791341.0,2984.1,6604.29,12151.19,52047.65,85305.47,267701.0,,218475.0,17458664.0,666939.6,618199.9,2009659.2,103696.86,310.66,676240.5,18244.04,9347.36,64468.04,124312.32,12643.2,112958.01,592807.56,18792.81,912.77,155312.69,835364.44,287287.44,2249667.2,88281.04,458160.0,14414.9,1942691.9,19241.64,606226.1,2100.84,45549.36,,52044.4,737568.6,222925.02,70731.5,48360.69,,106001.7,1715.93,376850.88,15366.74,211107.69,40261.44,,4196167.0,17879050.0,68188.15,1324567.0,713614.9,155771.33,525699.8,39305.28,195662.88,,356951.1,1350325.0,143400.0,317853.9,3026.8,534.1,457493.84,57452.5,119899.78,76096.0,115004.0,141832.45,2158.94,355876.28,52155.95,28260.84,5653.16,17134.2,681761.5,340.56,41266.94,526332.25,7174.53,2251568.0,1180.0,23999.22,445762.2,3903.21,519681.16,7087.5,66879.45,731014.4,104531.2,14277.62,545859.8,479824.1,52895.64,551315.0,2704892.0,28.71,36911.0,,533729.7,281.24,58411.44,66285.24,108847930.0,3962658.5,64431.7,537947.0,2218969.2,206.48,127493.61,391289.28,311954.88,96642.7,115137.75,133721.28,20407.92,192828.48,1683132.4,325889.2,531159.0,1164974.9,413007.12,42603.37,16559.08,196401.66,106696.08,305.36,,66224.81,,5573.76,8446.64,58807.98,,34604.1,28371.75,1545.46,323007.88,220874.8,201524.4,801042.2,222577.9,134701.98,26375.74,2755.95,17531.52,197393.06,1211553.2,263.84,1520974.4,1093434.5,231658.3,44068.6,3569466.5,612417.94,1654.08,466817.6,1465989.1,6334.5,4815.04,611310.0,784315.7,428475.84,464912.28
2013,738267.5,539180.25,35455.86,612.88,85174.74,693804.6,41496.0,1185.03,279107.9,76111.15,131773.28,406294.1,126521.92,290390.1,581911.44,2961897.5,64402.4,18864.45,5110.93,28129.92,111015.38,6839.05,216527.34,2779922.0,3055.78,6588.54,12173.5,51937.45,42370.14,211024.0,,217189.8,18131192.0,605269.5,561722.8,2084013.2,110322.55,298.9,656806.1,17849.98,8987.52,67485.42,122849.28,13046.4,107587.26,590432.44,18962.5,918.59,167571.2,871532.9,282578.62,2429136.0,88117.48,438294.84,13384.56,1853771.1,18958.5,628275.8,2096.58,45179.31,,52761.6,738871.2,214627.84,72182.55,49380.33,,100818.48,1706.23,380815.7,15634.92,213612.3,39502.08,171704.77,4510481.5,17004388.0,66765.05,1376542.5,789766.94,158002.33,517176.97,36824.28,201586.98,,378028.53,1237551.5,148078.27,302866.2,3083.7,642.14,453273.47,60212.79,129185.35,84873.6,118052.0,136638.72,2079.99,354421.97,52438.98,28286.88,5719.9,18195.58,677745.06,333.63,40610.57,544769.4,7320.06,1800617.0,1070.4,23251.87,450341.75,4071.14,669702.75,6969.6,66599.82,766750.8,108033.6,14099.26,509112.03,483014.4,57697.81,582309.75,2816766.5,28.71,91931.07,,544576.5,306.24,57175.47,68954.76,108668536.0,4041299.0,61376.0,494479.03,2082166.0,228.69,133904.62,379404.47,304183.47,91288.96,115629.3,134724.16,22289.63,188922.23,1794124.6,326248.88,540862.0,1183507.8,429260.97,44046.73,15398.16,200997.0,106413.64,266.43,221997.6,61869.99,,5904.39,8467.92,57565.2,,39965.8,29101.1,1577.8,473541.6,221915.06,202455.12,806225.3,231277.44,140531.02,25911.18,2754.18,17448.72,203565.6,1222038.0,247.5,1539283.2,1123298.4,237480.52,44123.7,3592922.0,616206.7,1649.0,474564.34,914757.25,6660.36,5025.2,664758.8,823637.1,440895.84,463237.1
2014,735031.7,566535.2,36468.63,589.95,90517.68,691668.0,40920.93,1116.72,283112.84,79226.14,137831.66,408366.06,124772.62,287487.03,614173.56,2985733.8,62686.7,19959.66,5038.08,27175.26,114159.3,6995.8,211925.4,2771799.2,3110.46,6647.85,12359.16,51958.35,82142.55,211857.25,,228419.9,18377746.0,594470.4,571469.8,2214593.0,121165.76,288.09,642151.8,17332.8,8958.5,63993.02,121032.72,13062.72,106561.62,603421.56,18014.88,915.68,185742.11,902887.6,260376.81,2458193.0,87292.16,419223.38,12869.34,1918073.6,18874.35,627810.3,2022.57,40842.9,,50553.23,819792.56,202483.31,73012.8,49668.44,23661.32,92935.68,1685.86,295294.03,15816.22,213928.11,38212.8,157933.44,4365098.5,19336006.0,64372.95,1431460.8,817276.7,160424.42,498598.94,35398.84,216865.19,,369715.3,1291951.4,146036.16,321926.4,2412.75,637.98,445912.84,60511.68,129344.71,94284.8,94341.24,131069.84,2097.81,355530.78,50063.2,28483.88,5905.08,18757.88,668669.75,331.65,42427.64,536024.25,7331.94,1914245.8,963.8,23266.42,474534.72,3861.9,785633.2,6808.62,72505.62,812106.1,111247.83,13680.88,524147.25,491649.6,58715.36,654852.8,2851114.2,27.72,167290.25,,544399.9,323.0,56126.43,74212.38,113468180.0,4291111.5,61651.2,487638.8,1939205.1,233.64,119584.4,374247.38,306926.03,84419.16,121275.72,135583.47,21369.79,185595.48,1842326.9,333392.1,549449.75,1206424.2,421923.2,44750.4,14701.61,181956.75,108061.46,264.77,250766.7,61588.48,,6055.3,7946.32,54386.93,,48404.58,28926.66,1614.69,303970.25,210541.69,203362.31,791638.6,238724.77,144534.84,23889.25,2682.26,17307.96,212470.86,1243573.5,232.29,1700980.4,1150519.2,113795.0,44715.55,3627684.2,642132.8,1658.16,448639.62,1503131.8,6991.8,4779.81,683987.5,970083.75,486235.4,444250.16
2015,775350.4,604231.4,36725.04,569.64,95501.34,709750.75,40856.16,1074.15,289752.66,76944.48,140961.0,409030.66,123664.24,295242.97,623825.94,3018920.5,60791.76,20672.12,4928.6,24192.46,117828.81,7069.74,222101.28,2781553.0,3184.51,6634.98,12068.1,51832.0,77650.26,266546.3,,230843.52,18153462.0,686281.7,582391.06,2190211.8,109112.32,277.2,641082.25,17458.4,8618.31,64107.44,121443.3,13123.13,105177.1,627613.6,19392.24,905.52,168389.28,929252.94,236111.45,2500136.8,87468.4,412121.97,12472.46,1973778.6,18775.35,656954.3,1932.06,47512.8,,54836.78,752195.94,190240.8,74165.23,50125.1,18244.4,88860.48,1542.84,280928.2,15529.65,212151.38,36491.74,160197.77,4082610.0,21317028.0,62367.5,1468351.6,806993.4,161374.08,472148.9,34168.68,235217.06,,390671.12,1238389.6,147035.52,329794.0,2610.06,600.66,428603.97,62446.23,128597.32,97168.8,96582.85,137832.16,2105.73,352352.88,47399.64,28412.44,5977.46,20118.82,658271.8,329.67,42012.96,495985.12,7270.56,1713616.9,958.8,21942.0,513279.9,4105.9,796690.6,6386.16,76090.41,826162.6,101533.51,13254.08,509014.88,514337.66,62944.56,689532.5,2820136.2,27.72,165511.44,,538385.1,301.21,54763.92,79156.44,116116056.0,4470118.5,56460.39,493206.3,1770824.5,214.2,114145.99,369230.4,319852.8,80784.34,122021.44,137696.12,25427.16,177138.0,1851628.1,341635.84,556743.9,1211048.8,424711.56,45284.16,17038.08,188255.72,107496.52,272.16,271213.44,62312.6,169239.06,6060.48,8170.16,53697.6,,61879.09,26365.5,1596.62,237492.5,251985.3,200746.66,768216.25,244506.23,152537.22,23498.44,2607.36,16761.6,216147.81,1304408.5,237.12,1745709.1,1219067.8,109128.8,44939.75,3647502.8,681094.25,1665.18,494674.16,1587586.4,6647.2,4715.2,640381.75,989733.2,514518.3,417920.16
2016,810600.75,641577.8,35761.77,534.86,99536.58,701755.75,39342.76,1010.16,295652.56,74105.73,137840.02,411438.0,121080.25,318678.38,631416.25,3028881.0,60447.66,20937.51,4685.9,22438.26,114852.48,7250.4,217183.31,2591745.8,3161.23,6618.15,11407.2,52004.9,75802.02,271378.1,,227439.5,17782334.0,791690.44,615041.7,2259114.2,97151.94,265.32,630797.44,16422.0,8846.4,68179.36,120299.85,13429.65,105989.76,664810.06,15658.36,875.16,165702.4,913907.56,246747.38,2591969.5,86374.0,411026.84,13003.26,2087760.0,17822.0,650671.2,1871.88,45411.0,,55099.72,791996.4,189825.95,72461.25,49671.45,24647.65,88617.6,1534.08,336515.2,15950.68,206721.9,34216.64,148236.31,4019094.2,21249276.0,60509.3,1523893.1,829619.4,162988.66,458935.47,36033.62,236089.84,,335281.8,1224362.5,145833.6,332901.66,2560.41,617.4,421331.4,60644.43,131087.66,96063.2,108069.93,138133.81,2014.95,345042.72,49639.59,29258.1,5973.7,21648.2,652930.75,331.65,43791.93,551506.5,7094.22,1805221.8,771.61,22129.48,570234.8,4388.28,811691.1,5751.0,77268.51,841267.1,105185.82,9540.72,484801.8,521395.28,59889.3,673345.6,3588355.5,27.72,163906.92,,514557.16,313.31,54763.0,81489.87,117386270.0,4640392.5,66753.2,488001.6,1962469.4,226.38,108284.46,361512.06,322544.62,82125.96,124414.36,141194.8,26894.14,177888.6,1869446.1,346727.9,562330.9,1244301.0,445507.2,46173.12,18800.0,183987.72,110737.06,260.58,286642.16,59888.01,151699.5,5969.28,8579.34,54281.28,,79227.5,26221.5,1594.56,243146.67,252281.2,204058.64,745683.8,256954.94,155247.69,24975.85,2583.36,17862.55,213270.55,1361033.8,228.42,1713940.6,1293058.0,120659.5,45082.25,3712389.0,708438.06,1650.33,470464.7,1620979.2,6839.64,4351.94,664721.8,993309.1,549341.3,421000.2
2017,799176.3,645593.94,34163.91,571.34,100726.36,639960.4,37796.46,1023.15,300397.6,78774.3,123982.56,393996.34,119338.13,317046.9,636295.7,3048464.5,60104.52,21100.38,4449.96,22006.6,116957.12,6785.68,209690.88,2355490.2,2916.0,6571.62,11085.76,52343.1,76174.98,275202.38,60432.96,220216.56,17584012.0,758628.3,604016.9,2362111.0,97284.75,253.44,626635.0,17410.02,8899.2,67354.86,117130.86,13828.32,104973.56,689933.2,17435.16,761.67,167199.39,922156.7,248153.25,2540665.0,85182.7,396798.84,13058.48,2180346.2,16762.2,673626.56,1962.4,46492.5,,54120.43,845098.6,193458.58,69884.12,46219.74,26509.28,90482.88,1460.16,372614.97,15968.14,197294.4,32815.48,143604.66,4011419.5,21607638.0,60079.9,1539061.9,917823.1,167941.92,451780.9,33422.34,232987.6,,400656.97,1130029.4,137112.2,328555.8,2844.0,610.54,400755.3,59616.81,126491.82,91624.8,118919.2,136123.02,1692.0,338901.75,50956.06,28944.48,5963.36,21675.64,652294.2,359.37,41749.01,536799.9,6926.64,1246423.5,827.38,20569.64,590617.75,4150.96,810474.06,5528.29,77014.08,861084.9,110388.48,12364.8,506948.62,528875.6,63852.8,732257.1,3721483.2,24.75,161222.64,,529764.3,271.44,56403.76,83456.01,117366270.0,4611577.0,62975.07,479240.97,1922602.0,214.62,85460.76,351735.3,328353.72,84483.84,124543.51,144144.0,27411.23,184482.08,1853488.6,351680.84,565240.5,1312721.4,447011.0,46408.32,16864.77,198659.7,100741.84,232.88,306848.12,60728.07,157854.84,5785.5,7375.36,55690.56,,91406.72,26010.0,1634.45,228948.25,256996.2,212919.0,720861.56,257996.72,160213.69,26638.02,2572.02,16198.0,211900.5,1341156.5,223.68,1720906.2,1330480.8,228488.52,43528.65,3619700.8,716651.1,1591.92,360350.75,1548473.2,7277.7,3910.12,644694.75,945638.4,550374.7,406803.88
2018,865363.25,763168.9,32731.38,539.0,103290.66,617830.9,35273.72,994.65,295525.06,75519.1,111294.34,383105.7,117997.59,313540.97,637174.75,3066611.0,54996.7,21328.56,4085.1,22671.2,109065.18,7494.72,207169.66,2468844.2,3064.7,6481.53,10405.19,52665.15,74029.6,273421.72,60530.94,217980.34,17963252.0,759804.44,570634.94,2444807.5,113079.12,244.53,627120.75,17147.9,9185.54,66610.6,112427.37,13956.36,108852.48,704631.8,19252.8,759.52,173029.92,926900.5,247896.55,2523536.2,84776.1,389525.75,13071.15,2136988.8,16879.58,657182.7,2028.52,44396.8,,53459.19,817504.4,213211.62,70221.51,47751.88,28388.44,89519.04,1330.95,347487.66,15751.0,200895.23,32364.93,141003.52,3943184.8,21596058.0,59381.68,1519994.5,946779.2,168031.69,444627.56,33969.4,225755.52,,394491.16,1269168.8,138060.62,322891.12,3015.3,602.7,366057.44,53563.51,121663.5,84657.6,121320.99,100814.46,2001.65,334740.78,51374.7,27583.8,6120.0,20580.48,650830.94,371.25,41489.72,625665.56,6748.28,1160626.5,811.44,20034.84,596110.56,4635.4,830184.8,5374.8,75379.59,881737.3,114251.06,12191.93,533273.4,529682.7,66189.3,694211.7,4111832.0,22.77,160951.23,,530816.6,268.2,55997.16,85225.14,117209120.0,4926442.5,68285.36,479141.28,1897168.4,207.76,83724.9,343855.34,330843.72,84884.66,120915.52,144849.88,27991.74,189870.66,1738659.0,352530.0,557166.06,1319852.2,443635.03,46006.13,17445.4,208330.23,93736.58,198.12,326171.53,59046.26,169153.6,5661.05,8773.11,57491.9,,110740.4,25984.8,1694.88,219669.0,300093.6,211158.2,680864.3,251005.44,162510.48,26876.23,2472.03,17919.99,205253.94,1367205.9,201.14,1761582.4,1346807.4,277761.9,40324.83,3569977.2,710552.94,1462.76,313504.2,1189546.5,7363.55,2563.88,609567.7,903570.3,533789.1,400578.3
2019,842932.4,746187.5,31228.56,467.46,103033.28,574966.75,33924.08,1005.84,290570.8,77106.48,97911.36,394286.53,116503.79,307797.84,631357.06,3100201.5,59013.15,20642.49,3935.58,23134.41,95916.51,7744.94,187243.5,2048437.5,2889.0,6376.59,9574.87,52840.9,71151.96,320528.88,60381.9,215783.05,16508506.0,718138.44,572669.75,2603671.2,136144.66,235.2,638634.56,17533.62,9077.76,63202.78,111513.6,13413.8,110431.59,703800.25,19496.45,760.32,179447.06,889482.0,251743.66,2424457.0,84801.75,367210.16,12937.47,2165373.0,16965.3,627549.5,2047.92,45269.7,703418.5,51498.84,810803.6,224370.73,65926.96,45357.78,30296.92,86506.56,1284.04,354291.53,16441.92,196284.0,31906.44,135590.22,3874976.5,21608798.0,57769.74,1451249.9,913262.25,171354.38,427451.56,32828.16,208853.62,916365.75,392613.3,1297785.2,148163.9,320906.97,3104.97,582.97,334714.1,51721.48,106751.04,77556.0,107109.18,99055.16,1927.4,331908.38,51748.16,26312.0,6257.28,19858.41,647067.94,371.25,38703.56,599127.7,6574.82,1171661.1,765.88,19319.08,615005.2,4641.28,816849.9,4919.12,73747.94,902875.94,121150.4,11967.86,558436.6,506577.66,66240.06,723718.0,4434136.5,24.75,159390.0,54506.88,531535.0,275.52,55261.64,85284.54,118234140.0,5216870.5,67671.12,474723.03,1862068.2,201.88,84441.35,345194.84,332240.53,84949.34,118167.44,144181.62,28878.64,183695.4,1606128.0,359919.7,543506.9,1358933.6,440316.25,45259.23,19387.5,215798.2,98151.36,206.19,362608.9,60869.7,169537.3,5583.15,8239.77,57568.53,,115205.93,26018.1,1705.77,250592.06,346291.4,224076.44,657952.94,254002.27,163545.03,27297.04,2408.67,16627.47,200556.02,1342980.5,213.44,1854359.8,1385011.8,292229.62,38540.0,3507742.5,716447.06,1395.52,313941.12,1345672.0,7849.8,4015.4,698271.6,949722.9,530077.7,403189.2
2020,807477.75,703806.25,29841.0,433.16,96076.89,479687.25,33316.88,957.6,287447.2,72475.25,78095.92,396797.53,115480.44,300727.7,619482.5,3144535.8,56529.2,19565.7,3641.21,22585.6,87493.03,6048.24,169898.0,2161785.8,2712.35,6289.47,9072.96,53195.25,69915.2,317006.75,62652.96,203670.94,14721861.0,652098.25,588161.25,2570151.5,119677.05,205.59,621089.06,16757.3,8802.45,59134.53,108928.71,13486.18,107949.12,698075.8,16041.2,731.38,166551.39,836797.06,205930.2,2257556.8,85569.35,349214.7,12924.9,2275357.2,16966.62,645210.56,2144.56,41385.96,687208.6,46095.28,788456.0,231935.94,63805.25,43349.94,31714.56,83449.92,1020.24,352957.5,16606.26,180292.0,30911.79,145150.22,3482164.0,20075912.0,56845.56,1335107.1,808307.2,168801.6,403701.8,32035.9,180123.8,817465.06,365262.47,1296326.1,143448.0,316633.94,2989.08,583.11,308854.84,49328.13,98313.09,60005.92,100347.06,97403.17,1789.66,319450.56,51278.34,25349.87,6323.52,18754.56,643105.0,373.23,33883.02,597110.7,6395.48,1611434.5,803.24,17024.28,562263.8,4493.3,757216.3,3690.96,72134.4,772017.8,125072.1,11729.28,561867.1,487729.44,72225.66,735122.8,4149190.8,24.75,160922.55,53948.49,470541.97,276.45,55108.0,85157.82,112244620.0,5003340.0,55496.3,389125.44,1800036.2,183.21,97387.2,342664.2,333003.9,86234.94,108331.12,142030.42,27311.43,174517.66,1509844.8,337049.44,523543.1,1352668.5,403110.25,44825.64,19260.6,209180.8,89736.03,217.16,362674.4,56179.38,188022.1,5721.6,5432.52,56785.74,,114151.54,23890.72,1676.16,242847.8,369559.84,223969.9,635087.1,257082.02,163143.1,27482.13,2357.19,16859.52,192973.73,1258880.5,220.41,1895609.1,1359993.0,288908.38,34961.84,3454056.0,745610.4,1345.54,246951.19,1378818.4,6836.7,5284.82,682527.1,961400.2,515070.38,387771.4
2021,737855.25,671448.8,29140.3,421.4,102660.8,464441.84,32620.68,989.0,285706.8,72418.02,71309.21,405878.84,113265.93,302578.5,606946.3,3156924.2,53936.67,18718.0,3752.18,21444.55,82469.94,6002.56,175156.1,1850231.0,2600.22,6238.98,9336.46,54052.15,68315.8,312799.2,62800.44,193788.6,13003273.0,665587.0,619798.75,2449735.5,129625.06,176.58,619101.56,16429.68,8552.28,52079.07,103839.12,13709.9,103090.74,680409.6,13516.31,684.48,168807.06,793540.0,195410.23,2265763.2,86629.55,330666.16,11570.16,2375821.2,16502.22,641780.2,1925.23,49701.0,670095.7,42518.7,825519.7,244402.48,62343.78,39642.56,33644.05,80238.72,1092.63,303767.2,16537.5,174511.27,29993.4,119580.0,3017109.8,19647080.0,53933.49,1223647.6,859681.7,166011.84,389882.88,29818.56,198458.84,817920.0,402224.3,1324094.8,146756.55,316637.38,2944.8,555.84,279304.9,50300.34,104267.8,56909.44,102595.76,96006.68,1652.0,316668.47,51382.65,23745.6,6354.24,16971.7,631660.94,357.39,31893.33,500451.06,6004.0,1666538.4,830.37,15532.98,626811.56,4401.54,330996.8,3593.97,70062.5,622755.25,121100.98,11495.26,565759.94,435698.47,77157.08,756182.7,4063812.8,24.75,160993.23,52270.08,509594.53,290.08,53899.2,84825.18,107382696.0,5236681.0,62977.56,443388.75,1351420.1,191.04,78527.04,328994.72,340891.66,85140.0,95650.1,137146.75,30143.82,166532.98,1435200.4,328347.38,512048.44,1288152.6,414424.3,44154.4,17768.88,213438.16,97232.8,216.0,421176.53,56841.63,199811.58,5868.5,7669.44,55386.03,16691.74,113503.6,22104.39,1629.02,247697.34,428361.72,231840.2,583868.8,259805.77,157883.02,27111.95,2335.41,16220.64,185985.86,1165796.1,212.44,1826523.0,1422854.1,263560.22,32671.73,3402736.8,810234.6,1306.8,241740.23,1225026.0,5447.32,4964.85,689179.1,1012281.94,566578.75,401960.25
2022,779138.94,674492.94,28275.5,360.0,106519.7,441927.38,32692.8,1098.9,285668.8,72216.48,69848.58,396090.25,113588.94,301287.12,605234.6,3212219.0,53879.28,17813.08,3786.24,20311.2,78830.22,5720.4,173047.86,2041653.5,2712.44,6232.05,9581.46,52325.84,64189.29,310096.3,66456.68,179222.4,10965540.0,671563.5,625713.06,2516602.5,138482.77,146.16,619594.0,17904.9,7137.75,51628.56,98695.08,14140.75,105329.82,672093.3,13538.73,601.88,174903.94,734122.6,196336.0,2268031.8,87825.6,326621.4,11190.06,2419073.2,16258.2,654769.94,1830.0,39933.6,649390.25,41538.65,838348.8,256521.23,60861.6,44250.52,35506.1,78484.25,1081.08,300842.9,16319.94,177659.05,30980.7,118967.04,4072083.5,21162300.0,54870.93,1200493.8,1034619.44,167630.4,390541.2,32600.68,214277.2,792095.06,437381.0,1322575.2,140854.5,306634.44,2980.25,547.2,254740.44,51459.84,111596.1,59613.44,122075.54,94591.94,1656.45,320508.03,48912.72,22299.3,6611.52,16686.75,624683.4,347.49,31736.7,526541.5,5968.2,1715588.4,784.74,16177.56,627313.5,4358.06,630426.06,3216.15,67419.6,625380.25,136145.34,11761.0,531037.94,423543.38,72579.36,787431.94,3956343.0,23.76,158013.69,53319.36,506982.6,293.91,52754.75,85018.23,109270660.0,5418904.5,58137.18,441883.25,1491912.9,190.95,91339.31,315424.8,340438.22,81683.91,93947.64,142673.84,29416.66,159709.05,1400978.8,369295.38,500291.97,1306624.2,455155.03,43255.68,18402.53,212738.89,94514.55,210.21,489317.1,57832.12,215339.05,5627.64,8212.82,55120.25,17147.63,108651.78,27785.65,1738.24,264785.5,467487.9,231804.4,567985.0,260668.1,157305.69,26037.93,2360.16,15670.5,171312.67,1140154.2,196.56,1884299.1,1421217.0,185784.23,32458.2,3399262.5,863511.7,1258.29,180077.55,1320660.2,5986.04,4316.04,732029.0,1033873.7,580962.5,417523.5
2023,813759.6,841027.44,27872.95,434.56,108035.52,335238.4,32671.58,1085.84,288225.62,74296.26,66240.84,390038.94,113576.33,305271.88,614083.5,3266174.2,56632.44,17767.53,3777.54,19300.05,74057.56,5751.95,168388.42,2353622.5,2674.95,6213.24,9700.02,58807.85,77140.0,308715.2,68841.6,176424.95,9494153.0,733784.4,668239.5,2387743.2,140194.08,160.82,638910.9,17301.75,5934.33,51508.8,94786.56,14219.6,98038.8,658092.1,16551.36,404.32,179193.6,870723.9,191970.8,2233418.0,89147.05,318788.2,10457.46,2725716.8,15889.57,667845.1,2074.85,46685.8,643182.1,43179.9,808459.5,268146.0,65508.24,44649.38,37799.2,72088.02,1189.38,324409.38,16200.38,167075.83,31719.76,133276.86,3690219.0,20635254.0,53970.69,1186961.5,1020290.2,169693.44,387650.34,32644.26,222927.36,760583.3,422031.47,1325842.4,130546.98,303148.44,2951.1,542.23,246739.88,50704.83,117341.8,46064.5,129786.27,92534.8,1496.28,321392.62,47229.3,21351.6,6614.02,16368.75,610541.25,347.49,29648.96,608169.25,5810.42,1742003.6,749.38,16142.2,642740.25,4271.82,625677.56,3094.98,65195.52,813093.4,146756.7,11711.04,569995.8,408502.84,69081.73,818173.44,4560686.5,24.75,156333.38,52853.76,528678.56,298.76,51881.28,83764.89,108385840.0,5537800.5,50180.67,450989.28,1548544.4,191.1,86660.7,297094.5,338534.47,81617.58,96239.08,131029.08,28529.45,146516.56,1341190.9,357682.22,488962.44,793969.0,457145.25,43945.85,17583.72,214292.27,94800.0,201.11,484054.3,57558.63,222349.23,5437.5,7696.8,53192.64,16789.85,104284.54,24295.55,1749.88,314918.34,492060.06,245180.7,555048.9,257446.08,155943.48,24827.79,2374.02,15799.68,162883.38,1079766.2,204.92,1833792.9,1477874.6,179245.47,32040.65,3457515.0,896207.4,1163.72,223765.2,919915.1,6358.32,4580.77,594140.6,946961.1,577782.9,424273.5
