Date,AGO,ARE,ARG,AUS,AZE,BRA,BRN,CAN,CHN,COG,COL,DNK,DZA,ECU,EGY,GAB,GBR,GNQ,GUY,IDN,IND,IRN,IRQ,ITA,KAZ,KWT,LBY,MEX,MYS,NGA,NOR,OMN,OWID_USS,OWID_WRL,PER,QAT,ROU,RUS,SAU,SDN,SSD,SYR,TCD,THA,TKM,TTO,TUN,USA,UZB,VEN,VNM,YEM
1965,0.655,13.666313,13.764759,0.34620595,,5.0451913,3.9649742,43.874176,11.31,0.071,10.654546,0.0,26.139313,0.4287812,6.478,1.265,0.084,0.0,0.0,24.535269,3.022,95.66209,64.67544,2.278,,119.01136,57.98177,18.053894,0.04777487,13.506477,0.0,0.0,242.888,1567.5908,3.394165,11.605328,12.821,,111.02418,0.0,,0.0,0.0,0.0,,6.6714597,0.0,427.69443,,184.11397,0.0,
1966,0.631,17.433992,14.643966,0.44512194,,6.1592903,4.7606144,48.212154,14.55,0.062,10.443868,0.0,33.642475,0.37518355,6.257,1.447,0.078,0.0,0.0,23.92946,4.647,106.89286,68.5668,1.85,,125.55647,71.66927,18.489542,0.04777487,20.57004,0.0,0.0,265.1,1702.2194,3.394165,14.494207,13.075,,130.96883,0.0,,0.0,0.0,0.0,,7.5629115,0.771,454.53885,,178.7859,0.0,
1967,0.537,18.504246,15.9622755,1.0386178,,7.7508597,5.1584344,52.70114,13.88,0.05,10.07518,0.0,38.64524,0.3215859,5.581,3.445,0.089,0.0,0.0,25.746887,5.667,130.50755,60.48853,1.723,,126.39234,82.36263,20.46376,0.04777487,15.718151,0.0,2.8229308,288.1,1826.1791,3.8119047,16.13788,13.456,,141.2871,0.0,,0.0,0.0,0.0,,8.850564,2.241,484.22162,,187.92505,0.0,
1968,0.75,24.115112,17.487587,1.9341463,,8.516863,6.070115,57.119335,15.99,0.043,9.257762,0.0,42.423748,0.26872247,8.577,4.641,0.084,0.0,0.0,30.32282,5.853,142.78021,74.23724,1.627,,133.12819,123.8586,21.900665,0.19162303,6.9791903,0.0,11.968249,309.2,1992.264,3.9794297,16.981209,13.535,,154.22275,0.0,,1.0485675,0.0,0.0,,9.48521,3.191,502.88034,,191.76239,0.0,
1969,2.458,30.402945,18.106758,2.2256098,,9.289377,6.152985,62.218044,21.74,0.024,11.233911,0.0,44.435795,0.2143906,12.295,5.027,0.085,0.0,0.0,32.41079,6.723,169.26373,74.92105,1.591,,140.90796,147.71094,22.96501,0.4299738,26.613968,0.0,16.194708,328.3,2144.4827,3.8641222,17.731745,13.546,,162.7509,0.0,,2.6391542,0.0,0.0,,7.775441,3.707,511.3517,,190.80553,0.0,
1970,5.065,37.75428,20.000517,8.704607,,8.792737,6.7497153,70.06789,30.65,0.019,11.759925,0.0,48.31349,0.2143906,16.404,5.423,0.156,0.0,0.0,43.113415,6.809,192.58696,76.30027,1.502,,151.79893,159.54492,24.179007,0.8599476,53.351078,0.0,16.442333,353.039,2358.8894,3.8626916,18.080402,13.677,,192.1715,0.0,,4.232606,0.0,0.0,,6.933514,4.151,533.48987,,197.23807,0.0,
1971,5.721,51.309208,21.570862,15.2554035,,9.203948,6.401623,75.16377,39.41,0.014,11.67579,0.0,36.79766,0.2143906,14.952,5.795,0.212,0.0,0.0,45.03181,7.185,228.68463,83.44264,1.353,,162.5495,130.68419,24.107319,3.2964659,75.423485,0.29278076,14.56038,377.0,2493.6191,3.299296,21.417557,14.093,,240.79471,0.0,,5.2783084,0.0,0.0,,6.388738,4.109,525.8879,,189.87656,0.0,
1972,7.057,58.403637,22.218035,16.280006,,9.028129,9.06194,86.71315,45.67,0.336,10.577426,0.09773031,49.726482,4.1920705,10.72,6.303,0.333,0.0,0.0,54.72282,7.373,253.71094,72.40971,1.21,,167.34923,106.81965,25.097618,4.4552355,89.68235,1.6147059,14.004342,400.4,2635.423,3.4506981,24.073362,14.428,,304.23248,0.0,,5.842019,0.0,0.0,,7.002171,3.977,527.8879,,173.81235,0.0,
1973,8.175,74.22038,21.601171,20.39443,,9.155848,11.434147,100.31461,53.61,2.091,9.947956,0.14619492,51.69863,11.201909,8.479,7.597,0.372,0.0,0.0,67.547714,7.198,295.37708,99.40216,1.105,,153.80045,104.6326,25.859388,4.347513,101.190216,1.5614973,14.510855,429.0,2875.763,3.7540886,28.390715,14.637,,384.0146,0.0,,5.527285,0.0,0.0,,8.221167,3.878,514.6523,,181.43454,0.0,
1974,8.541,81.29083,21.144758,20.178606,,9.553835,9.740229,94.38655,64.85,2.455,9.073778,0.09746329,47.834114,9.486784,7.453,10.202,0.41,0.0,0.0,69.41563,7.49,303.1972,97.27705,1.104,,129.87042,73.58567,32.41619,3.8697643,111.07625,1.7078876,14.36228,458.9,2882.1736,4.0938597,25.800686,14.836,,429.64713,0.0,,6.4236016,0.0,0.0,,9.261194,4.139,491.4063,,160.65022,0.0,
1975,7.791,80.574104,20.260551,21.621841,,9.310971,9.166771,81.5758,77.06,1.789,8.499448,0.14619492,46.803898,8.629222,11.734,11.315,1.568,0.0,0.0,65.93223,8.283,269.46988,111.70306,1.235,,106.3499,71.531815,40.154694,4.681937,87.83644,9.222593,16.88806,490.801,2737.5552,3.7980165,21.766214,14.98,,359.33698,0.0,,9.560709,0.0,0.0,,10.697422,4.609,469.77042,,127.09779,0.0,
1976,7.564,94.032524,20.414139,22.14093,,9.067629,10.62148,75.30463,87.16,2.1,7.941781,0.19546062,52.229137,10.103965,16.61,11.324,12.169,0.0,0.0,76.126144,8.659,296.96622,119.5254,1.293,,109.910835,93.492035,44.77375,8.000261,102.08417,13.651605,18.22551,519.677,2974.268,4.0373154,24.323086,15.09,,437.2606,0.0,,10.036289,0.0,0.0,,10.528087,3.71,457.97983,,124.81268,0.0,
1977,7.062,96.79304,22.061966,23.424755,,8.737729,11.102962,75.57432,93.64,1.639,7.4672604,0.48731643,55.756233,9.839835,20.9,11.267,38.265,0.0,0.0,84.93663,10.185,285.6279,115.99222,1.246,,100.77973,99.62555,54.365704,8.742801,102.707306,14.004679,16.838535,545.799,3078.1484,4.7963,21.6666,15.04,,468.39603,0.0,,9.112551,0.0,0.0,,11.3412485,4.304,462.80377,,121.489914,0.0,
1978,6.469,88.64706,23.209862,23.190853,,8.688321,11.736192,75.18987,104.05,2.43,7.0985737,0.38985315,56.935352,10.889656,25.19,10.6,54.006,0.0,0.0,82.10464,11.271,264.82007,126.57838,1.489,,108.77969,95.64799,66.69231,10.319372,93.441574,17.371658,15.550882,571.531,3106.1194,7.915041,24.107204,14.114,,424.43945,0.0,,8.91337,0.0,0.0,,11.390774,4.944,484.20566,,116.97508,0.0,
1979,7.2,88.65621,24.278103,23.276297,,9.000587,12.7407875,86.27457,106.15,2.762,6.677217,0.38985315,58.08643,11.532828,26.14,9.798,77.854,0.0,0.0,79.54493,12.839,160.48517,171.64923,1.717,,129.61966,101.074,80.65991,13.472513,113.39111,19.49952,14.609905,585.6,3237.5789,10.043981,25.202986,12.713,,488.01086,0.0,,8.315825,0.0,0.0,,10.5983715,5.536,476.99133,,127.36823,0.0,
1980,7.428,83.805916,25.267035,21.838753,,9.880955,11.715291,83.269485,105.95,3.168,6.8011384,0.29319093,51.542454,11.02698,29.78,8.895,80.467,0.0,0.0,79.03507,9.399,74.15802,131.07312,1.707,,86.83362,88.28724,107.187904,13.22199,101.6502,25.049631,14.117106,603.18,3091.108,10.244849,23.67297,12.001,,509.8033,0.0,,7.889222,0.0,0.0,,10.528087,5.627,480.1934,,117.34633,0.0,
1981,7.158,74.08667,25.73638,21.27103,,11.540089,8.464221,75.3616,101.22,4.101,7.2565823,0.7309746,45.926685,11.372035,32.152,7.652,89.48,0.0,0.0,79.96209,14.975,66.15977,44.50421,1.487,,58.623917,59.115086,127.99534,12.373692,70.91147,24.292341,16.307165,608.82,2911.2927,10.1124935,20.69635,12.134,,506.34726,0.0,,8.166439,0.0,0.0669615,,9.360244,5.407,478.7967,,113.61536,0.0,
1982,6.41,64.442444,25.57131,20.974283,,14.062199,8.676358,74.56414,102.12,4.553,7.646473,1.6568758,45.690704,11.372035,33.314,7.792,103.219,0.0,0.0,66.58381,19.881,120.09244,48.50409,1.763,,42.66429,55.39343,151.01308,14.523561,63.394737,25.231516,16.703365,612.551,2796.1077,10.222031,16.876114,12.232,,340.18423,0.0,,7.7182813,0.0,0.24135038,,8.765943,5.146,480.72324,,102.595024,0.0,
1983,8.79,60.698402,25.66731,20.41677,,17.828962,8.73885,78.56049,106.07,5.365,8.204634,2.0954607,44.953423,12.819172,36.43,7.869,114.96,0.0,0.0,70.68379,25.356,122.83444,54.35428,2.241,,55.00555,54.32958,147.12454,18.393324,60.857964,31.397642,19.328196,616.343,2762.0354,8.934809,15.348632,12.083,,240.27948,0.0,,8.017054,0.0,0.5849862,,7.9240165,5.532,482.96265,,97.26893,0.0,
1984,10.074,58.141163,25.141758,26.483181,,24.955982,8.420085,83.81567,114.61,6.025,9.0193205,2.2966623,48.78596,13.94359,41.836,8.73,126.065,0.0,0.0,74.89248,28.194,102.51824,60.5385,2.273,,60.727085,48.243523,148.31125,21.365969,68.55708,35.954765,20.753542,612.71,2816.1838,9.675212,17.147038,11.943,,219.03687,0.0,,8.088949,0.0,1.0619973,,8.442334,5.48,496.1366,,97.604294,0.0,
1985,11.452,55.9601,24.15862,30.68281,13.23,29.47046,8.176749,85.68523,124.9,5.937,9.521373,2.9238985,47.06102,15.223302,45.067,8.626,127.611,0.0,0.0,66.3398,30.202,110.3511,69.8389,2.384,22.66,55.489494,48.391014,145.85387,21.259817,73.83246,39.21082,24.789362,,2791.5461,9.877379,15.317823,11.248,542.306,172.0724,0.0,,7.9324627,0.0,2.0101378,6.78,8.635692,5.408,498.70514,2.31,91.50404,0.0,0.0
1986,13.926,64.62045,22.868654,27.412586,13.05,30.98636,8.061021,85.73602,130.69,5.951,16.052397,3.6061416,48.479248,15.866473,41.135,8.295,127.068,0.0,0.0,70.36973,31.622,102.69981,93.18981,2.558,23.29,59.395313,50.194813,136.88176,23.887434,72.24143,43.03405,27.859919,,2929.4402,9.3069315,17.271538,10.655,561.182,252.60011,0.0,,9.979073,0.0,1.9746829,6.56,8.297986,5.25,482.32947,2.53,98.94494,0.0,0.47837484
1987,17.506,68.19819,22.572586,29.13775,13.91,30.826443,7.5648227,90.29439,134.14,6.317,20.36104,4.5320425,50.197758,9.388923,46.249,7.729,123.351,0.0,0.0,69.82433,30.684,116.72566,117.25606,3.935,24.06,52.11501,47.295723,143.03522,23.600786,66.38468,50.115276,29.012402,,2936.207,8.581586,15.271207,10.034,569.481,213.60812,0.0,,11.482933,0.0,1.8146383,6.47,7.613604,5.007,467.26028,2.67,100.2535,0.28,1.2437745
1988,22.32,72.045975,23.719759,27.653337,13.74,30.124096,7.3263173,95.09497,137.05,7.038,19.994312,4.691055,52.575268,16.501133,44.234,8.892,114.459,0.0,0.0,67.28975,32.286,117.38324,136.69925,4.837,24.96,63.04622,49.7128,142.6909,25.724329,68.2862,56.97954,30.929337,,3061.7,7.435283,17.64721,9.839,568.779,273.3086,0.0,,13.371787,0.0,2.0791478,5.72,7.444814,4.936,459.06195,2.44,105.19508,0.69,8.154653
1989,22.642,85.077194,24.229965,26.081923,13.16,32.172447,7.2986646,92.62048,137.64,7.962,21.361761,5.457944,54.484818,15.240399,44.521,10.227,91.71,0.0,0.0,71.630325,34.449,143.83853,138.96712,4.604,25.4,68.41069,54.885265,143.06522,27.973354,86.97443,74.90909,32.060246,,3098.6655,6.8457274,19.690144,9.623,552.226,271.17303,0.0,,16.935627,0.0,2.048102,5.75,7.343362,4.96,429.03308,2.7,105.6597,1.49,8.515072
1990,23.38,93.15147,25.436552,30.275085,12.5,34.12776,7.3978715,92.75785,138.31,8.029,23.373465,5.8965287,58.35549,15.522756,45.499,13.493,91.604,0.0,0.0,74.433525,34.171,162.78888,105.3009,4.668,25.8,46.79679,67.242035,145.1687,29.549925,87.486755,82.14305,34.23935,,3157.9343,6.7675014,21.122158,8.136,515.891,342.64368,0.0,,20.22512,0.0,2.4394875,5.7,7.374948,4.7404,416.61725,2.8,117.79705,2.7,8.706422
1991,24.514,106.85157,25.882,28.613047,11.7737,33.730057,8.004043,93.21451,140.99,8.054,22.578196,6.9198933,58.69373,16.304588,45.418,14.708,91.26,0.0,0.0,81.00555,32.18,174.37088,13.942915,4.332,26.6,9.216984,67.89278,152.81729,30.770412,96.08875,93.84225,35.315495,,3149.4158,6.0305343,20.403034,7.008,461.944,428.3458,0.0,,23.46982,0.0,2.8233984,5.4,7.2443085,5.4443,422.8967,2.8,131.32541,3.96,9.423985
1992,27.153,117.67992,29.04045,28.198353,11.1957,34.240788,8.922774,97.159775,142.04,8.638,23.26877,7.671829,56.50141,17.4557,45.985,14.452,94.251,0.099321574,0.0,76.730354,29.186,175.67886,26.146566,4.501,25.8,53.955536,69.6991,153.0317,31.26415,99.71154,106.9007,37.037613,,3195.0127,6.0877733,23.600622,6.827,398.81,442.07782,0.0,,25.635143,0.0,3.3023942,5.2,6.948984,5.4541,413.03186,3.3,131.58997,5.49,8.726401
1993,24.81,114.361206,31.067827,26.301506,10.2513,34.94627,8.541581,102.28114,144.03,9.538,24.031738,8.186916,56.32321,18.725817,47.527,15.223,100.189,0.24762551,0.0,76.85103,27.875,184.29396,22.331991,4.64,23.0,96.58198,66.12189,153.2768,30.576553,98.428665,114.12834,38.786907,,3190.469,6.630477,21.813227,6.929,354.875,429.31064,0.09851552,,28.127993,0.0,3.3937159,4.382,6.452686,4.9362,397.0065,4.001,136.13736,6.3,9.895172
1994,27.424,115.30879,34.511,28.318066,9.5628,36.24005,8.740584,106.69215,146.08,9.562,24.120909,9.015354,56.071255,20.601734,46.497,16.837,126.542,0.24762551,0.0,76.94039,32.378,184.98451,24.79488,4.895,20.312,103.3572,67.50014,154.17297,31.113754,94.2751,128.58296,40.4527,,3234.6692,6.6842256,21.348335,6.974,317.578,432.18585,0.09851552,,27.985607,0.0,3.4164913,4.192,6.7634835,4.5591,387.49936,5.517,144.47937,7.1,16.391232
1995,31.173,114.411285,37.456932,26.665005,9.1617,37.503994,8.540514,111.90633,149.02,9.267,31.015585,9.064085,55.811253,20.99905,46.588,17.756,129.894,0.34667572,0.0,76.45456,36.647,185.45651,26.026323,5.236,20.633,104.88895,67.89278,150.21332,33.32308,95.06094,138.39969,42.807194,,3279.0642,6.394597,21.831226,6.951,310.749,431.26288,0.09851552,,29.612059,0.0,3.3206394,4.07,6.7357926,4.4437,383.55374,7.587,155.32509,7.62,16.658419
1996,35.364,116.91905,40.816,28.065863,9.1004,42.533314,8.082527,115.45353,158.52,10.359,33.36058,10.163952,59.01232,20.926899,45.08,18.25,129.741,0.8442334,0.0,76.72629,34.8,186.64175,28.56681,5.452,22.961,105.1259,68.58614,162.35968,33.79379,96.41393,154.66426,44.364635,,3366.4006,6.318317,27.10403,6.852,302.873,437.43576,0.24696356,,29.193369,0.0,3.7763367,4.355,6.675649,4.4071,382.05795,7.623,165.17812,8.803,16.917149
1997,36.5,117.30756,43.385586,29.78808,9.027,45.59617,7.9605966,120.70414,160.13,11.586,34.837704,11.208278,61.567024,21.084112,43.792,18.194,127.883,2.971506,0.0,75.711136,35.585,186.96266,57.144424,5.957994,25.779,105.114235,70.090675,169.61948,33.497616,96.54017,156.22794,44.90996,,3441.3755,6.2420874,33.27296,6.75,307.42,432.022,0.44331983,,28.666946,0.0,4.2899723,5.368,6.4374747,4.157,379.95007,7.891,171.51918,10.09,17.725168
1998,36.0,121.52192,44.02807,28.205116,11.449,52.67921,7.6623297,125.087906,160.18,13.599,40.40886,11.598131,61.38579,20.44094,42.962,16.848,132.633,4.1105833,0.0,74.20052,34.695,190.78755,104.185585,5.622957,25.945,110.003265,69.59275,173.47418,34.02314,98.91973,149.6002,44.71186,,3528.3494,6.02967,33.55169,6.553,304.34,445.29468,0.5910931,,28.61815,0.0,4.461833,6.369,6.3969193,4.0804,368.12955,8.176,177.76729,12.5,18.001032
1999,36.7,112.028885,41.688866,27.471823,13.851,59.496582,8.913225,120.99675,160.22,13.72699,43.705837,14.570761,58.528458,20.333746,41.361,16.975,137.099,4.9525104,0.0,68.604195,34.614,178.11739,128.27263,5.014985,30.131,102.55634,66.97881,165.49219,32.41323,92.33548,149.6737,44.69756,,3448.3826,5.514563,34.278194,6.379,304.768,408.52594,3.1032388,,28.751537,0.0,4.8592415,7.063,6.6445417,4.1986,352.62598,8.1,159.0632,15.217,19.165293
2000,36.85,121.52336,41.347473,37.091705,14.069,67.089035,9.484796,125.08585,162.62,13.517864,36.283115,17.73805,66.787,21.592453,38.917065,13.818878,126.24501,5.6969914,0.0,71.81026,34.164,191.66522,128.79555,4.585957,35.317,109.888435,69.498604,170.32185,33.55148,106.548195,155.95592,47.02477,,3593.8335,5.1610246,40.179214,6.287,326.65063,438.5164,8.847811,,28.096272,0.0,7.130647,7.28,6.572326,3.662,347.58154,7.536,160.2874,16.548,20.938366
2001,36.55,118.41361,43.929173,34.320507,14.979,70.22711,9.951289,126.17002,164.83,12.544253,31.81241,16.95861,65.751,21.90864,37.600094,13.082079,116.67838,9.355036,0.0,68.17488,34.177,189.80496,123.87222,4.096535,40.091,106.53352,67.050835,175.8672,32.585983,105.296684,162.84282,46.895267,,3598.8394,5.0374966,39.99962,6.238,351.6796,427.69684,10.295272,,29.901342,0.0,7.781751,7.745,6.3254056,3.349,344.51117,7.2125,163.03253,17.097,21.43272
2002,44.6,109.01836,43.274055,34.107292,15.334,78.606674,10.288379,133.0025,166.866,12.048804,30.443,18.07944,70.894,21.07321,37.240566,12.78249,115.94426,11.10182,0.0,63.328705,35.242,179.1228,103.87357,5.531255,47.271,98.75988,64.55394,177.82086,34.218273,95.01156,158.40161,44.01173,,3555.3962,4.8976817,37.332073,6.072,383.69537,390.0531,11.633919,,32.73998,0.0,8.5496025,8.21,7.2789106,3.486,341.9056,7.2337,152.69766,17.212,21.550083
2003,42.83273,126.18967,43.09402,29.52283,15.378,81.51498,10.494013,140.62878,169.585,11.006353,28.494228,17.933245,79.005,22.46675,37.07248,13.681258,106.07293,12.722187,0.0,57.647366,35.388,202.08981,66.024506,5.570128,51.4483,115.60396,69.77959,188.20013,35.413845,112.1778,154.32909,40.22478,,3713.175,4.731678,43.786182,5.89,425.71378,460.49976,12.911952,,31.550083,1.2374101,9.981844,8.71,7.668948,3.17,332.5566,7.1687,147.47644,18.055,21.23089
2004,54.582973,131.27592,41.025837,25.78325,15.459,80.90411,10.322884,145.15822,174.051,11.47021,27.90103,19.05741,83.551,28.332706,34.840656,13.6686735,95.37401,16.5617,0.0,55.5501,36.335,208.83267,99.94607,5.444909,59.4975,123.286804,76.52599,190.0427,36.307064,121.6651,151.4046,38.429546,,3899.325,4.6898284,49.896362,5.705,463.29092,492.78732,14.380059,,23.489677,8.834533,9.768324,9.22,7.1223564,3.343,325.35727,6.617,170.15974,20.414,19.981037
2005,62.434364,136.55295,39.369076,25.327278,22.2142,88.981415,10.092822,142.67888,181.3529,12.567327,27.712708,18.51683,86.43767,28.576881,33.167282,13.498014,84.72112,17.468523,0.0,53.715374,34.925,207.8711,89.93363,6.110702,61.4861,130.41107,81.966354,186.4914,34.153538,121.14382,139.47142,37.99936,,3932.5112,5.3218446,52.558628,5.437,474.81946,516.6282,14.46604,,21.666777,9.107914,11.928662,9.73,8.108978,3.402,308.98828,5.449,169.4091,18.889,19.785784
2006,68.67886,145.65608,39.433167,23.126152,32.2676,94.03551,10.807331,150.9984,184.7657,14.199408,27.778381,16.83866,86.202,28.7741,33.161697,12.080457,76.57784,17.245876,0.0,50.225914,36.045,210.62175,98.021454,5.78137,65.0032,133.75668,84.568954,182.54517,32.175255,115.54594,129.72093,36.1796,,3963.9016,5.5400863,56.68959,4.996,486.25424,508.94055,17.543686,,20.322302,8.043165,12.98893,9.99,8.181431,3.262,304.50327,5.4485,171.14272,17.145,18.14938
2007,81.18433,143.64346,38.21447,24.629932,42.6575,95.366684,9.495547,155.67229,186.3182,11.484072,27.972479,15.168849,86.482,27.45605,33.81,12.260994,76.57509,17.729765,0.0,47.834667,36.441,213.25575,105.089424,5.8595376,67.1258,130.02988,86.432335,172.2313,33.333366,107.15866,119.599464,34.83784,,3955.6956,5.485224,57.460842,4.745,497.33096,488.93982,23.797195,,19.475782,7.5395684,13.701247,10.27,7.1925006,4.546,304.9765,5.1558,165.73529,16.201,15.944866
2008,92.29061,145.2469,37.804794,24.566362,44.574,99.119156,8.559874,153.23999,190.4396,12.197762,31.036497,14.035467,84.76101,27.188948,34.65437,11.995067,71.78883,17.580656,0.0,49.42713,37.793,215.42546,119.31891,5.242737,70.6712,136.22256,85.20353,156.89626,33.587288,105.70344,115.910286,37.07096,,3998.09,5.7012477,64.50455,4.719,494.2542,509.97415,22.570072,,19.629004,6.6906476,14.468809,10.605,6.8861737,4.154,302.22217,4.9185,165.84416,15.164,14.797619
2009,86.03681,128.81493,34.043663,24.112553,50.4759,105.985886,8.222535,153.15251,189.49,14.092728,35.320374,12.902931,77.234,26.114914,35.26,12.03353,68.19854,15.641455,0.0,48.407402,37.996,207.21924,119.73745,4.573079,76.4828,121.02893,78.554405,146.66417,31.800953,106.8486,109.57189,39.659634,,3898.4556,6.8930616,62.39708,4.498,501.36285,459.00726,23.407902,,19.326395,6.1870503,14.987292,10.87,6.8021955,3.914,322.58643,4.413175,155.86256,16.618,14.377826
2010,88.92848,134.24376,33.278526,24.637419,50.8982,111.640045,8.425137,160.63039,203.014,16.041746,41.391136,12.156576,73.775,26.116053,35.03,11.6438,62.96161,14.455149,0.0,48.622536,41.243507,212.03255,120.81361,5.1057224,79.6847,123.395584,81.6265,145.60052,33.070305,122.02089,99.53562,42.201626,,3975.6372,7.277447,70.92053,4.287,512.3156,463.30066,22.760576,,18.529669,6.402878,15.229754,11.13,6.231786,3.834,333.14514,4.037437,145.83505,15.256,14.290817
2011,82.03175,149.39775,31.185337,21.411188,45.6862,114.027115,8.083627,170.13081,202.8755,15.31833,48.206585,10.94062,71.675,26.80928,34.59899,11.797938,51.97242,14.17405,0.0,46.30669,42.88421,212.52832,135.8011,5.3089166,80.0609,140.89041,23.93571,144.51852,29.664522,118.33907,94.26888,43.213135,,4008.798,6.967824,77.74396,4.222,519.4637,522.7005,14.33412,,16.949032,5.971223,15.814808,11.51,5.876619,3.413,346.4219,3.737178,141.50677,15.429,10.164714
2012,85.29586,154.90381,30.840746,21.18401,43.4258,112.36653,7.7876506,182.91295,207.478,14.241384,49.862576,9.979991,67.212,27.098114,34.726086,11.072526,44.56082,15.163405,0.0,44.58284,42.549507,180.47879,151.31516,5.396411,79.2245,153.9681,69.66598,143.85728,30.069544,116.368195,87.656166,44.999683,,4118.008,6.865127,81.9066,3.982,526.73566,549.2255,5.092759,1.5331992,8.078834,5.3093524,17.271433,11.99,5.1822634,3.409,395.27768,3.3371,139.325,16.9942,8.254598
2013,85.20592,161.62419,30.185947,17.610374,43.5074,110.15287,6.576117,195.40962,209.95929,12.3235035,53.18949,8.682906,64.784,28.242779,34.361053,10.655653,40.64639,13.234749,0.0,42.36477,42.20618,169.67203,151.93515,5.501556,81.787,151.43033,47.691303,141.84564,28.714579,109.35719,83.465675,46.082195,,4124.3213,7.3144646,81.6842,4.131,532.2236,538.4131,5.8051944,4.9124174,2.6864815,4.7599883,17.09455,12.47,5.1083922,3.128,448.57666,3.167181,137.78145,16.9118,9.089814
2014,83.27741,162.94147,29.786304,18.604635,42.1487,122.454666,6.153486,209.77701,211.429,12.891468,52.162823,8.130409,68.771,29.82998,35.140198,10.530825,39.92792,13.279242,0.0,40.96207,41.641933,174.0465,158.80988,5.7649336,80.8258,150.22502,23.197365,137.09767,29.796682,109.20376,85.35304,46.21896,,4221.045,7.541427,79.86604,4.052,537.4206,543.82355,5.89145,7.6522717,1.4599485,4.663832,16.886906,12.85,5.0541625,2.903,524.1303,2.867052,138.51027,15.853,6.92588
2015,88.16266,175.09229,30.045689,16.80317,41.6753,132.19289,6.1770463,216.07442,214.56,11.933691,52.963154,7.689812,67.225,29.108608,35.431,10.662394,45.28773,12.10411,0.0,40.579685,41.172874,180.24294,195.61588,5.4702053,79.4564,148.24698,19.362272,127.51507,32.188683,105.66173,87.95316,48.030926,,4362.4497,6.535412,77.376884,4.003,544.55237,568.0342,5.3721576,7.2772284,1.197836,5.8092184,17.598206,13.23,4.8241425,2.627,566.669,2.72809,147.61882,17.169,2.1670442
2016,85.768036,181.60704,28.636087,15.352201,41.0766,136.70706,5.898135,218.84494,199.685,11.887969,46.78771,6.924374,68.417,29.473042,33.835,11.047943,47.44458,10.344194,0.0,42.648987,40.58546,216.14445,217.60228,3.759517,78.0317,152.73433,18.22925,121.35057,33.303078,91.25821,90.66741,49.316166,,4379.861,5.848813,77.57755,3.802,558.47906,586.7122,4.1530876,6.751574,1.1012542,6.13601,18.127823,13.18,4.3313456,2.43,542.87445,2.615407,132.5564,15.511,1.6104722
2017,81.60494,174.92468,27.258442,13.900811,38.7204,142.64182,5.487575,236.62386,191.506,13.800197,44.981903,6.736967,66.648,28.477106,32.178,10.488932,46.63033,8.965715,0.0,40.94728,40.43722,234.53989,222.38185,4.1480856,86.1946,144.96877,42.10643,109.471695,32.854626,94.39939,89.353165,47.56436,,4385.912,5.693446,74.79241,3.634,558.5467,559.3194,3.4487512,7.2507668,1.0788101,5.168381,17.562979,13.055,4.3799267,2.054,574.2699,2.766624,113.627716,13.85,2.9548492
2018,74.085434,175.95853,27.55968,14.622082,38.789,140.60316,5.4125767,257.74506,189.324,16.93136,45.584496,5.646862,65.332,27.72283,32.844,9.659119,50.87039,8.122959,0.0,39.45649,39.547356,223.44518,227.01245,4.695923,90.3595,146.84903,53.404797,102.29068,32.529984,96.16495,83.86116,47.824123,,4490.894,5.857806,75.09201,3.577,567.8849,576.8176,3.6549187,7.1076975,1.0510343,6.066114,16.966806,12.509,3.9007256,1.987,670.0,2.890915,85.09286,12.41,4.051518
2019,69.09017,179.89844,33.82903,19.2548,37.5626,151.19917,5.9010854,263.42715,191.628,17.226814,46.656254,5.017234,64.33,28.460512,31.812,10.876651,51.817707,7.3952,0.05825375,38.124004,37.48723,161.46602,234.22011,4.278568,90.5555,143.3819,56.14558,94.91841,30.561275,100.85783,79.174934,47.32816,,4484.6865,6.105302,72.30421,3.567,573.38885,556.564,3.5548372,8.448494,1.5105906,6.6633673,16.927565,12.213,3.660321,1.824,751.1146,2.8154,53.53024,11.4422,4.0751114
2020,64.57157,166.92752,33.731236,19.11184,34.6304,159.34492,5.378891,251.96448,194.769,15.752179,41.25198,3.520207,57.625,25.763542,31.06637,10.385138,48.98526,7.3817,3.7100954,36.334362,35.14855,147.36705,202.03784,5.423556,85.6566,131.1926,19.596504,95.05307,28.008575,91.426956,92.61543,46.111053,,4188.4487,5.4664664,71.62423,3.457,524.372,519.5829,3.1299338,8.126227,1.96418,6.6488395,15.136256,10.400909,3.431932,1.686,713.54254,2.0304,34.44962,10.0239,3.767377
2021,57.120804,165.98889,37.579205,18.420025,34.6257,156.91187,5.2055407,266.61853,198.881,14.002081,38.78355,3.236752,58.2,25.34532,29.601364,9.046008,40.86371,6.0828195,5.8219647,33.728794,33.9995,169.25018,200.82938,4.914182,85.8778,129.99408,58.75585,96.44093,25.859066,80.68461,94.28793,46.824543,,4237.3564,5.3050723,70.44119,3.322,538.7836,515.023,3.156704,7.5156994,1.9826803,6.117519,13.948695,9.79508,3.4899871,2.08,717.9264,2.098,33.85436,9.4602,3.5010617
2022,57.782555,185.49599,45.35936,17.0857,32.6914,163.21587,4.473063,273.92822,204.722,13.7421465,39.729755,3.18486,62.066,25.77872,30.04237,9.514317,37.7522,5.561565,13.834925,31.470976,33.02294,178.30234,221.31012,4.5181994,84.2359,145.47664,51.85093,97.631195,25.33875,69.266884,89.24009,51.447426,,4426.7407,5.3878345,71.98731,3.131,548.5169,573.13477,3.0514219,6.947861,1.9512167,6.498644,11.482029,9.57236,3.382232,1.757,766.1523,2.075,37.11029,9.34,3.0723612
2023,55.800003,180.23412,51.188915,15.612453,30.2564,183.57336,4.347323,277.70706,209.026,14.242063,41.041878,2.922014,63.006,25.473589,29.704193,11.145232,33.44584,4.030426,19.47899,31.094158,32.552418,211.14035,213.04076,4.3129644,89.9767,139.50662,57.93133,102.53649,25.049082,73.90121,94.80815,50.57506,,4514.352,5.1491446,74.319626,2.986,541.64087,528.9062,2.8301451,7.272711,1.9025202,7.0303063,11.205013,9.0797,3.4110537,1.705,829.54584,1.9777,43.261578,9.04273,1.9146941
2024,57.38464,179.74693,58.638348,14.911912,29.167,182.07652,4.848888,289.94604,212.891,13.696878,40.806423,2.955665,59.26684,25.543877,31.139517,11.215322,30.398643,4.336958,30.754993,29.919493,32.886093,234.4512,215.62328,4.4552975,87.5585,130.75789,55.723175,96.370415,24.063856,78.893974,85.87952,47.934986,,4542.653,5.216464,75.48154,2.867,526.38306,510.1687,1.8584563,4.272371,1.6575979,6.7408843,12.390838,9.0097,3.3844435,1.486,857.9006,1.9277,49.52824,8.503952,1.7814023
