Date,ARE,ARG,AUS,AUT,AZE,BEL,BGD,BGR,BLR,BRA,CAN,CHE,CHL,CHN,COL,CYP,CZE,DEU,DNK,DZA,ECU,EGY,ESP,EST,FIN,FRA,GBR,GRC,HKG,HRV,HUN,IDN,IND,IRL,IRN,IRQ,ISL,ISR,ITA,JPN,KAZ,KOR,KWT,LKA,LTU,LUX,LVA,MAR,MEX,MKD,MYS,NLD,NOR,NZL,OMN,OWID_USS,OWID_WRL,PAK,PER,PHL,POL,PRT,QAT,ROU,RUS,SAU,SGP,SVK,SVN,SWE,THA,TKM,TTO,TUR,TWN,UKR,USA,UZB,VEN,VNM,ZAF
1965,0.85453314,275.2159,200.01936,65.29748,,188.46475,0.0,43.71547,,177.73058,642.81793,96.37957,41.014145,129.06253,54.81988,4.68025,47.046886,1020.5698,123.12545,15.4052515,7.9206376,81.39379,166.38136,,67.48548,637.3014,885.71954,52.273228,24.871521,,44.273094,72.543625,146.99513,28.522163,81.939705,18.0648,5.612466,40.27698,610.7383,1022.04364,,15.124584,61.96006,9.374515,,9.832363,,11.545965,178.4483,,31.176205,295.90454,60.316517,32.636177,0.09738055,1994.8496,18011.457,44.92068,43.167366,57.4021,64.42476,30.529514,0.57273304,84.556404,,229.13556,47.841488,27.0471,,229.70325,27.69635,,22.197905,41.988743,25.688173,,6414.477,,112.02376,18.011541,67.35819
1966,0.9120412,283.8763,214.04755,71.788864,,192.26031,0.0,49.874107,,193.79759,677.2622,102.46806,44.942955,165.79991,65.52585,5.338632,51.94198,1141.8322,140.2377,20.272705,8.26975,87.34,196.83344,,81.86467,683.123,948.91583,57.076584,27.293041,,48.626213,69.86446,164.14969,31.881552,89.68452,19.331001,6.0511594,41.695316,673.4347,1220.0682,,22.645342,60.271442,9.601324,,11.189572,,16.513165,186.99396,,35.99366,320.87744,68.08452,36.133484,0.12186111,2136.2473,19426.414,46.11689,54.434715,63.940327,67.00853,31.292534,0.57199776,88.13735,,231.1016,54.685574,29.85093,,259.65668,32.691463,,22.353634,50.11611,30.388777,,6731.245,,110.1053,39.36429,73.19014
1967,0.98025596,290.73495,234.38777,76.54811,,212.03163,0.0,62.72245,,199.99173,723.1062,110.83246,46.931915,163.69286,65.62976,5.7872543,57.79913,1187.4216,148.31645,18.942032,8.931146,71.32264,238.4801,,85.7726,784.79,1019.7785,67.11283,32.704254,,51.449696,67.4028,169.36023,35.69569,99.20545,20.708927,5.8715425,50.674126,745.36487,1445.0398,,39.25714,58.632427,9.834314,,12.358045,,18.142168,200.27634,,38.8187,327.9667,70.49037,37.95181,0.5409833,2327.5437,20778.916,51.5479,54.83334,69.58127,72.72037,34.5241,0.86582726,99.876396,,233.06764,65.72113,33.213135,,258.7804,36.284153,,23.321835,58.8478,36.092865,,6988.794,,112.342155,57.65242,79.76973
1968,1.094713,296.7972,255.28499,88.466064,,246.15923,0.0,74.33811,,240.19615,769.79315,122.93266,49.473736,179.03458,70.64008,6.427252,63.84015,1331.1227,161.21199,20.167301,10.672142,74.599754,253.3006,,97.22671,850.43164,1079.4958,68.693054,35.71866,,53.920544,71.29931,189.77089,39.704014,109.47246,22.232122,6.2693133,51.301483,821.8544,1645.5842,,58.03968,57.05615,10.081403,,13.641634,,19.909143,217.7839,,39.98575,353.75812,78.40632,38.99597,0.65190834,2481.1162,22510.49,58.71033,55.010834,82.39472,90.98808,37.036827,1.1196642,105.33326,,235.05855,81.66476,36.702866,,292.71017,47.828484,,23.76879,70.703316,43.046482,,7457.961,,122.373314,58.8141,86.71
1969,1.2164251,308.01144,262.44812,97.226,,284.00696,0.0,91.278786,,263.56772,801.5453,133.68282,52.70953,240.04433,67.85545,7.5897937,68.492935,1496.9418,193.82655,21.305931,11.293051,55.378662,288.38126,,112.92221,982.66754,1160.3402,73.09415,42.38126,,60.313942,76.334076,227.92883,43.153435,119.56593,23.810186,5.7495003,58.121662,905.2703,2017.5236,,78.770836,55.53032,10.303509,,15.104542,,21.551186,230.15845,,43.46176,385.8374,86.189644,40.50511,0.9285111,2638.379,24445.395,55.06346,54.147644,88.841705,100.078026,38.868618,1.30044,117.42678,,237.07053,80.28362,39.373753,,313.51508,51.799706,,24.918287,78.65872,51.549316,,7831.838,,120.897606,71.08363,95.325165
1970,1.4155911,278.4355,290.1954,107.04365,,309.81564,0.0,106.039246,,314.02188,854.8003,149.8176,55.66466,332.04556,76.955696,8.004829,82.32865,1644.0703,215.5996,24.34768,12.877645,71.66592,328.98575,,126.97794,1116.3309,1228.7844,79.16741,45.737446,,70.053635,80.99267,226.89145,48.426376,129.19635,31.23763,5.875635,62.26058,1024.0592,2444.1145,,98.390976,54.056026,17.57452,,16.02329,,22.557482,247.47473,,40.44124,429.0313,97.02359,47.609863,0.9359056,2904.4417,26684.725,54.475094,56.897606,90.005615,105.8436,53.695103,1.1239372,127.266594,,247.49394,87.17049,47.31742,,341.1421,60.30306,,25.560862,83.33808,61.906006,,8176.1914,,126.47978,73.69463,103.30021
1971,1.6705306,296.50113,305.54456,119.607025,,317.50644,8.135291,116.62912,,342.9215,877.8504,158.97957,61.719658,451.57767,79.72807,9.548514,90.63971,1712.5317,212.84607,27.44005,14.23248,74.0778,362.11,,131.4189,1216.7485,1235.2861,87.45739,48.245647,,78.927284,83.94383,243.33247,53.493187,141.64665,33.480137,6.3996997,70.908646,1101.3706,2633.4075,,111.12396,53.168793,17.690096,,16.681265,,23.806576,262.43677,,45.043636,423.7892,96.00081,49.17649,15.471503,3079.17,28116.584,51.2266,56.256172,97.47116,112.22479,60.925808,1.0794972,129.28983,,250.4564,75.6517,52.108093,,320.8071,67.13238,,26.413431,98.7893,86.65054,,8461.684,,127.675095,62.343384,112.90513
1972,2.1951501,295.18622,311.03336,129.12288,,343.47247,9.919018,121.28458,,394.3907,924.3329,162.9895,63.9477,519.69653,94.19158,10.737023,99.17102,1807.8164,225.19148,30.121414,14.631552,84.65239,381.81464,,139.85992,1350.9572,1309.8104,101.31322,55.002895,,85.993385,90.78368,262.38327,58.884476,157.65855,40.72927,6.8569255,67.1222,1156.2516,2894.374,,115.992966,57.331783,18.611622,,17.51691,,25.329979,295.5131,,49.28976,472.7687,100.55224,52.94315,17.677216,3339.661,30335.396,42.280205,48.01101,102.89429,125.95774,66.27051,1.2848859,138.00856,,267.64355,94.752754,56.999817,,329.2851,84.27273,,42.87166,111.98644,93.771324,,9119.912,,139.25276,64.54946,123.06213
1973,3.425611,297.19867,331.89297,139.92781,,360.6343,11.208105,127.88814,,479.14383,1009.6328,175.4158,61.419968,633.9831,86.37416,11.51917,111.4943,1927.148,208.22063,32.900345,16.284168,79.57202,458.62744,,156.46225,1506.0256,1344.5009,117.920204,57.120667,,96.752205,108.37456,276.95908,63.811317,189.24191,39.85893,7.9397244,72.303604,1217.0194,3271.468,,142.77956,54.19715,19.797039,,19.464947,,30.294249,316.24557,,52.4388,487.92667,102.16668,55.96276,15.375915,3590.3984,32730.184,43.33429,55.933968,114.859406,139.72865,72.85421,1.6680158,155.25238,,283.90036,89.27612,64.09421,,336.5918,89.21048,,43.14619,136.55547,119.62499,,9655.255,,152.8878,63.385326,135.76929
1974,4.745511,297.124,351.73517,125.22768,,317.68402,11.659565,132.98701,,527.1006,1027.002,156.1069,59.826385,729.073,95.579155,10.213084,114.321106,1748.5243,188.51405,36.54384,18.546286,87.76041,480.74136,,136.34688,1430.9877,1248.8663,110.66205,58.476112,,105.922,113.21974,271.54297,63.197315,219.959,39.219147,7.4100266,72.49729,1184.078,3098.383,,147.48793,49.556572,15.812426,,17.504738,,32.480705,357.2522,,52.282986,418.32547,92.957924,52.95165,14.127883,3944.1707,32230.395,46.68848,65.89939,107.578,147.14691,77.65475,2.2778795,142.95157,,297.71277,87.99668,65.71883,,302.3185,90.820015,,42.485165,132.87135,107.38309,,9271.507,,153.03568,38.68622,132.2976
1975,7.674208,280.82806,348.1045,126.55926,,301.48972,13.631796,140.9609,,541.39404,1013.2218,150.11577,52.450928,804.07825,83.72641,8.53023,126.14466,1698.3301,186.3196,40.63067,18.147564,97.01281,499.90475,,140.98915,1307.875,1092.2395,117.248055,55.057316,,119.49149,129.84836,278.09283,61.815147,257.91962,39.173504,6.9604106,74.568344,1112.0739,3070.5293,,167.17403,38.492832,16.39198,,15.61211,,33.62336,394.2111,,54.681435,412.4857,96.23275,51.229183,12.904697,4134.5967,31996.514,48.48073,69.020676,116.69449,160.17279,81.327896,2.7142978,162.52592,,227.51585,85.97112,72.499275,,301.4847,98.46377,,32.481552,146.75865,124.44162,,9049.839,,163.226,36.901665,140.55472
1976,11.275236,290.2354,355.82147,137.41133,,314.48248,14.748876,146.48643,,582.4513,1037.8885,156.01619,54.49116,919.1864,88.36318,8.673059,133.33148,1834.953,198.24033,46.71773,20.50994,114.73853,567.02826,,151.2639,1414.7838,1085.8422,124.7924,64.99793,,125.17623,139.89664,293.2587,62.782482,292.32513,47.936947,6.9930778,76.48452,1162.1108,3215.9766,,187.67162,45.590458,15.96242,,16.907217,,36.71666,434.23633,,61.35862,464.20844,106.44093,52.702564,14.856398,4248.6206,34061.47,48.495506,69.956894,119.77017,176.80226,85.188934,3.7372403,181.33104,,265.00204,101.95272,76.63874,,332.42618,103.67075,,36.524597,165.77588,160.90163,,9729.595,,162.08641,9.623759,142.11978
1977,16.6765,305.6577,372.60077,131.58655,,309.30972,14.522806,152.28668,,597.42,1046.0139,156.82472,56.65704,971.04175,90.42546,9.796984,139.49129,1812.3656,197.98227,52.806496,25.594435,122.63606,535.35486,,148.23775,1358.8184,1094.9343,127.140976,70.20239,,133.09103,164.95786,315.04404,66.95627,339.15933,56.694485,7.313648,80.3445,1130.0889,3247.2256,,223.60997,44.11577,17.061384,,16.632332,,41.40305,448.20316,,73.671425,445.5194,104.85937,52.725574,14.312169,4418.7495,35194.34,51.05294,69.8767,130.15947,189.19632,84.28477,4.9303584,195.90225,,306.651,102.324135,80.18542,,322.3305,116.48012,,35.655308,187.71225,177.99304,,10271.533,,181.66402,9.533664,140.73819
1978,18.40331,299.6695,380.9467,141.56969,,330.0505,15.460121,156.79785,,651.6827,1079.6921,160.81918,60.19117,1076.637,89.24454,10.044486,144.35347,1890.2781,197.52115,54.607944,26.172733,126.69805,551.28845,,149.11165,1416.0526,1123.2587,138.43669,72.9587,,147.2131,185.91682,342.3745,71.89355,340.1507,60.07625,7.7066045,87.7867,1186.6757,3274.6074,,255.69792,47.563553,17.61727,,16.749968,,44.40629,504.61945,,79.16399,455.18344,116.656334,50.76636,13.616951,4689.1055,36709.973,53.865547,69.25631,134.74797,202.32387,87.35162,4.820811,217.8757,,331.40424,105.32004,82.978584,,389.0616,127.90059,,32.082752,201.57695,208.59233,,10501.414,,190.12607,11.557438,147.81738
1979,25.050383,320.9211,385.9148,147.40877,,328.01733,17.112337,161.55994,,683.75385,1121.5848,154.1364,62.90213,1079.2996,90.73787,10.192833,146.70984,1949.953,188.93774,65.31862,27.873514,138.93947,584.30664,,157.88281,1408.642,1133.3358,146.42546,74.716446,,138.70981,202.2756,369.47278,75.46185,357.9212,72.68304,7.482763,90.86663,1225.9446,3221.443,,287.68427,53.34273,18.467768,,15.525217,,50.361397,541.5423,,88.513306,490.44183,116.01388,51.13983,14.083727,4771.3433,37177.996,57.54363,71.98634,139.32352,206.29735,93.42953,5.219366,231.76279,,400.6283,112.32548,84.33484,,418.84644,130.51672,,24.694546,179.0935,209.5899,,10257.833,,203.9937,13.354331,140.08987
1980,60.186417,298.28055,367.7676,143.88745,,303.17267,19.291002,165.02052,,672.82336,1101.6031,154.01991,63.652122,972.5329,90.631485,10.278665,136.44553,1764.3439,161.33127,66.20243,35.75117,155.29256,618.6684,,152.02914,1309.0137,969.12396,144.97278,76.37257,,134.84071,227.56358,376.81616,67.97169,330.28473,87.1314,6.962151,92.546585,1163.8812,2871.159,,284.98254,46.04957,18.610117,,12.98823,,51.022358,603.66943,,96.19926,458.67545,112.084496,48.85752,10.59754,5001.7017,35568.645,60.102444,77.84784,130.49713,203.74902,100.01279,4.30046,219.39137,,327.53833,111.53652,78.43337,,369.6262,136.36172,,19.534754,182.70168,217.76823,,9453.472,,246.92775,23.303205,144.07216
1981,65.38087,279.43146,362.41833,130.63089,,277.88095,19.89294,147.08585,,634.0464,1043.3729,142.52437,63.548195,921.53076,91.13236,9.8561945,134.55257,1601.3844,151.96735,71.323074,39.96072,179.1586,599.03894,,145.4186,1181.7372,897.2701,140.84198,81.002144,,128.84254,249.5228,405.65527,60.38429,328.61838,87.037094,6.795264,94.11931,1138.7347,2707.4973,,282.14676,64.21076,19.500782,,12.481877,,50.176956,660.86053,,103.69143,426.86795,104.1835,46.47539,10.412598,5045.3105,34289.96,63.786694,79.46005,122.71493,191.03615,106.01108,6.3161616,196.67183,,393.52573,128.3062,77.34563,,332.4578,128.82382,,19.360615,180.02922,191.7103,,8812.755,,261.63846,20.274591,156.1146
1982,72.39598,268.86057,356.84918,123.90079,,263.12488,19.62132,142.53188,,647.4372,947.2694,134.65762,58.228638,911.753,90.20119,11.813791,123.24367,1513.8575,130.91791,75.57342,43.64244,203.74937,566.287,,134.60008,1094.3964,907.5991,141.5108,78.94145,,122.05013,259.33398,422.65634,52.857918,357.87906,89.883965,6.2100058,94.85222,1081.3064,2555.3738,,280.0684,72.00998,21.070389,,12.346533,,52.81164,684.2733,,107.58703,373.0677,100.11227,46.44149,11.140184,5008.4785,33270.01,70.18829,78.22812,122.00833,180.37706,111.01078,7.013765,193.75221,,437.69144,124.87468,70.84797,,309.068,116.8389,,21.474905,192.67787,214.84836,,8350.531,,258.5842,20.611074,158.24547
1983,72.50278,273.41653,340.71588,120.07978,,238.75551,17.547495,137.64603,,603.86804,890.69574,147.33458,57.603676,930.0993,93.80195,12.43068,120.67317,1482.448,123.85265,84.89242,39.982136,223.57407,567.4309,,125.00577,1068.1715,872.7711,135.79776,70.29673,,115.73054,253.85255,444.35297,48.004547,435.68042,106.461365,6.033723,89.02869,1053.4365,2620.6226,,293.03107,79.70098,21.86579,,11.758569,,53.351723,666.7178,,115.040695,353.5345,98.31226,44.486046,12.101919,4935.318,33097.43,77.34512,67.83568,122.14318,186.44765,112.03898,7.672108,173.10956,,486.50903,132.27364,69.36173,,268.6586,129.59941,,18.668987,202.6174,216.6807,,8311.476,,252.51303,23.580103,159.86389
1984,82.79179,260.50323,349.9143,116.79846,,231.01208,17.682053,132.17894,,607.2174,899.10645,142.62831,56.838863,964.89026,90.141556,12.612489,128.27829,1477.557,122.43611,94.00201,40.184883,241.74295,535.18097,,126.75379,1029.9058,1072.8423,139.16304,65.150055,,121.191,273.57245,477.06705,47.20721,471.64413,117.46719,6.2958694,85.71314,1005.08795,2568.1838,,294.2903,84.2102,20.623968,,11.779353,,55.4834,705.7309,,113.108444,349.0069,102.18023,45.900852,14.831405,4936.03,33623.6,83.87066,70.013115,99.97544,191.37543,111.80505,9.03474,165.70328,,542.398,139.04439,73.744385,,256.70612,136.17995,,15.969291,201.63646,207.55226,,8573.317,,236.95323,23.051208,174.05658
1985,102.96353,241.9803,351.52405,116.98592,97.18555,234.47888,19.738766,122.13932,296.34036,625.4869,903.0235,145.1502,54.993565,1010.6004,92.12477,12.483789,125.86781,1522.7413,126.177414,96.5538,49.411514,245.68802,515.2207,40.446075,128.06352,1012.8425,932.16473,141.48158,61.261135,,123.43376,268.883,517.6358,47.078075,518.38904,133.36305,6.274548,76.264885,999.8842,2509.7917,246.88788,311.11945,80.65508,18.36743,102.38193,12.517873,67.93239,55.25038,734.98035,,111.31613,353.14587,107.2148,43.00212,16.363743,,33684.684,89.51502,67.58711,88.851875,194.5768,108.32346,9.599014,177.1799,2936.284,551.1338,141.7617,73.22342,,275.22202,128.4832,57.599358,16.895954,211.20892,205.69662,759.8965,8540.438,121.316246,242.40807,24.33014,170.03987
1986,124.55972,250.56905,345.65332,123.2183,101.817375,264.9442,21.275486,128.74698,350.11862,675.0955,923.06506,158.84816,58.100857,1074.4205,93.89373,13.480528,120.88828,1604.2207,124.5112,98.021255,50.193226,246.40953,510.47852,40.01098,134.10484,1033.2646,934.29486,143.58203,59.873386,,114.001625,275.73636,544.25946,58.11852,478.29694,148.48793,6.36477,79.106224,1023.8365,2522.5608,224.8873,338.9009,83.613396,19.134302,85.666695,13.635571,57.170307,54.291435,744.0882,,102.545456,391.56683,114.97386,38.701366,16.131083,,34710.477,96.47393,72.71551,93.15117,200.98262,115.462204,12.040971,189.89893,2971.3591,545.259,164.40309,70.87256,,293.94498,133.15419,41.931847,18.23386,228.74448,229.2053,762.5025,8955.2295,123.91321,252.81496,26.377874,164.14243
1987,136.3821,267.40317,353.0262,126.86035,95.82691,266.84842,20.945486,123.71196,346.30624,691.2001,952.62946,149.62581,60.680458,1142.2338,99.94208,15.873595,121.3741,1562.0078,114.68499,99.10052,50.630726,260.4517,536.0967,40.409798,133.54774,1040.2767,908.56946,155.96172,58.73012,,119.51186,285.60983,561.7668,51.009117,498.8362,151.33095,6.8829937,84.97657,1067.5886,2639.6982,217.35507,356.26428,82.10621,21.290077,94.00656,15.456239,46.47371,54.274662,780.32104,,105.06764,394.37207,114.59487,44.81707,15.300206,,35508.195,105.70087,80.29432,108.55486,203.58064,112.17974,11.789599,209.30614,2995.656,577.13806,172.8289,69.351006,,253.78845,144.63412,41.88782,12.22131,258.14014,241.05962,792.7689,9141.365,125.95904,240.25777,30.733547,173.64066
1988,163.62752,269.00543,369.83667,125.97797,98.14325,275.22708,20.984262,131.34586,335.46915,709.9726,1002.7983,150.06097,67.06808,1229.3582,104.761086,16.996016,116.66191,1562.9131,113.99847,99.1726,59.788826,259.0959,548.8795,40.7583,131.87694,1034.0203,966.5029,161.07315,67.36971,,110.64611,300.38272,616.5008,46.249054,500.27936,164.51309,7.1954055,94.02596,1086.6915,2798.2007,218.25153,425.95413,79.01365,19.793789,90.391785,15.865759,41.671085,58.015285,778.4027,,112.245155,418.44595,107.5932,43.816986,16.171694,,36641.938,113.84892,78.54944,117.03594,208.54102,117.46575,12.888711,196.1682,2972.0117,593.8246,199.9983,67.788506,,237.56392,165.04605,41.857544,11.073575,274.34244,281.14557,728.00604,9520.579,130.77919,248.76485,32.11995,191.27434
1989,171.78244,247.01988,384.1453,124.222206,95.70122,270.30557,22.941954,128.12546,314.12692,720.3111,1041.8708,143.99309,75.09224,1287.7268,107.60375,17.556082,111.41667,1468.3829,109.763115,103.93666,62.205303,268.61255,575.179,42.034187,131.68347,1061.674,987.9981,177.45236,71.84668,,107.246796,318.60794,667.77264,47.584457,536.6414,186.95409,7.6968536,97.610435,1118.1211,2871.3735,222.71523,486.68192,77.53028,18.507244,92.738045,17.436583,41.656254,63.67005,832.9989,,116.46208,412.89236,108.83679,45.22757,17.119625,,37215.688,122.017136,69.60631,134.99716,207.10391,147.89993,13.575521,202.27863,3027.4558,573.4453,228.1219,67.18965,,228.21938,195.9122,41.815014,9.94367,258.52664,312.6395,695.8076,9516.244,132.4572,242.61266,29.874668,198.1788
1990,180.0802,230.57684,392.90448,127.430046,100.39483,279.09064,22.227821,118.9007,311.8781,716.19495,962.80804,154.29774,79.35556,1274.5725,114.30004,18.565105,100.62565,1537.2932,107.52145,111.811615,63.61657,275.3904,556.60004,41.343212,133.65544,1060.0526,1000.7211,186.74254,75.48578,54.275616,108.44481,366.26285,694.0582,53.734264,553.2112,186.1421,7.8472204,101.24891,1424.875,2928.7988,256.32733,589.9107,51.68767,20.58785,82.824165,19.125217,39.39039,65.89839,916.3862,12.740927,135.13397,428.5198,102.262924,50.82389,22.143156,,37906.816,127.602325,69.653175,138.08572,189.75511,140.2395,13.632662,220.01799,2984.632,609.89703,272.58282,58.39318,20.01729,189.63515,233.3252,63.933147,14.867244,273.813,324.52747,771.84216,9309.47,130.16013,244.9972,35.01246,200.10172
1991,222.32744,241.39496,381.25476,136.87337,96.80113,299.26675,20.622862,79.400375,306.03107,727.4715,912.6727,156.95247,88.48297,1379.1438,114.3731,18.988806,84.19088,1607.6146,109.08682,110.627785,71.21293,270.62952,568.6487,36.42071,132.63072,1141.0382,996.0563,190.55426,75.47003,38.496254,92.83042,390.09222,706.1011,59.26925,586.54645,127.142624,7.3680167,101.15154,1312.1063,3023.089,258.59717,717.3476,41.370697,20.604216,90.637054,22.28313,38.05116,65.97015,941.7247,11.406301,153.59685,411.34976,96.73145,51.70254,36.021755,,37876.832,134.32481,64.45394,134.88847,179.19951,146.44716,11.84232,182.63083,2908.4788,638.3373,277.38525,51.292625,19.361153,191.26495,248.82846,51.543907,13.957406,266.88058,336.49118,739.8972,9111.919,123.54609,232.8189,34.170475,201.7545
1992,223.88318,253.73552,388.77893,134.13881,94.319466,305.2735,23.004263,71.27457,228.17445,736.12915,936.4967,159.13806,95.84964,1495.912,124.484375,21.831388,80.68122,1621.6552,108.113846,111.292656,71.04642,259.8219,637.358,19.574043,131.24066,1139.6106,1007.1835,194.52258,96.86926,38.496254,98.91989,420.5104,744.1866,61.681023,630.63934,201.05925,7.940361,116.151215,1346.129,3098.17,241.5884,868.07513,56.785267,23.416906,51.86617,22.93275,29.374146,77.84268,954.6505,12.286933,181.72055,431.89185,96.99234,53.341465,33.199795,,38404.773,146.81076,67.45526,153.05324,163.77094,162.93637,13.675576,149.54388,2777.474,618.3813,287.14056,46.66264,18.788427,207.7154,276.58047,48.134792,19.86267,282.05286,349.96964,474.0513,9301.152,98.575935,277.84363,37.35379,208.36374
1993,231.98035,248.76807,402.41638,136.78593,94.05541,300.30597,25.769167,77.613,175.19223,768.92944,948.5795,149.1138,104.486534,1663.7761,128.17464,22.876078,81.68364,1646.8728,113.18888,110.754875,71.340126,243.19084,607.8931,20.748428,124.88457,1101.6967,1012.2387,198.51204,100.89406,40.6735,87.67219,448.4648,752.0428,62.440945,691.7041,273.86227,8.238461,124.56148,1323.6052,3044.2654,186.60751,953.18195,48.682903,23.671654,45.75867,22.86836,26.326996,79.18833,947.33923,13.216734,187.49182,426.74704,99.619385,53.03442,32.153778,,38246.242,160.0418,70.536446,168.78473,168.93677,153.68877,14.634062,141.77019,2316.0288,622.47034,310.94153,38.617085,22.699755,205.3306,318.4565,38.993748,17.295012,323.31287,372.70914,341.12875,9382.407,87.02527,250.98235,47.770557,216.77267
1994,243.25163,263.91055,415.6745,134.74817,86.15903,326.46335,26.85683,73.34055,142.89874,809.6257,968.85803,154.10162,112.2142,1690.6384,134.27097,22.61588,84.47287,1631.9728,120.41809,106.050896,77.55588,253.93777,638.54456,18.914959,129.36603,1070.2838,1001.6665,203.04324,107.65179,41.96201,93.51756,443.34113,808.2667,68.39255,714.48303,309.44556,8.346259,129.30417,1319.4658,3212.045,146.3026,1046.2953,60.2195,25.714018,42.190865,22.842442,24.942257,86.091125,1021.43054,10.265979,197.3366,424.05542,103.50979,61.31527,27.272215,,39068.176,171.56282,76.61635,173.19214,178.15416,155.42723,16.94264,131.53973,2046.0374,753.26544,357.7661,39.998745,24.543419,219.89215,356.3868,39.29374,13.183907,309.1395,396.74847,294.87924,9623.489,75.798004,280.13885,52.940754,226.23352
1995,243.1685,261.95877,427.7775,135.62375,77.6772,325.2659,34.853485,75.31128,124.3167,860.1931,1016.6471,142.8001,123.3562,1825.6307,144.16035,23.986263,95.19518,1631.1296,125.37967,103.14229,76.32141,275.37674,679.26404,14.864138,117.58075,1084.53,989.9536,211.81287,115.22543,46.48947,89.09015,490.8204,901.3517,69.824715,702.6482,305.5216,8.396833,146.87704,1385.0332,3234.1843,143.00717,1141.5756,62.408756,27.378433,38.271038,21.410866,22.464779,81.52536,950.10956,9.655316,225.68347,447.47482,106.96972,66.30301,30.523483,,39666.37,185.97589,86.40599,203.4543,180.45341,167.95164,16.422976,158.80493,1785.4498,722.1709,373.77563,38.879288,26.54689,218.79678,405.904,28.27877,15.0534,346.67908,431.46832,305.8107,9600.031,77.462296,269.93954,58.44378,241.26068
1996,234.97542,261.80048,439.01538,147.85747,69.77202,352.25375,35.606483,69.351074,122.273964,926.7676,1041.7711,147.92401,130.98291,2023.0287,153.02666,24.441818,99.64469,1658.878,136.06866,98.42208,85.7203,291.0964,697.5843,16.087318,122.37473,1110.012,1014.60156,219.88054,112.906654,44.09095,82.26265,527.91,972.76135,73.24784,737.46826,307.12216,9.381994,143.86281,1374.6149,3259.9888,120.90727,1221.4814,60.6511,33.236603,39.927193,22.176525,23.622612,76.85733,964.5441,14.679261,247.44212,447.37653,114.43929,67.54738,29.08536,,40576.63,195.58961,89.128136,211.86565,210.81299,159.85767,18.12003,152.25682,1539.5094,746.65784,377.44174,40.55369,30.701279,235.02121,449.2036,38.142937,17.402937,362.10272,431.26074,189.81409,9951.113,75.81016,219.43677,67.26731,248.50722
1997,238.7064,279.52618,446.05786,147.18379,66.40268,360.9306,40.876934,54.51871,107.04149,999.6485,1073.6844,155.62619,140.88297,2221.5454,152.27388,24.967743,95.02331,1648.9271,131.27934,97.64342,97.76501,307.3263,705.9866,15.796541,120.58437,1112.2651,985.44324,222.05853,111.75032,47.088192,84.159294,584.76495,1039.8557,78.033714,758.171,374.77612,9.207106,157.65808,1373.4979,3224.3533,121.64777,1342.7759,66.98625,34.040123,40.03619,23.158905,20.98294,81.739136,1006.9446,12.305495,282.96338,464.7484,114.82874,70.94438,25.371681,,41652.086,201.5909,88.13827,231.8534,219.71667,171.57802,22.133371,159.24866,1526.9076,759.519,397.76855,40.502552,30.70264,222.36334,451.55515,39.10062,10.274356,356.59906,442.6407,219.58102,10083.609,81.941,237.40268,76.64519,252.60281
1998,237.81038,289.11743,445.97025,155.29774,69.87349,365.943,45.055756,57.887005,101.113304,1052.7144,1094.4218,157.54512,144.0185,2287.5908,151.26253,27.283787,98.08546,1650.7172,126.99976,100.65875,98.40975,323.4118,762.26117,15.860498,125.79059,1155.7661,975.0302,232.47917,107.219894,53.074535,89.2766,557.09625,1113.5074,87.46068,736.06213,271.37985,9.433033,164.65373,1329.4376,3134.1433,101.10801,1117.2625,100.81921,35.576878,45.90011,24.09103,20.0967,81.00673,1054.3689,11.074813,258.76495,470.2668,115.234085,71.860794,25.316025,,41788.617,208.43974,88.67419,225.1748,249.8809,187.91159,23.50374,139.62064,1462.641,807.787,403.47717,45.370716,29.418524,226.84012,409.96964,37.345898,11.790197,355.67706,457.71848,200.8744,10251.976,80.49694,221.13942,84.68616,256.45294
1999,232.02397,296.58893,456.154,147.58986,67.24548,353.81247,40.18385,53.773804,92.49213,1059.6798,1115.5518,152.87433,145.66054,2437.2449,135.5822,28.60156,97.63968,1601.1073,126.04254,98.898346,85.996635,330.86063,810.89856,14.814796,127.17879,1159.9083,962.24396,227.0115,114.0835,52.55279,85.230934,583.22876,1219.4528,98.69789,752.26575,188.50584,9.417009,174.33197,1276.0321,3181.5173,83.37866,1198.39,115.729126,38.35613,36.30458,25.739426,18.727612,89.25713,1047.314,11.075541,252.93382,479.29358,116.51929,72.871544,31.64212,,42435.785,216.01378,90.520706,212.49382,261.7574,193.70639,22.346224,110.90115,1495.316,836.53033,399.2941,41.134815,29.493504,222.96231,431.1383,30.962416,20.85421,354.10962,490.06985,151.31075,10537.0625,78.44137,247.98494,93.28242,259.98068
2000,229.3394,269.79562,455.9816,145.70236,74.69057,359.53516,39.487724,50.755096,91.4113,1098.5857,1109.1815,148.28627,139.07542,2626.896,132.67795,29.842424,94.42909,1570.4348,122.53468,103.13248,78.33835,323.75937,822.15295,13.329059,126.42577,1143.1821,951.9543,236.24866,118.88865,46.74931,82.53138,637.6342,1277.5098,99.360954,775.7112,283.2356,9.598544,154.44406,1125.4979,3179.2053,92.2146,1227.263,126.9616,44.056526,28.525013,27.610802,15.440622,83.48259,1120.5376,11.268543,273.37418,486.18246,108.98533,74.42254,34.205227,,43016.63,223.08224,88.370544,197.78395,240.63138,189.41814,21.87208,116.51867,1465.8062,861.68463,425.65808,40.86502,28.008863,204.42044,418.93927,58.658604,17.415867,370.6987,500.49252,142.37785,10654.942,79.69032,274.5659,101.14568,264.2983
2001,226.62102,250.16501,457.08533,155.1389,47.59412,365.03632,47.166737,52.527763,88.44919,1105.8911,1140.4631,158.6958,135.44453,2683.249,131.99512,29.993261,99.91983,1590.9634,117.52588,106.77533,81.36387,305.73434,848.1993,15.416941,124.03574,1142.346,947.54913,239.57071,141.33519,47.907486,79.73474,659.7541,1281.0958,106.50095,799.744,323.30173,9.007859,143.08977,1101.7239,3076.0095,92.17118,1227.4758,129.56995,42.859436,31.414404,29.310978,17.956295,83.637276,1107.69,9.231523,295.61264,509.71863,114.80474,75.244286,38.914345,,43398.32,218.72188,83.596954,196.75143,235.07964,189.5344,24.90919,124.17176,1509.4218,912.18567,455.65408,37.862465,29.408028,205.10725,414.40457,46.71169,17.940031,344.8432,518.60944,157.05496,10642.425,78.66739,310.38766,109.64855,269.9824
2002,235.30664,236.54623,461.9748,157.87592,43.6981,366.56335,42.876194,52.79946,93.12623,1079.3092,1183.052,150.41983,137.69225,2895.598,130.75987,29.674215,96.75073,1537.7799,113.73351,118.397224,80.80061,304.1684,866.395,17.262798,126.9237,1112.8135,940.2433,240.72469,154.46638,50.18211,74.154396,663.0472,1324.2423,103.80247,806.6087,306.809,9.370296,142.72649,1124.5614,3026.113,94.16745,1249.2571,150.12158,45.48564,30.509422,29.86881,17.819523,87.03641,1052.2218,10.424203,319.9746,512.05084,113.964355,77.48304,44.760445,,43697.09,213.196,82.79648,187.04333,239.5985,196.06563,28.160334,125.24762,1456.2139,942.5885,433.57513,42.1887,28.555616,205.5297,448.20236,55.35714,19.45226,369.48154,518.4633,159.51822,10641.834,78.058655,326.44745,120.41934,276.9421
2003,260.5353,240.75447,460.25992,167.63007,50.912304,387.41565,43.893665,55.72604,94.28708,1039.9338,1227.1875,146.38762,136.51785,3234.7625,130.62411,31.57658,103.53131,1507.7172,109.98831,123.17412,82.590965,311.87805,875.835,16.20338,130.99988,1116.9646,947.68243,252.75017,155.44257,55.533672,72.27185,683.08,1347.6937,101.32408,810.2835,275.40967,9.47095,146.52625,1116.1444,3117.3787,102.73209,1259.7499,183.11217,44.725185,28.764093,32.06685,18.005838,87.084114,1086.2057,10.086404,334.79303,512.8084,118.46245,82.19651,42.767654,,44610.883,189.23907,78.31694,185.97559,243.36378,184.26161,32.888073,111.20932,1509.1854,998.4375,401.47992,39.815987,28.93552,205.91388,491.36066,51.781166,19.539343,363.70947,542.0757,165.02756,10806.655,69.28875,277.97723,128.1303,286.9232
2004,281.55588,261.0261,471.29572,170.16396,54.5731,392.1216,45.732254,53.974884,92.36583,1075.8806,1280.9209,149.64418,150.5013,3777.772,141.36633,30.714468,114.085014,1490.4901,108.04399,128.74683,87.28777,328.39752,883.7714,16.443972,122.12344,1126.7009,973.8138,247.72807,183.05957,52.103424,76.81962,721.0085,1426.8564,106.12375,848.9064,299.94012,9.906974,139.08589,1099.3705,3048.324,105.7996,1250.866,206.34384,44.74943,31.088854,36.371384,19.358784,100.61575,1138.6555,10.276315,351.0072,536.42145,113.56331,81.031,41.771774,,46413.184,191.35683,87.44952,189.62132,260.05814,186.39532,40.44577,129.37505,1488.4772,1078.3237,450.03885,39.15278,29.82088,204.07948,544.5814,72.59852,20.99403,371.83334,554.1194,165.99037,11199.437,66.60954,299.73648,152.44135,297.69238
2005,292.91925,272.52386,478.7019,170.74123,63.79851,389.98648,46.99634,59.339947,85.993576,1094.3431,1249.1073,150.2359,155.2119,3838.4873,140.03333,34.478428,119.15711,1460.0576,109.41706,134.21338,95.14137,347.70407,906.24615,16.752337,126.67819,1104.4193,1001.7658,249.09128,165.10948,53.632507,87.88969,720.2949,1450.1283,111.53505,910.1544,280.47946,10.089533,136.45407,1062.0243,3086.6357,108.86972,1257.2521,224.51132,51.173447,33.621483,37.356655,20.517754,109.33425,1226.7955,10.618795,363.53732,569.4229,115.055374,85.43949,47.496902,,47016.887,181.89467,85.74552,174.7675,266.56586,192.48924,44.74746,125.39648,1493.8192,1134.0006,478.8211,46.30309,30.444403,196.89734,543.1483,58.77116,23.400255,367.38208,557.9412,170.23021,11216.509,62.924286,323.6661,151.39885,298.21884
2006,315.25778,286.84134,493.64178,169.86945,57.11258,388.7428,47.271736,60.025085,100.91063,1120.918,1154.0778,149.46095,160.48915,4116.769,149.5254,34.05662,117.510414,1457.2372,110.465904,139.84572,100.8373,337.3307,898.3019,17.505255,122.85048,1101.8494,991.9008,260.48984,178.45949,54.472057,91.52185,693.5674,1532.0394,113.51547,991.9344,271.65643,10.258592,132.76782,1069.8597,2975.8223,125.20107,1258.554,210.7111,52.58453,33.145622,35.52233,19.316914,110.873024,1185.0917,11.223741,351.68854,567.0726,117.82399,85.78982,50.021873,,47436.953,208.9376,81.61111,160.22678,284.99228,170.36935,57.56555,121.60156,1569.5916,1202.0599,515.75745,42.981777,31.640657,195.63448,539.1894,60.105183,24.092281,381.82663,562.3801,174.57892,11072.753,64.42179,349.98526,148.5098,304.0121
2007,337.40207,316.03925,506.2703,163.24309,56.47857,392.62918,45.713196,58.884953,91.78464,1175.956,1292.9395,143.28651,200.30363,4313.5674,153.0895,34.647247,116.69226,1319.4586,111.33213,156.39,102.50297,364.28708,905.739,18.683674,123.89983,1075.5088,964.1758,263.44055,191.26967,55.770203,91.20209,731.70544,1637.4816,112.17092,999.07385,243.81943,10.291719,135.56348,1032.5938,2892.6091,136.47191,1292.2332,212.68977,55.728626,33.59571,34.57503,20.937656,115.9952,1236.5321,12.1110325,374.9842,583.52014,121.140755,86.17487,51.09791,,48087.52,227.31567,84.94668,166.13818,292.6572,172.20227,63.685043,121.717094,1561.667,1236.4219,565.32025,45.140682,31.267454,191.29031,533.2962,54.302277,24.855906,388.8999,583.01483,180.38002,11004.68,61.70446,366.5889,165.33597,310.24753
2008,354.68753,318.08936,512.7159,158.70348,44.338394,411.8414,45.39375,57.866554,91.367065,1228.8926,1247.8242,148.41432,211.0859,4408.092,150.89616,35.382416,117.231865,1399.0693,109.85371,169.91591,105.60009,385.61722,866.6593,17.789972,119.764175,1053.3467,944.1476,252.5715,173.34848,52.884552,86.55902,746.4561,1719.2588,106.85292,1029.7059,273.0638,9.528946,134.59229,984.539,2780.0032,135.96167,1232.2426,224.64828,51.22881,36.063103,34.84931,20.536226,127.88396,1275.9948,10.953669,360.4522,554.87646,114.245056,87.22484,67.18739,,47692.652,230.70963,95.09226,158.71425,300.85117,164.78693,77.1617,119.239265,1611.6493,1363.5358,601.7366,47.469074,36.390366,187.61043,502.64276,75.97854,26.43232,382.55893,545.44495,172.89476,10275.43,58.053787,406.01877,173.38486,294.21274
2009,346.49158,301.67108,504.14078,149.56474,37.846764,360.922,42.925915,52.825085,105.46239,1225.7334,1217.4233,144.2638,198.59944,4580.2983,151.37347,34.592304,113.17898,1339.8384,98.63714,180.13443,107.393166,403.6607,814.51135,15.987168,112.83102,1010.69946,903.338,236.80884,196.68486,51.64974,84.2257,750.0341,1806.7904,91.39404,1002.6773,263.04932,8.832885,124.926895,898.9732,2495.7231,109.06764,1246.881,231.70015,52.808617,31.06497,32.625046,18.639688,129.22275,1219.6002,11.272176,357.81046,530.0778,113.279816,83.42176,63.931656,,46633.97,246.17116,96.45016,166.45232,298.74213,152.80612,75.47389,106.05386,1546.3186,1459.5881,648.4628,43.66324,30.854256,174.76619,518.4446,55.497684,25.535719,389.52692,532.042,168.17966,9742.241,54.283447,426.13004,176.74895,288.54617
2010,372.0713,325.73422,519.3061,154.07774,37.243855,374.98312,47.633118,47.891857,90.62383,1309.8794,1274.5822,147.44974,182.12953,5214.49,159.77957,33.503963,106.87343,1357.6443,101.9283,181.61191,124.12673,415.5942,794.1013,16.479925,117.16832,979.68024,891.57886,214.71916,212.63667,43.88788,79.04674,793.81995,1848.4161,88.99753,972.17633,310.87958,8.459282,123.8482,878.6839,2514.3208,113.105934,1273.9978,265.2187,52.980663,31.699005,34.167213,21.028973,143.70778,1171.3154,10.980215,361.47537,568.00195,119.77769,84.065125,72.929794,,48192.543,243.88008,101.51832,173.30891,314.1251,149.48178,81.08316,100.38229,1604.9197,1617.5393,706.69885,45.787838,30.972471,182.26927,534.345,64.037384,26.108171,374.55405,555.73676,161.75578,9892.91,53.253044,429.24103,200.76204,302.4367
2011,399.33887,338.19656,547.0603,145.06886,48.970104,350.51743,60.019775,45.732883,98.655045,1372.3699,1274.0273,136.49957,189.07631,5390.7334,168.5069,32.946396,108.28204,1313.2709,97.14898,192.22765,127.295494,418.22156,757.2665,16.066843,114.58838,963.9613,868.94165,204.5779,214.10521,41.734562,77.140785,850.97736,1935.7648,83.32917,978.04443,332.70312,8.344929,129.74031,851.1852,2512.4082,150.89111,1286.9048,251.17435,59.077347,30.631077,34.88955,19.342073,153.33934,1188.146,11.351919,369.18195,567.4297,116.16441,86.09149,78.92197,,48578.273,245.5318,112.06888,163.80655,311.50574,140.12875,102.54465,105.37204,1721.7162,1680.0405,739.26874,45.026745,30.851475,168.6092,543.49225,59.614662,25.714266,364.07852,517.7095,161.0955,9697.58,50.73226,444.8657,199.97871,306.0354
2012,418.64893,360.93686,561.41907,142.3423,51.289177,337.58096,68.356895,47.573124,121.07967,1447.9652,1281.3368,139.24573,196.13608,5654.2993,180.10788,30.689985,106.93589,1305.3893,89.821655,204.39526,131.77362,428.2248,700.0071,19.049246,110.05729,931.1787,849.1105,178.33144,205.13832,37.400105,72.01762,894.8122,2051.6697,78.68121,998.7805,365.83423,8.255022,154.56673,790.2025,2665.7046,161.30411,1332.9847,246.72572,63.094196,30.99526,33.672718,19.337612,154.29112,1213.6655,10.971921,404.4225,555.9069,116.08983,85.01531,85.93543,,49362.21,237.93188,111.44959,170.33029,298.3708,127.39728,108.15663,106.77398,1780.8062,1769.6074,739.6302,41.787235,30.20445,161.83508,564.3662,86.17621,23.543278,383.57196,509.28372,159.76318,9472.091,50.27479,482.2187,197.07022,313.72104
2013,464.9305,410.6305,578.03705,145.6488,55.715004,345.84137,69.63952,44.21495,90.81036,1498.0181,1283.0155,141.59218,195.0727,5907.4697,188.60779,27.186855,102.03872,1334.2625,87.70778,213.57639,139.62585,433.32666,675.85834,18.806303,114.501656,919.24506,840.3036,164.7616,209.29407,35.97752,70.43605,865.0088,2065.6555,79.802826,1075.3906,402.03412,8.627571,117.32228,711.2821,2552.7695,162.81444,1335.017,267.69452,53.987404,30.120863,33.112263,19.562712,156.06314,1175.1095,10.721133,430.01007,529.2256,117.56478,86.03652,99.81871,,49922.812,260.81177,116.81106,178.72589,277.3465,130.73607,129.21953,100.04368,1785.0247,1779.6705,737.6251,41.73799,28.55647,158.01923,584.294,74.325294,25.005686,412.15067,521.8908,151.43329,9628.432,47.01049,489.14056,204.0846,319.58032
2014,472.73764,393.0657,575.4282,141.40121,54.860176,338.91125,76.66483,47.711754,93.06433,1540.8109,1276.0674,128.45525,193.4745,6142.5166,199.76581,27.26966,107.97657,1298.318,87.40029,221.92514,147.06837,455.2881,678.84143,17.413538,108.04683,889.4258,838.9754,163.353,198.1297,37.662575,78.38166,861.4602,2125.4941,78.99451,991.93774,394.05093,9.023058,109.44141,725.4599,2422.78,167.67194,1329.7906,255.98145,61.876884,29.522429,31.917315,19.589464,148.68529,1121.4913,10.638594,429.4578,518.6247,114.27068,87.7147,102.40699,,50336.395,269.72635,114.93645,189.80965,277.49698,129.18199,136.32497,102.80272,1875.5392,1957.39,749.61005,38.726368,28.241379,155.69562,590.7018,84.05571,23.71663,423.3022,538.7605,133.5871,9692.96,45.55126,452.41968,214.83351,316.09113
2015,489.71716,400.8621,570.77856,142.84538,55.601353,348.06155,92.68446,53.301296,78.40431,1455.0435,1280.1887,129.56079,190.19441,6609.8955,200.19046,27.930635,104.87653,1296.5422,88.9282,236.14848,142.66008,464.53683,701.32794,17.381447,108.589935,902.6557,849.98486,170.19884,217.42123,39.127132,83.99389,822.09674,2296.0386,81.82425,864.85693,391.2975,9.844438,116.4035,736.12726,2335.274,154.43547,1393.7773,263.328,59.54911,32.41703,31.355448,20.659561,145.51521,1087.8053,11.40081,398.72943,506.33072,116.293976,91.3292,105.91571,,51294.03,293.9605,122.69016,216.02942,292.9932,132.16782,159.36671,104.60035,1812.3582,2063.1904,788.3816,42.219578,27.81775,153.64815,604.4171,68.36242,25.57151,498.6641,553.8144,119.473564,9891.111,45.713093,395.10608,250.78255,344.80014
2016,531.9051,389.2025,572.20135,146.15495,55.19285,352.99054,96.11049,54.210262,84.303665,1379.5802,1265.299,122.34929,200.91751,6823.5786,224.96028,30.465368,98.47254,1321.8785,89.05559,229.56384,134.04097,480.17807,719.22076,16.95469,114.29884,887.9983,873.85614,169.93929,225.19812,39.293175,83.43875,792.95087,2514.2617,86.16183,888.2897,396.5495,10.842629,119.49044,721.54535,2269.2039,157.86322,1519.5157,251.7362,72.91467,35.661934,31.312542,21.412914,149.06464,1117.6816,12.803833,443.14453,517.8793,112.658714,94.55283,108.666016,,52314.516,328.8486,130.31395,231.9747,321.5872,134.93422,168.92227,109.42975,1839.1206,2125.6958,834.12115,44.018665,29.852818,158.83817,625.278,97.487724,26.311125,533.83057,554.21246,125.16151,9965.476,51.62207,347.05972,271.99347,331.5981
2017,528.5774,377.06842,599.9491,146.42876,55.699093,357.47388,108.25354,56.917366,83.84049,1388.8522,1251.9794,125.38493,204.00139,7183.172,221.97697,31.275581,115.295975,1408.9285,88.506584,225.51212,130.87363,456.21555,723.65344,17.695034,110.74291,901.5271,884.00006,174.01346,254.45477,42.001553,90.39909,850.3321,2588.196,85.46276,896.9061,478.2491,12.105062,124.57352,722.2751,2243.645,159.55869,1504.5671,254.6148,78.41371,36.70305,32.775616,21.701895,157.80403,1090.6477,12.18642,417.47427,520.68384,111.99559,99.15122,117.4821,,53263.332,339.49326,132.51405,248.08119,362.9471,135.99239,151.88354,115.04343,1833.1202,2087.7917,849.9722,49.12412,30.5679,161.7447,644.63403,75.959015,23.557047,578.77844,550.433,125.789345,10062.591,52.311237,298.7125,294.57553,332.06955
2018,526.05664,356.3348,610.59534,148.91289,62.74092,383.168,124.19397,56.655537,97.42405,1317.6311,1293.8148,120.37151,211.3997,7528.741,232.51573,30.944674,116.113846,1336.97,89.401,227.7859,141.70032,406.44485,733.6454,17.47478,110.148224,879.65137,870.51447,171.98833,257.5806,40.695423,96.88959,877.21906,2704.5122,88.72634,933.4988,470.87967,13.107482,125.85821,738.58154,2167.913,170.21378,1499.6987,267.9817,78.14474,39.087585,34.678898,19.506718,154.05064,1021.4716,12.717901,423.70773,506.27664,115.44276,99.42633,125.13438,,53792.79,284.8369,136.58823,252.43062,372.2887,131.66093,154.9846,114.96409,1850.8489,1979.1284,862.3708,49.682873,31.447231,142.69774,658.427,81.45767,20.274511,579.38214,544.25696,130.70653,10303.763,55.786903,237.62271,320.08734,321.92374
2019,516.4725,320.13205,604.19867,153.20105,63.158752,358.85614,121.87268,59.417183,99.32728,1335.6631,1289.5511,123.53284,210.55197,7891.5103,231.36017,30.785168,117.60352,1351.0276,109.60725,236.9513,137.31259,383.61386,735.607,15.588738,109.32647,872.39764,846.47516,177.21858,240.73477,39.723515,97.93139,855.10266,2791.9463,88.71635,985.50775,458.79535,11.098069,127.130394,724.5385,2112.4573,171.49725,1486.9941,256.75195,81.44221,39.038982,35.056538,22.321327,156.34242,974.0516,12.735264,460.3622,493.69165,110.24316,101.82973,122.40184,,53997.266,255.64151,140.72858,256.9457,379.48453,139.91884,169.01854,120.234085,1888.7246,1854.1469,840.75433,47.017704,29.976591,145.29596,665.99725,73.18048,20.45355,576.5308,513.06757,128.96898,10287.684,59.38364,234.65843,339.07135,315.92084
2020,465.21024,282.3385,522.1727,133.02937,57.7512,307.18332,102.776375,53.383244,95.60984,1257.6509,1114.1469,102.537796,192.55576,7959.667,192.89186,26.229921,102.484436,1223.2377,91.01435,211.92545,110.83171,332.68008,591.8298,16.05446,98.07789,735.704,666.9992,143.48611,169.06566,34.046947,89.379326,753.2117,2537.8525,75.046776,950.84296,397.99588,7.309943,109.86071,595.9134,1877.5176,148.74731,1405.6753,239.8204,68.93846,36.593956,28.461853,19.569078,136.37965,838.9448,11.742942,382.43192,469.74258,102.11662,84.275246,100.00917,,49101.246,250.0316,107.05611,209.64641,359.47464,114.11291,126.878494,116.28466,1815.7542,1754.3173,779.38904,46.984623,25.082165,134.4504,600.12463,101.7023,17.470394,547.5774,490.9263,121.78443,9035.32,61.754055,135.11949,307.2974,274.01355
2021,514.36237,340.6155,535.7199,140.2148,65.33925,341.012,140.56749,56.07793,97.09465,1337.8044,1143.6666,102.78785,211.37491,8174.0947,227.32788,27.052002,112.96381,1209.7521,79.201904,221.2037,137.08408,359.5667,654.14606,15.788391,91.65651,790.98364,681.0371,152.02661,151.34477,35.994972,97.09771,786.71375,2588.8313,81.74555,1010.11536,444.49966,8.265474,114.3978,665.1538,1911.585,183.11275,1499.4344,269.92224,65.32312,36.981213,30.569939,20.47839,154.74522,956.6506,12.747635,371.0073,470.53452,104.95941,83.892586,110.717415,,51846.82,289.22247,132.77132,225.79019,375.10825,117.3465,139.33305,124.88678,1930.4956,1833.8433,769.9446,49.438286,26.84194,147.19507,599.1502,86.91435,17.05173,581.60455,519.6228,123.14044,9868.985,62.585205,145.3596,288.10876,288.2328
2022,590.3025,383.51245,569.00037,135.03087,69.2595,331.8721,166.14375,59.941475,92.66208,1390.1484,1187.0807,105.80339,228.23827,8198.393,266.85062,28.74101,108.5069,1241.9773,83.58491,226.91005,150.5628,425.22882,726.3689,16.36903,98.47133,789.4553,730.23615,172.19046,128.26762,39.39885,96.33766,858.0725,2804.5303,85.65837,1017.02094,488.49573,10.354054,124.50161,729.38477,1925.478,180.0903,1518.4937,250.99081,55.178627,37.15651,27.838793,19.610828,159.52397,1048.4077,13.863104,449.95392,460.97098,107.240074,82.97209,126.39261,,53562.11,281.94827,139.36807,247.79443,389.42603,128.5056,163.16772,126.44314,1982.0867,1976.0636,755.3795,50.027363,28.227678,132.62907,643.53,96.37978,18.339703,606.453,478.72687,107.29504,9930.587,65.60801,174.954,337.13995,287.79996
2023,610.67566,370.75543,602.69604,134.10497,72.10228,320.74048,139.36922,59.370625,91.93819,1425.2002,1194.1416,107.32253,225.66283,9091.228,254.75197,28.66776,107.82444,1165.5121,88.93036,238.2033,159.13568,414.17987,697.13385,15.560705,89.03502,777.0767,741.4178,171.29622,159.2837,43.714005,94.0944,857.43665,2939.235,84.52713,1031.4215,520.97363,10.943816,120.645256,714.07965,1882.6602,185.64178,1489.5963,260.34518,61.568634,38.186306,26.817352,19.468527,158.34901,991.90405,13.787652,488.6479,463.73584,108.04425,88.68957,126.780815,,54838.684,223.84207,143.33301,254.29778,388.3266,125.77155,176.40724,131.03668,2077.0332,2013.4003,859.01306,49.066074,26.136494,129.90118,639.6251,85.46738,18.70825,645.44495,452.22775,109.06072,9967.948,66.172714,211.60698,362.13962,290.035
2024,636.5768,339.03214,620.48303,131.87657,70.99441,326.7497,160.46597,61.19366,92.522575,1427.7328,1209.1987,107.36002,238.19644,8964.054,252.61028,29.393896,112.904594,1176.5474,90.35128,250.97054,163.27017,440.12344,740.84406,15.271419,86.685684,775.6695,744.1602,173.30756,180.94005,47.036217,95.424164,878.98413,3028.7437,85.428696,1044.6382,534.4997,11.348906,114.59136,712.7318,1782.8904,192.4192,1540.1671,277.06586,64.83041,37.39961,27.646286,18.536423,168.33871,1000.65967,13.987595,499.89972,432.99857,107.61894,89.66032,123.50631,,55292.082,229.7078,150.31696,267.58478,393.9731,122.7249,183.43208,137.63705,2129.1025,2048.4558,914.6049,48.970085,25.939632,135.9088,659.746,85.90749,19.08625,658.2925,447.92062,110.54012,9948.951,66.607376,190.14568,388.967,267.99243
