Date,ABW,AFG,AGO,ALB,ARE,ARG,ARM,ASM,ATG,AUS,AUT,AZE,BDI,BEL,BEN,BFA,BGD,BGR,BHR,BHS,BIH,BLR,BLZ,BMU,BOL,BRA,BRB,BRN,BTN,BWA,CAF,CAN,CHE,CHL,CHN,CIV,CMR,COD,COG,COK,COL,COM,CPV,CRI,CUB,CYM,CYP,CZE,DEU,DJI,DMA,DNK,DOM,DZA,ECU,EGY,ERI,ESH,ESP,EST,ETH,FIN,FJI,FLK,FRA,FRO,GAB,GBR,GEO,GHA,GIB,GIN,GLP,GMB,GNB,GNQ,GRC,GRD,GRL,GTM,GUF,GUM,GUY,HKG,HND,HRV,HTI,HUN,IDN,IND,IRL,IRN,IRQ,ISL,ISR,ITA,JAM,JOR,JPN,KAZ,KEN,KGZ,KHM,KIR,KNA,KOR,KWT,LAO,LBN,LBR,LBY,LCA,LKA,LSO,LTU,LUX,LVA,MAC,MAR,MDA,MDG,MDV,MEX,MKD,MLI,MLT,MMR,MNE,MNG,MOZ,MRT,MSR,MTQ,MUS,MWI,MYS,NAM,NCL,NER,NGA,NIC,NLD,NOR,NPL,NRU,NZL,OMN,OWID_KOS,OWID_WRL,PAK,PAN,PER,PHL,PNG,POL,PRI,PRK,PRT,PRY,PSE,PYF,QAT,REU,ROU,RUS,RWA,SAU,SDN,SEN,SGP,SHN,SLB,SLE,SLV,SOM,SPM,SRB,SSD,STP,SUR,SVK,SVN,SWE,SWZ,SYC,SYR,TCA,TCD,TGO,THA,TJK,TKM,TLS,TON,TTO,TUN,TUR,TWN,TZA,UGA,UKR,URY,USA,UZB,VCT,VEN,VGB,VIR,VNM,VUT,WSM,YEM,ZAF,ZMB,ZWE
1985,,,,,100.0,41.419544,,,,85.33957,,,,,,,,,,,,,,,,4.574043,,,,,,20.26725,,,77.50431,,,,,,,,,,,,,,67.06932,,,,,,,69.76218,,,51.252373,,,,,,14.996571,,,76.61001,,,,,,,,,,,,,,,,,,,,,83.098885,69.78266,,84.84132,,,,70.479706,,,61.20034,93.588135,,,,,,67.44003,,,,,,,,,,,,,,,,,68.74642,,,,,,,,,,,,,75.02007,,,,,,89.40691,,,,,,,63.579132,,,,,,96.7817,,,,,,,,,,73.07244,,100.0,,,,,,,,,,,,,,,,,,,,,,,83.93815,,,,,,,64.78291,35.82089,,,76.46345,,72.60897,,,,,,70.86211,,,,94.392685,,
1986,,,,,100.00001,45.197807,,,,85.03401,,,,,,,,,,,,,,,,8.099766,,,,,,18.07125,,,78.967224,,,,,,,,,,,,,,68.52473,,,,,,,72.36068,,,49.101173,,,,,,10.863495,,,77.83512,,,,,,,,,,,,,,,,,,,,,75.80909,71.58575,,83.28829,,,,70.378,,,60.685303,94.38058,,,,,,53.601723,,,,,,,,,,,,,,,,,75.206825,,,,,,,,,,,,,74.69469,,,,,,89.46851,,,,,,,63.256138,,,,,,96.91504,,,,,,,,,,73.082436,,100.0,,,,,,,,,,,,,,,,,,,,,,,77.57705,,,,,,,69.980446,44.870895,,,80.431145,,71.1562,,,,,,74.54315,,,,91.76274,,
1987,,,,,100.0,45.345196,,,,86.246735,,,,,,,,,,,,,,,,6.4883094,,,,,,20.237402,,,79.8852,,,,,,,,,,,,,,66.72013,,,,,,,74.843285,,,47.228573,,,,,,9.433366,,,79.68038,,,,,,,,,,,,,,,,,,,,,77.881676,75.73049,,82.65501,,,,76.82697,,,60.377357,93.52248,,,,,,44.351852,,,,,,,,,,,,,,,,,77.67334,,,,,,,,,,,,,71.76396,,,,,,90.43215,,,,,,,63.330498,,,,,,96.9946,,,,,,,,,,72.57423,,100.0,,,,,,,,,,,,,,,,,,,,,,,85.787056,,,,,,,57.892944,41.818523,,,78.67856,,71.94671,,,,,,77.12775,,,,93.727234,,
1988,,,,,100.0,59.597527,,,,85.901215,,,,,,,,,,,,,,,,5.5417104,,,,,,22.337645,,,79.97688,,,,,,,,,,,,,,64.66336,,,,,,,77.19341,,,37.02317,,,,,,8.440214,,,76.59515,,,,,,,,,,,,,,,,,,,,,79.708565,74.84854,,82.44411,,,,76.64484,,,61.982506,92.09259,,,,,,53.101395,,,,,,,,,,,,,,,,,76.415474,,,,,,,,,,,,,70.67487,,,,,,89.69909,,,,,,,62.816742,,,,,,96.946495,,,,,,,,,,72.24426,,99.99999,,,,,,,,,,,,,,,,,,,,,,,88.435715,,,,,,,39.60723,51.734608,,,71.75866,,71.66205,,,,,,73.60354,,,,90.47811,,
1989,,,,,100.0,63.709454,,,,86.97708,,,,,,,,,,,,,,,,5.328723,,,,,,25.04474,,,79.75257,,,,,,,,,,,,,,64.678246,,,,,,,76.64135,,,47.708836,,,,,,11.636902,,,74.4883,,,,,,,,,,,,,,,,,,,,,77.95497,75.264336,,86.91062,,,,80.217316,,,62.299343,91.7534,,,,,,49.892582,,,,,,,,,,,,,,,,,74.67626,,,,,,,,,,,,,75.62166,,,,,,89.48016,,,,,,,63.95404,,,,,,97.256714,,,,,,,,,,72.4975,,100.00001,,,,,,,,,,,,,,,,,,,,,,,85.18533,,,,,,,65.40912,58.17889,,,74.04482,,71.85483,,,,,,50.693733,,,,90.88083,,
1990,,,,,100.00001,49.90442,,,,89.5595,33.75279,,,38.426517,,,,61.12172,,,,,,,,4.4951296,,,,,,22.543388,,,79.58596,,,,,,,,,,,,100.0,77.91874,68.3602,,,96.80031,,,,76.27555,,,46.87748,100.0,,35.172924,,,11.378714,,,77.645035,,,,,,,,,94.82456,,,,,,,,,55.391598,,51.01969,76.98347,74.680595,95.07389,87.19799,,,,83.62656,,,65.76887,91.57006,,,,,,49.984367,,,,,,,,,38.59155,87.09678,32.33083,,,,,,72.322975,91.478264,,100.0,,,,,,,,,,82.66858,,,,,,93.88967,0.20559211,,,,,,63.663555,,,,,,98.891624,,,65.3018,,,,,,82.25505,73.64299,,100.00001,,,,,,,,,,80.78008,,,,45.390347,39.14791,2.2948349,,,,,,,88.83509,,,,,,,59.628086,54.24775,,,71.172516,,69.969406,,,,,,38.152287,,,,93.242676,,
1991,,,,,100.00001,54.799755,,,,89.45297,34.908295,,,39.03638,,,,62.029984,,,,,,,,4.7584524,,,,,,21.941444,,,81.586006,,,,,,,,,,,,100.0,78.07629,69.364944,,,97.0919,,,,77.0866,,,46.09915,100.0,,34.93789,,,13.449838,,,76.52998,,,,,,,,,91.19068,,,,,,,,,35.431236,,53.4713,77.7899,75.17905,94.96982,91.07365,,,,79.15579,,,64.23359,91.000854,,,,,,53.377693,,,,,,,,,40.960163,87.14286,41.9469,,,,,,74.56397,85.26863,,100.0,,,,,,,,,,83.39861,,,,,,94.181915,0.19898698,,,,,,63.183872,,,,,,98.869804,,,66.89098,,,,,,74.31338,73.02446,,100.0,,,,,,,,,,74.59518,,,,46.001648,32.810047,3.4700959,,,,,,,90.951744,,,,,,,62.15139,58.613426,,,68.98572,,69.14594,,,,,,31.41151,,,,92.319214,,
1992,,,,,100.00001,52.20377,,,,89.440796,27.520544,,,38.280594,,,,62.048534,,,,,,,,4.8521247,,,,,,22.89623,,,82.633446,,,,,,,,,,,,100.0,76.884,66.55301,,,95.55556,,,,78.21593,,,51.879986,100.0,,31.854418,,,11.006674,,,74.109146,,,,,,,,,93.98803,,,,,,,,,51.01124,,55.271465,73.356346,77.25892,94.733505,86.29908,,,,79.44585,,,65.25783,91.18947,,,,,,58.07448,,,,,,,,,19.40701,87.878784,34.375004,,,,,,71.95007,85.9967,,100.0,,,,,,,,,,86.3421,,,,,,93.67089,0.17931858,,,,,,63.29195,,,,,,98.76034,,,81.377205,,,,,,78.33735,70.836525,,100.00001,,,,,,,,,,73.273094,,,,44.104992,40.11345,4.1252656,,,,,,,92.67064,,,,,,,60.371197,59.75277,,,67.85461,,70.01856,,,,,,25.522926,,,,93.23398,,
1993,,,,,100.0,48.275524,,,,89.425964,25.842915,,,39.440636,,,,58.350952,,,,,,,,4.5682707,,,,,,20.687353,,,81.05157,,,,,,,,,,,,100.0,75.865005,66.623146,,,95.233864,,,,78.40576,,,47.659878,100.0,,35.522438,,,7.394193,,,70.576584,,,,,,,,,93.82455,,,,,,,,,52.096436,,57.42935,74.85345,78.655075,95.161285,85.89696,,,,79.421135,,,60.614235,89.63365,,,,,,60.378685,,,,,,,,,9.188801,88.05969,26.717556,,,,,,71.708984,89.96139,,100.0,,,,,,,,,,86.085526,,,,,,93.34476,0.20046775,,,,,,62.371414,,,,,,98.82379,,,69.42283,,,,,,76.9328,69.04185,,100.0,,,,,,,,,,73.097466,,,,37.79626,41.422592,4.8120613,,,,,,,94.24995,,,,,,,53.81385,64.13266,,,62.70747,,70.451485,,,,,,25.295443,,,,94.99388,,
1994,,,,,100.0,45.143917,,,,89.91234,28.970163,,,42.206337,,,,56.18747,,,,,,,,4.573242,,,,,,20.279362,,,80.27176,,,,,,,,,,,,100.0,74.72602,66.58095,,,95.69093,,,,77.9032,,,47.331295,100.0,,42.548,,,7.1208014,,,70.829254,,,,,,,,,93.4033,,,,,,,,,37.75744,,57.458233,79.12186,77.90302,94.40143,91.48684,,,,78.907104,,,64.71184,85.69157,,,,,,65.77755,,,,,,,,,16.393442,81.355934,25.45045,,,,,,78.9619,88.383835,,100.0,,,,,,,,,,83.69229,,,,,,93.31715,0.35612535,,,,,,62.82497,,,,,,98.664566,,,62.628532,,,,,,76.28997,68.442505,,100.0,,,,,,,,,,71.057755,,,,33.411858,37.858807,5.704275,,,,,,,93.735275,,,,,,,60.78131,64.64823,,,60.343815,,70.57928,,,,,,24.780273,,,,93.236824,,
1995,,,,,100.0,49.120033,,,,90.39024,29.3188,,,42.831882,,,,53.349335,,,,,,,,4.9287124,,,,,,21.13094,,,79.43943,,,,,,,,,,,,100.0,75.8336,66.270355,,,94.91525,,,,77.90413,,,51.63264,99.88493,,39.421875,,,7.8707013,,,71.6555,,,,,,,,,91.30435,,,,,,,,,38.419914,,58.112877,80.58376,80.19501,95.84519,90.13313,,,,82.5336,,,61.17839,87.40512,,,,,,64.25457,,,,,,,,,9.837278,77.55102,26.315788,,,,,,71.75338,86.949425,,100.0,,,,,,,,,,86.649345,,,,,,93.19378,0.34355828,,,,,,62.28868,,,,,,98.56986,,,71.498024,,,,,,71.73582,67.62951,,100.0,,,,,,,,,,69.23555,,,,38.251984,37.751938,5.2603183,,,,,,,91.55254,,,,,,,58.429962,66.421585,,,58.83045,,69.143234,,,,,,27.758057,,,,92.97956,,
1996,,,,,99.99999,56.030098,,,,90.41199,33.040222,,,41.575726,,,,50.866913,,,,,,,,5.6062765,,,,,,20.234531,,,81.1389,,,,,,,,,,,,100.0,76.32774,65.968666,,,96.10341,,,,78.56263,,,43.663757,100.0,,46.270382,,,8.536993,,,71.39681,,,,,,,,,89.58976,,,,,,,,,29.35368,,58.848675,81.02571,82.15288,95.97244,90.17829,,,,80.6926,,,61.039417,87.37679,,,,,,64.78496,,,,,,,,,12.130542,82.22223,40.384617,,,,,,70.9992,87.1988,,100.0,,,,,,,,,,90.29384,,,,,,92.88688,0.49670452,,,,,,62.52802,,,,,,98.54098,,,53.85965,,,,,,71.89907,68.60968,,100.0,,,,,,,,,,64.4692,,,,39.198742,36.24521,8.776048,,,,,,,91.46801,,,,,,,57.058514,66.52462,,,52.117035,,68.859795,,,,,,29.131256,,,,92.316536,,
1997,,,,,99.99999,49.8554,,,,90.83093,31.96618,,,38.35388,,,,51.925785,,,,,,,,5.9926877,,,,,,23.02419,,,81.21337,,,,,,,,,,,,100.0,77.13752,64.6064,,,93.36203,,,,79.27057,,,51.21345,99.89154,,40.61641,,,7.81879,,,69.96321,,,,,,,,,90.843254,,,,,,,,,42.70323,,59.77401,87.83934,82.466606,95.87787,93.87418,,,,81.261665,,,58.467743,86.92028,,,,,,66.534325,,,,,,,,,14.384989,75.60976,34.589798,,,,,,74.378136,86.627045,,100.0,,,,,,,,,,93.03749,,,,,,94.806114,0.42533937,,,,,,63.072407,,,,,,98.488716,,,58.011215,,,,,,59.59097,67.816956,,100.0,,,,,,,,,,70.16198,,,,39.576675,38.467377,4.8589234,,,,,,,92.06247,,,,,,,61.0939,69.02129,,,50.156303,,70.317055,,,,,,39.070667,,,,91.68433,,
1998,,,,,100.0,53.7695,,,,91.33579,30.078827,,,42.83104,,,,51.78658,,,,,,,,6.061945,,,,,,26.561884,,,81.504555,,,,,,,,,,,,100.0,76.52429,66.04158,,,90.395905,,,,80.057495,,,50.42143,99.88304,,34.032234,,,10.772242,,,70.185555,,,,,,,,,91.70678,,,,,,,,,47.29021,,61.908604,82.19844,80.71954,94.34052,92.68643,,,,81.676254,,,58.01243,87.49612,,,,,,59.58935,,,,,,,,,18.542274,59.459457,25.51724,,,,,,77.898605,84.68085,,100.0,,,,,,,,,,93.05128,,,,,,93.14241,0.37794194,,,,,,63.500706,,,,,,98.20274,,,63.48387,,,,,,54.331005,67.99423,,100.0,,,,,,,,,,70.70679,,,,39.13719,38.119534,4.477612,,,,,,,93.970566,,,,,,,61.664566,70.32276,,,47.51053,,71.029976,,,,,,48.842678,,,,91.310005,,
1999,,,,,100.0,63.99072,,,,91.36847,29.085733,,,40.18232,,,,51.120483,,,,,,,,8.665205,,,,,,25.76799,,,82.688484,,,,,,,,,,,,100.0,75.50257,63.82289,,,88.68801,,,,79.53386,,,58.14813,99.87908,,36.38721,,,9.929938,,,71.54692,,,,,,,,,90.28431,,,,,,,,,43.364197,,62.093575,82.9429,82.07486,94.797424,95.29649,,,,80.20443,,,60.190212,87.03144,,,,,,58.33052,,,,,,,,,21.483181,63.88889,32.846714,,,,,,74.31193,79.7376,,100.0,,,,,,,,,,88.92176,,,,,,92.55518,0.44157332,,,,,,63.63817,,,,,,98.328445,,,79.831535,,,,,,53.457497,66.27989,,100.0,,,,,,,,,,63.866367,,,,37.424404,36.12368,4.456213,,,,,,,95.686905,,,,,,,70.01889,71.48995,,,49.94206,,70.19861,,,,,,41.53402,,,,91.9463,,
2000,100.0,35.416668,36.805553,3.805497,100.0,60.463024,46.53979,100.0,100.0,91.91071,27.16298,91.86295,0.0,40.560455,100.0,74.35898,94.10289,48.731216,100.0,100.0,51.198467,99.885056,30.769232,98.33333,48.453606,8.775399,100.0,100.0,0.0,100.0,20.0,27.420424,3.0096793,50.17023,82.126,63.541664,1.1594203,0.0,0.0,100.0,24.643774,100.0,93.33333,0.8746355,93.14704,100.0,100.0,78.230446,63.965195,100.0,62.500004,84.46304,93.00538,99.803154,28.490028,80.55101,100.0,100.0,56.2285,99.88249,1.1834319,34.457626,28.0,100.0,9.307872,63.636364,38.167942,74.81303,21.19565,8.6471405,100.0,49.382717,90.16393,100.0,100.0,80.0,92.179825,100.0,41.37931,49.8452,10.869565,100.0,98.88889,100.0,38.186813,42.46209,48.148144,59.022453,80.00816,83.191864,95.004234,96.79933,98.087776,0.0,99.92968,81.155075,95.420975,99.45726,61.793083,85.41828,59.62877,14.511041,84.84848,100.0,100.0,61.067307,100.0,10.136986,95.577896,100.0,100.0,100.0,52.654865,0.0,21.293798,59.999996,31.88406,100.0,94.37956,92.84404,36.046513,100.0,76.58384,82.81938,73.58491,100.0,63.333336,,100.0,0.10449321,92.85714,100.0,100.0,70.62147,9.917355,89.18455,2.7777777,72.56098,100.0,61.736774,78.50877,92.16444,0.2876789,1.8181818,100.0,28.244667,100.0,98.310814,64.654366,73.574974,29.652353,18.022087,57.10817,57.603683,98.37269,99.3135,47.668396,70.21523,0.0,100.0,70.731705,100.0,53.409092,60.744762,66.40653,37.5,100.0,50.0,96.644295,98.4528,100.0,100.0,88.888885,38.274933,100.0,100.0,69.26447,,66.666664,26.041668,31.448994,36.370316,3.2844455,1.5151514,100.0,87.08911,100.0,100.0,44.444443,93.27889,1.5449438,100.0,,100.0,99.6337,99.24457,74.94775,76.136116,13.6,0.6289308,48.428772,6.587615,70.94185,92.46693,70.0,26.246042,100.0,100.0,45.218376,100.0,50.0,100.0,93.06973,0.51880676,54.363377
2001,100.0,27.536232,37.80488,4.607046,100.0,51.131573,48.606274,100.0,100.0,92.30358,30.731388,93.196205,0.0,39.679516,100.0,86.11111,94.361336,51.197056,100.0,100.0,51.26999,99.88034,30.769232,98.36066,45.454544,11.365089,100.0,100.0,0.0,100.0,27.272726,28.933577,2.8712173,45.95936,79.8621,63.524586,1.994302,0.16891891,0.0,100.0,25.846083,100.0,94.117645,1.4492754,93.46405,100.0,100.0,76.66397,63.86845,100.0,62.500004,84.41662,93.30218,99.73703,36.247726,81.922935,100.0,100.0,51.512417,99.764435,0.98039216,40.483547,25.316456,100.0,8.372651,66.666664,37.142857,74.10661,20.203487,16.133163,100.0,42.708332,91.47287,100.0,100.0,83.333336,94.40426,100.0,42.857143,56.315006,30.0,100.0,98.91305,100.0,50.383633,43.686275,52.542377,60.488747,79.09759,83.77724,95.8096,96.7474,98.077515,0.0,99.95449,80.01104,96.61266,99.4695,61.3291,85.40989,40.540543,16.880486,89.28571,100.0,100.0,63.027622,100.0,10.081744,96.68342,100.0,100.0,100.0,53.22339,0.0,18.593315,80.45977,33.723656,96.17834,93.14102,93.84615,38.636364,100.0,79.33118,90.109886,73.83177,100.0,61.4561,,100.0,0.34013605,93.61702,100.0,100.0,71.35417,9.016393,91.23779,0.0,78.48837,100.0,61.732384,80.16194,92.08813,0.4780745,1.081081,100.0,36.354378,100.0,98.659515,65.09611,70.98876,50.78125,14.443909,62.720512,65.67164,98.06568,99.417305,47.78497,65.82718,0.0,100.0,76.190475,100.0,59.45946,61.960785,65.1127,39.999996,100.0,49.25373,96.64805,97.91288,100.0,100.0,92.30769,40.96692,100.0,100.0,69.634636,,100.0,29.807693,30.295414,36.947514,3.8180692,1.4285715,100.0,87.135376,100.0,100.0,61.538464,93.27656,1.2508687,100.0,,100.0,99.46809,99.38489,80.088356,77.77011,5.3003535,0.6289308,49.094055,0.2162162,71.86129,90.90909,80.0,32.926422,100.0,100.0,40.509636,100.0,50.0,100.0,93.874344,0.62972295,62.531647
2002,100.0,21.126762,35.227272,6.199461,100.0,50.11231,29.75518,100.0,100.0,91.968315,30.892296,89.293365,0.0,40.079067,100.0,83.333336,94.4591,46.910645,100.0,100.0,51.15848,99.88663,35.714287,98.4375,46.39423,10.256855,100.0,100.0,0.0,100.0,27.272726,27.516296,3.1799417,44.774406,80.86227,67.67486,3.6697247,0.1650165,0.0,100.0,23.66361,100.0,94.73685,1.6172506,93.371574,100.0,100.0,71.4079,64.14108,100.0,57.142857,82.63428,92.51798,99.783005,36.917866,83.53241,100.0,100.0,59.905796,99.6483,0.9708738,43.766685,30.120483,100.0,9.395182,58.333336,37.414967,74.44221,6.815021,31.224209,100.0,41.584156,89.47369,100.0,100.0,85.71429,93.29085,100.0,41.935482,60.360363,33.333332,100.0,98.91305,100.0,59.277107,53.90071,52.72727,60.774548,81.42251,84.8878,94.435486,94.18361,98.464264,0.11976047,99.93407,82.59287,97.844826,99.38423,62.568108,84.759125,23.300972,17.719568,94.73685,100.0,100.0,63.094482,100.0,10.084034,94.199135,100.0,100.0,100.0,61.095097,0.0,16.19433,94.64286,37.531487,95.88235,93.1788,93.79433,36.046513,100.0,81.129196,87.52052,73.87387,100.0,58.38264,,100.0,0.23847376,94.33963,100.0,99.25926,72.448975,9.375,92.81562,0.6993007,81.14285,100.0,61.763344,74.90196,91.66315,0.41461918,0.0,100.0,30.365582,100.0,98.65229,65.5505,68.12723,35.349716,17.09868,64.362366,67.94425,98.056,99.52504,46.5412,78.63886,0.0,100.0,71.739136,100.0,56.99482,60.382217,65.89399,41.17647,100.0,53.666668,87.50001,97.77842,100.0,100.0,87.5,43.825665,100.0,100.0,70.12635,,75.0,39.8374,27.377254,38.76712,5.0715747,4.1666665,100.0,91.16495,100.0,100.0,43.75,92.511986,0.9150327,100.0,,100.0,99.46809,99.23986,73.56375,77.896805,4.4982696,0.5813953,49.640865,0.31249997,70.959076,87.81377,80.0,35.187805,100.0,100.0,49.162014,100.0,45.454548,100.0,93.40798,0.7352941,55.594406
2003,100.0,30.76923,37.688442,2.1032505,100.0,54.024113,28.679243,100.0,100.0,91.74153,39.209934,88.52305,0.0,41.869095,100.0,77.77778,94.41954,52.057713,100.0,100.0,60.070984,99.88735,62.500004,98.48484,53.34873,9.168747,100.0,100.0,0.0,100.0,27.272726,28.495419,3.2598717,50.075058,82.695305,64.37008,4.3835616,0.16366611,14.999999,100.0,21.38528,100.0,100.0,2.1917808,94.62366,100.0,100.0,66.49354,64.83065,100.0,62.500004,82.445076,90.40902,99.12073,38.066204,85.6492,100.0,100.0,54.28294,99.50787,0.8583691,50.415287,45.977013,100.0,10.121081,66.666664,41.17647,75.04332,9.014085,34.35374,100.0,53.488373,90.57971,100.0,100.0,85.71429,89.71718,100.0,41.935482,51.230103,49.25373,100.0,98.78049,100.0,58.97436,58.51064,52.830193,66.7741,83.11611,85.462204,95.40693,93.65645,98.48217,0.11848342,99.91496,83.630844,97.49304,99.37734,68.679016,86.501724,18.065693,13.341969,92.1875,100.0,100.0,61.244503,100.0,10.15873,89.55916,100.0,100.0,100.0,56.48755,0.0,15.993624,94.982086,41.057934,91.666664,89.96328,93.760826,36.458332,100.0,83.40152,79.64339,74.77477,100.0,61.623615,,100.0,0.27803522,92.0,100.0,99.28571,72.72727,7.6335883,93.386154,0.6993007,81.71428,100.0,63.0693,72.59259,91.64135,0.59998125,0.0,100.0,33.91132,100.0,98.62258,66.91454,63.511208,49.012566,18.316614,66.584816,69.87578,98.5001,99.58194,44.444447,61.845226,0.0,100.0,68.085106,100.0,58.65385,66.86725,66.5619,33.333332,100.0,63.112392,83.690994,97.19706,100.0,100.0,86.66666,39.00227,100.0,100.0,74.489204,,75.0,42.307693,30.794062,40.057846,6.8247285,4.6875,100.0,90.82237,100.0,100.0,33.333332,92.72037,1.029679,100.0,100.0,100.0,99.84472,98.315605,74.51627,79.09213,4.0590405,0.5555556,49.78403,0.11655012,71.23476,83.23759,81.818184,34.170746,100.0,100.0,53.603714,100.0,50.0,100.0,94.05712,0.72115386,39.24915
2004,100.0,29.113924,21.875,2.5225224,100.0,60.831837,27.806564,100.0,100.0,91.545616,35.941795,87.43094,0.0,41.128933,100.0,78.723404,95.18504,51.74081,100.0,100.0,53.024353,99.90385,57.142857,98.48484,51.655624,10.968025,100.0,100.0,0.0,100.0,19.999998,26.664995,3.3662128,53.333336,81.486946,66.545456,4.6683044,0.14245014,17.5,100.0,18.487734,100.0,95.454544,0.877193,94.3734,100.0,100.0,65.30612,63.083992,100.0,72.72727,76.31709,85.524124,99.2,42.65625,86.43257,100.0,100.0,58.880737,99.41804,0.7782101,43.674282,43.181816,100.0,9.825181,60.000004,41.830067,76.101746,12.682216,12.666666,100.0,38.88889,88.11189,100.0,100.0,88.888885,89.84885,100.0,42.42424,49.065422,39.130436,100.0,98.83721,100.0,65.89148,44.989185,52.72727,61.880753,83.19442,81.318016,94.47975,92.63947,98.4825,0.0,99.915405,81.65878,96.82758,99.33035,64.47525,87.96117,29.545456,13.675743,94.73685,100.0,100.0,63.216675,100.0,0.0,90.2972,100.0,100.0,100.0,63.288006,0.0,17.173334,94.36202,31.769722,92.38579,89.75387,93.96551,39.04762,100.0,82.30171,77.77778,76.190475,100.0,57.040997,,100.0,0.43103448,92.59259,100.0,99.30555,72.68519,9.523809,93.597755,0.7246377,80.239525,100.0,66.5706,71.88612,90.86355,0.6448683,0.41841,100.0,27.608232,100.0,97.303925,66.40187,66.49605,34.02778,27.13402,66.26743,73.21937,97.90219,99.420296,43.36688,72.44852,0.0,100.0,66.666664,100.0,60.27397,60.93501,65.57071,42.857143,100.0,65.55556,86.19246,97.39272,100.0,100.0,83.333336,41.964287,100.0,100.0,71.44394,,75.0,46.85315,30.531847,36.673214,3.8862495,5.172414,100.0,86.91328,100.0,100.0,57.894737,93.7646,0.9096423,100.0,100.0,100.0,99.68896,98.40737,69.07513,79.588844,21.072798,0.0,45.845207,18.305084,71.31366,87.72636,75.00001,28.899035,100.0,100.0,61.42857,100.0,54.545452,100.0,93.97817,0.5875441,43.415634
2005,100.0,28.04878,15.589353,1.2987013,100.0,60.208035,30.098686,100.0,100.0,91.020195,36.492153,86.95271,0.0,41.087936,100.0,80.76923,95.25223,47.710186,100.0,100.0,52.38095,99.870804,56.250004,98.55073,59.10021,10.427468,100.0,100.0,0.0,100.0,18.75,25.203867,3.7543254,46.3424,81.70351,73.01587,5.8080807,0.13642564,18.60465,100.0,19.98398,100.0,95.833336,3.2967036,96.807816,100.0,100.0,65.99536,63.07431,100.0,75.00001,72.838135,84.55772,98.37806,45.965187,87.46903,100.0,100.0,65.518555,98.92157,0.3472222,33.77268,47.19101,100.0,11.004322,56.0,48.407642,75.260445,14.305555,17.210682,100.0,37.974686,86.0,100.0,100.0,90.0,89.08565,100.0,41.17647,43.88489,40.277775,100.0,98.46154,100.0,66.907776,45.90038,52.72727,56.083916,82.9483,82.229034,92.6896,91.79985,80.26316,0.0,99.91771,83.56243,96.385544,99.37824,65.671646,88.42757,33.283585,14.517219,94.73684,100.0,100.0,61.267876,100.0,0.0,91.13384,100.0,100.0,100.0,60.726444,0.0,25.104021,93.731346,30.487804,92.118225,91.48495,93.96986,38.67925,100.0,81.17514,78.53026,66.442955,100.0,50.16611,34.84321,100.0,0.15209125,90.56604,100.0,99.30555,75.221245,10.457517,93.31646,1.7751478,80.85107,100.0,66.96391,64.33567,88.369026,0.53187615,0.7968127,100.0,35.59322,100.0,97.53363,66.86609,63.75846,35.73883,27.72549,67.63302,67.40332,97.520775,99.4391,42.907337,82.069115,0.0,100.0,64.70589,100.0,66.07929,56.564976,66.19678,47.368423,100.0,64.89899,88.30188,97.48822,100.0,100.0,75.0,39.08524,100.0,100.0,68.181816,,100.0,51.47929,28.493938,37.458637,3.0058098,3.2258062,100.0,87.94345,100.0,100.0,63.157894,94.22679,0.702165,100.0,100.0,100.0,99.71631,98.57819,75.41298,79.78901,50.0,3.5714285,45.726704,12.5,71.870316,81.26705,78.57143,26.719803,100.0,100.0,68.16436,100.0,54.545452,100.0,94.659706,0.67114097,47.542736
2006,100.0,28.88889,14.7651005,1.7857144,100.0,58.68818,25.91944,100.0,100.0,91.11727,34.64073,89.84088,0.0,40.472763,100.0,85.454544,95.39125,47.799297,100.0,100.0,56.057186,99.87426,14.285714,98.59155,56.399998,9.967815,100.0,100.0,0.0,100.0,17.647058,24.132605,3.508772,44.985466,82.49794,71.63121,11.264822,0.6666667,17.777779,100.0,19.553806,100.0,96.0,6.148492,96.96418,100.0,100.0,64.65455,61.943825,100.0,75.00001,79.77553,86.4635,99.37553,49.715908,88.00823,100.0,100.0,62.014954,98.66393,0.6042296,44.865715,47.77778,100.0,9.906575,56.0,42.771084,76.45178,29.585009,33.61144,100.0,36.9863,86.92811,100.0,100.0,90.909096,87.08972,100.0,42.857143,46.50572,26.666668,100.0,98.48484,100.0,63.25503,48.489544,52.63158,58.298466,84.652176,80.49649,90.87551,90.36344,81.96866,0.0,99.96044,83.42986,96.26666,99.460434,64.034874,89.15713,37.150463,15.1202755,94.8718,100.0,100.0,62.100796,100.0,0.0,93.90998,100.0,100.0,100.0,50.795334,0.0,24.772163,92.93785,42.944786,89.82036,91.04177,93.914474,40.186916,100.0,80.92878,76.4622,66.242035,100.0,46.116505,40.677967,100.0,0.1370802,91.93548,100.0,99.319725,77.54238,10.828025,93.32629,6.21118,83.422455,100.0,72.88062,69.96805,88.17679,0.67645603,0.36764705,100.0,35.223045,100.0,97.74267,67.112656,64.27208,39.79933,26.717836,63.966187,66.17647,97.33044,99.43933,44.016136,67.52066,0.0,100.0,62.264156,100.0,63.983055,61.652813,66.71269,51.85185,100.0,67.741936,89.39393,97.59432,100.0,100.0,100.0,40.53097,100.0,100.0,71.145805,,80.0,45.222927,26.976002,38.782265,3.6571746,2.8985507,100.0,89.407684,100.0,100.0,59.090908,92.70361,1.3585352,100.0,100.0,100.0,99.58159,99.005356,74.740425,80.4322,57.264957,23.75,46.722794,35.368042,71.1293,90.57177,84.61539,26.100344,100.0,100.0,65.85492,100.0,58.333336,100.0,94.732285,0.10330578,32.205513
2007,100.0,25.742573,23.148148,2.4734983,100.0,65.11628,26.27866,100.0,100.0,91.65672,31.290783,89.275894,0.0,40.42161,100.0,81.96721,97.54759,59.084538,100.0,100.0,66.129036,99.84292,18.181818,98.630135,56.801468,8.999214,100.0,100.0,0.0,100.0,12.5,25.498669,3.0558481,56.056965,82.8483,66.19217,25.335894,1.1494254,17.5,100.0,18.616535,100.0,96.29629,8.017818,96.99034,100.0,100.0,66.28689,63.56045,100.0,83.333336,73.68421,87.23405,99.40845,48.0,87.58552,100.0,100.0,62.432922,98.85057,1.1661807,41.18517,31.460674,100.0,10.289406,55.555557,53.757225,79.15627,20.588236,46.83908,100.0,32.051285,86.25,100.0,100.0,92.30769,92.64423,100.0,44.444443,49.08257,32.43243,100.0,98.57143,100.0,62.48013,62.20096,67.391304,58.55856,83.63208,79.95881,90.081184,91.08901,82.73164,0.0,99.962814,84.41389,95.04951,99.45441,67.73437,89.33698,25.93703,14.217687,95.30201,100.0,100.0,65.351074,100.0,0.0,94.51277,100.0,100.0,100.0,59.878418,0.0,22.659733,91.84953,40.7563,88.815796,91.82326,94.03748,35.714287,100.0,82.42422,84.46153,67.0886,100.0,43.4375,40.186916,100.0,0.06285355,92.1875,100.0,98.64865,77.64227,9.493671,93.8093,1.9108279,77.72021,100.0,72.857765,71.25,88.62847,0.8595988,0.36101082,100.0,34.50899,100.0,98.13664,68.3134,66.43786,42.260063,33.27765,68.399864,62.686565,96.57456,99.3517,38.522675,65.29651,0.0,100.0,60.0,100.0,63.008125,61.468487,66.8607,52.0,100.0,69.18605,92.14285,97.592995,100.0,100.0,66.666664,43.448273,100.0,100.0,73.7003,,80.0,42.666664,27.253141,39.62766,2.9700308,2.8169014,100.0,90.9232,100.0,100.0,47.368423,92.68926,2.1726701,100.0,100.0,100.0,99.739586,99.34498,80.96282,80.55202,39.150944,27.000002,47.510826,13.006396,72.13493,90.473274,85.71429,27.274319,100.0,100.0,64.900246,100.0,58.333336,100.0,94.44002,0.10373443,28.421055
2008,100.0,30.769232,22.222221,0.0,100.0,67.32015,31.355932,100.0,100.0,92.208,30.832558,89.77798,0.0,39.814594,100.0,78.68852,97.19544,57.968082,100.0,100.0,66.803,99.800285,4.7619047,98.61111,60.30405,12.6689415,100.0,100.0,0.0,100.0,12.5,23.690386,2.99821,54.473595,79.018295,65.45769,24.290781,1.3315579,19.565218,100.0,16.113914,100.0,96.55173,7.234043,96.04072,100.0,99.80276,63.652737,61.590412,100.0,84.61539,72.3136,89.459274,99.30401,39.426716,87.554344,100.0,100.0,60.902546,98.10964,0.3003003,34.414997,32.14286,100.0,9.735794,62.96296,50.82873,80.86436,15.393794,26.081732,100.0,35.802467,86.3354,100.0,100.0,75.0,90.752655,100.0,45.945946,45.04608,33.76623,100.0,98.59155,100.0,61.88272,54.3036,63.265305,57.09645,83.10455,81.39328,87.95584,96.37038,90.563995,0.0,99.929565,81.333244,93.85343,99.5053,70.11743,90.71562,27.317072,14.285714,95.94594,100.0,100.0,64.89008,100.0,0.0,97.028114,100.0,100.0,100.0,58.12311,0.0,21.305326,89.70589,39.089184,85.12396,91.79361,93.6772,40.677967,100.0,78.76267,86.6878,65.745865,100.0,38.519638,45.58304,99.75,0.06680027,91.666664,100.0,98.039215,76.5625,7.058823,92.43609,11.464969,74.19355,100.0,72.869316,64.583336,87.10103,0.5949429,0.35842294,100.0,35.768612,100.0,98.449615,67.6877,66.88528,37.947124,39.87049,66.09668,63.34311,95.72168,99.31183,39.59237,67.71063,0.0,100.0,63.157898,100.0,64.173225,56.13629,68.426926,44.827587,100.0,71.63121,90.87838,97.5042,100.0,100.0,66.666664,37.583893,100.0,100.0,74.03585,,80.0,43.046356,25.8885,35.52712,3.0687125,2.8985507,100.0,92.937164,100.0,100.0,30.769232,93.722496,2.1671827,100.0,100.0,100.0,99.741264,99.51288,82.64859,80.047,39.101124,25.751076,47.211548,38.768528,71.19145,91.05933,85.71429,27.208715,100.0,100.0,63.31219,100.0,54.545452,100.0,94.28549,0.104931794,24.115334
2009,96.84211,12.35955,33.401222,0.0,99.988335,64.00425,21.139706,100.0,100.0,91.93278,28.741884,87.851456,0.0,41.33244,100.0,81.42857,98.73757,55.23517,100.0,100.0,59.689922,99.6378,20.833334,98.64865,62.157806,8.172983,100.0,100.0,0.0,100.0,12.5,22.811018,2.9248538,51.31688,80.2285,62.735046,29.44251,1.1523688,38.888885,100.0,27.312775,100.0,96.7742,4.87013,96.1083,100.0,99.42418,60.962765,60.70991,100.0,84.61539,72.22069,88.218185,99.22078,49.61454,88.969986,100.0,100.0,56.37039,93.849655,1.6574585,37.232864,37.3494,100.0,9.63942,62.96296,48.08743,74.96019,11.884754,23.60179,100.0,35.0,88.34356,100.0,100.0,77.27273,86.47663,100.0,36.58537,54.208755,55.555553,100.0,98.79518,100.0,52.623905,43.970036,71.830986,48.98357,83.5513,82.8182,85.25411,96.86669,91.46632,0.0,99.835556,75.81367,92.5,99.5098,66.61371,91.26127,39.38931,7.9234977,95.2381,100.0,100.0,66.32114,100.0,0.0,95.22342,100.0,100.0,100.0,60.4251,0.0,21.243168,91.42857,36.086174,87.67123,84.042046,94.34572,37.815125,100.0,83.04452,81.3783,53.846153,100.0,24.533718,25.0,99.25743,0.059559256,85.714294,100.0,98.05195,76.264595,7.185629,92.868835,5.333333,77.83505,100.0,77.05912,69.27537,86.57766,3.4282658,0.32467532,100.0,28.31199,100.0,97.58552,67.20804,66.97534,43.270622,39.398544,67.42571,62.908012,94.23969,99.26215,47.04876,62.960712,0.0,100.0,63.793106,100.0,67.55725,52.59594,65.936966,48.3871,100.0,49.319214,90.491806,97.48804,100.0,100.0,66.666664,43.771626,100.0,100.0,72.04986,,83.333336,43.79085,26.7258,35.082367,3.3821373,3.0303028,100.0,95.61606,100.0,100.0,26.666664,93.65319,1.3647642,100.0,100.0,100.0,99.744896,98.82044,80.41682,79.191475,43.749996,36.363636,45.25661,31.83391,69.176,87.06587,85.71429,28.109058,100.0,100.0,62.735615,100.0,61.538464,100.0,94.085594,0.10111223,24.279835
2010,88.297874,14.772727,32.05128,0.0,99.978714,66.68253,22.966509,100.0,100.0,91.17026,33.662636,81.735405,12.5,41.416748,100.0,77.586205,97.968666,54.256477,100.0,100.0,52.5694,99.59885,11.904762,98.64865,66.31579,12.382707,100.0,100.0,0.0,100.0,18.75,24.105892,3.39137,59.800827,79.532036,71.93278,26.962458,1.1494254,44.871796,100.0,29.486967,100.0,100.0,6.729758,96.72414,100.0,98.49906,60.208874,60.59499,100.0,85.71429,67.92258,89.24222,99.62826,55.87024,90.0367,100.0,,46.353256,91.904396,0.99800396,41.74107,47.727272,100.0,10.164308,71.42857,52.849743,76.88321,6.8341713,31.324112,100.0,23.809525,91.32948,100.0,100.0,86.36363,81.39905,100.0,29.268291,36.312218,43.52941,100.0,98.85058,99.89537,51.38889,37.119675,75.0,49.732334,80.49673,82.32584,86.76627,95.57451,90.24739,0.0,99.709656,74.05185,92.36111,99.52639,64.48219,90.296425,25.55866,8.256881,95.04951,100.0,100.0,68.831566,100.0,0.0,94.71674,100.0,99.969284,100.0,46.59197,0.0,81.8,91.666664,45.098038,81.481476,81.22538,93.453354,45.384617,100.0,81.00301,66.52892,50.84746,100.0,28.190256,31.59204,98.84259,0.119976,85.882355,100.0,98.13665,75.836426,6.25,93.905945,3.8167942,85.37736,100.0,75.583626,63.287666,87.16342,4.206594,0.0,100.0,26.878807,100.0,96.90523,67.45716,62.576687,42.95393,42.295906,73.70441,64.38747,93.05989,99.31183,43.69962,46.98953,0.0,100.0,65.82278,100.0,65.92593,47.16981,67.49292,60.714287,100.0,17.150394,90.09288,97.39859,100.0,100.0,14.285714,35.008373,100.0,100.0,68.225555,,100.0,38.77551,25.273125,35.97786,5.7460423,2.7027025,100.0,94.358315,100.0,100.0,59.090908,94.43422,0.24330899,100.0,100.0,100.0,100.0,98.804276,73.61493,80.28739,47.8424,40.51095,45.69431,10.800745,70.06641,84.240906,79.99999,32.50703,100.0,100.0,68.79633,100.0,58.333336,100.0,94.1718,0.09569378,32.060184
2011,88.17204,22.077923,28.975266,1.4319808,99.97983,69.87412,33.148407,100.0,100.0,88.05603,34.2283,86.92649,6.666666,36.619244,100.0,83.33333,97.783806,59.567657,100.0,100.0,70.86928,99.56509,6.0606055,98.630135,66.00846,9.861591,100.0,100.0,0.0,100.0,16.666666,23.287949,3.4192114,60.472202,81.33723,70.065796,25.0,1.1508951,39.0625,100.0,18.249596,100.0,91.89189,8.820513,96.788734,100.0,96.544716,59.00277,61.586777,100.0,73.33333,59.64113,89.213196,99.02382,46.010765,90.1578,100.0,,50.17836,90.84561,0.78864354,35.551018,42.352943,50.0,10.4360075,62.96296,58.620693,71.68791,22.055887,33.598583,100.0,25.454544,88.095245,100.0,100.0,90.0,86.05646,100.0,24.444445,37.328766,39.53488,100.0,98.90109,99.897354,53.949135,52.98308,87.878784,48.91727,84.12549,80.09284,79.98526,95.32239,93.69202,0.0,99.49664,72.19895,91.2844,99.590164,74.96559,90.89858,30.779057,6.7288475,93.39623,100.0,100.0,68.71237,100.0,0.0,95.092026,100.0,99.961555,100.0,58.83882,0.0,73.882355,90.90909,49.425285,76.404495,88.38259,93.94463,52.38095,100.0,80.82492,78.84615,43.518517,100.0,27.900288,54.71698,98.67841,0.66305,85.05747,100.0,96.815285,80.21978,6.09137,92.44511,2.7586205,81.41593,100.0,78.21745,66.14173,85.38708,3.1922495,0.0,100.0,24.008207,100.0,98.275856,68.098976,64.652534,47.31458,43.23222,71.33767,62.53443,91.93836,99.32615,37.37422,53.437622,0.0,100.0,68.918915,100.0,69.818184,54.57929,68.094345,57.14286,99.99615,23.384253,89.969604,97.391304,100.0,100.0,11.764706,37.171055,100.0,100.0,77.19621,,85.71429,32.67974,27.828854,36.55779,3.8062282,3.4482758,100.0,92.75813,100.0,100.0,52.380955,92.17221,0.24630542,100.0,100.0,100.0,100.0,99.0184,74.676315,80.36883,59.96131,38.7218,47.96615,25.33849,68.20784,89.204544,78.57143,29.069178,100.0,100.0,59.422714,100.0,61.538464,100.0,93.71905,0.0870322,42.311886
2012,84.7826,15.909091,29.015545,0.0,99.98117,72.51139,43.47826,100.0,100.0,87.92388,25.229424,92.1637,0.0,37.676357,100.0,82.8125,98.12834,54.735256,100.0,100.0,69.94931,99.318405,7.894737,98.57143,67.47639,14.533937,100.0,100.0,0.0,100.0,16.666666,21.832092,3.1704097,63.719997,77.98754,73.71429,21.362799,0.1303781,42.011833,100.0,22.10593,100.0,81.57895,8.209694,96.2561,100.0,94.49153,55.659504,60.817028,100.0,79.99999,51.455673,87.86983,98.91985,46.590412,90.86834,100.0,,49.501614,87.70903,0.26420078,26.785967,33.72093,50.0,10.028542,62.06897,57.87037,69.31596,25.675676,34.074074,100.0,32.87671,84.88372,100.0,100.0,85.18518,83.0913,100.0,24.444445,33.333332,31.111113,100.0,97.872345,99.896194,53.571426,50.23652,80.0,46.764877,85.111984,81.82976,80.620155,94.271126,90.46067,0.0,99.22235,68.76545,89.79118,99.578064,88.31671,91.56919,22.52142,6.5868263,63.0137,100.0,95.454544,70.161896,100.0,0.0,93.924675,100.0,99.97083,100.0,70.6531,0.0,73.77778,88.76812,33.387356,58.928574,90.38098,95.35284,50.64103,100.0,82.5129,83.38657,42.857143,98.695656,28.673836,48.07018,98.7526,0.7348029,85.416664,100.0,94.33962,79.56989,6.3414636,91.97494,2.994012,79.91267,100.0,80.201805,57.320095,83.983574,1.7717882,0.56657225,100.0,28.274286,100.0,98.3165,68.209816,62.915394,37.049946,44.744743,71.546165,63.270775,89.5467,99.46189,37.453182,57.37236,0.0,100.0,70.83333,99.97127,65.24823,54.90263,68.06326,53.846153,99.98935,29.68421,90.607735,97.29442,100.0,100.0,33.333332,39.807384,100.0,100.0,74.30229,100.0,87.5,50.898205,25.936398,36.59164,2.4573421,7.692308,100.0,90.73443,100.0,95.833336,71.875,91.92116,0.41249266,100.0,100.0,100.0,100.0,98.26234,72.7713,80.23326,67.5485,9.999999,49.029564,35.377357,68.77622,87.45283,79.99999,36.045517,100.0,100.0,53.612366,100.0,63.636364,100.0,94.362816,0.16168149,39.781425
2013,84.04256,19.81982,41.963192,0.0,99.918175,70.61313,42.3231,100.0,100.0,85.76294,21.766071,93.29032,11.764706,33.66687,100.0,84.0,97.994,50.999535,100.0,100.0,58.028988,99.04792,5.405405,98.52941,66.19718,20.46844,100.0,100.0,0.0,100.0,0.0,20.968752,2.9553063,64.30533,77.81752,78.243774,30.59937,0.12019231,43.52941,100.0,30.784925,100.0,78.04878,11.776252,95.11688,100.0,92.30769,53.381443,60.41862,100.0,73.33333,53.886158,86.96388,99.44899,52.374786,91.00436,100.0,,40.261494,90.73795,0.11534025,30.900927,36.363636,50.0,9.30039,62.06897,55.023926,65.44044,17.935873,37.10547,100.0,26.153847,82.18391,100.0,100.0,70.588234,74.52545,100.0,19.565218,32.411068,40.000004,100.0,97.91667,99.89747,55.907433,33.42898,86.66667,40.039642,84.23483,80.69956,77.95615,92.61378,91.83361,0.0,99.07045,60.841904,90.675995,99.65238,87.57538,91.65317,21.658417,6.6091957,43.09392,100.0,95.454544,72.26018,99.9836,0.0,93.29788,100.0,99.97363,100.0,39.849625,0.0,63.48449,80.434784,43.064518,41.463417,83.853004,93.12637,49.696968,100.0,82.52558,73.891624,45.90909,98.23009,27.447834,36.548225,97.609566,1.4122394,78.57143,100.0,94.303795,79.72028,6.3414636,90.7498,4.444444,79.681274,100.0,81.43795,47.72182,85.093475,2.0429623,0.28571427,100.0,25.807962,100.0,97.85276,67.69854,63.615562,42.122906,46.05838,73.58766,64.8379,89.58359,98.64991,37.323624,41.46971,0.0,100.0,75.0,99.769775,62.05674,45.402992,66.5606,59.459457,99.98643,19.033815,90.28872,96.47696,100.0,100.0,37.5,39.490444,100.0,100.0,73.94851,100.0,85.71429,52.840908,22.526316,34.113922,2.5354507,6.666666,97.72727,87.96185,100.0,96.42857,87.5,92.49882,0.2337814,100.0,100.0,100.0,100.0,97.62955,71.176346,79.8399,69.94992,0.0,49.416065,15.86621,67.71385,89.56235,85.71429,38.111446,100.0,100.0,53.43082,85.71429,75.00001,100.0,93.76512,0.15037593,46.226414
2014,82.97872,13.793103,47.17573,0.0,99.734,71.091385,43.6919,100.0,100.0,86.77165,18.440292,94.43768,16.666666,35.519665,100.0,88.63636,98.60839,50.426258,99.96332,100.0,65.12038,99.16522,8.333333,98.48484,71.3253,24.1165,99.02913,100.0,0.0,100.0,0.0,21.316448,2.6398401,57.161182,75.45151,76.29987,35.994194,0.11235955,45.66474,100.0,30.911156,100.0,79.06976,10.226155,95.62532,100.0,92.85715,53.51847,58.131718,100.0,79.99999,43.851437,89.87268,99.611015,52.45969,91.380516,100.0,,38.941116,88.83534,0.0,26.784142,51.64835,50.0,6.3216257,48.3871,59.798996,62.062237,19.825073,36.391438,100.0,40.84507,81.60919,100.0,100.0,65.13761,75.453445,100.0,18.750002,31.578945,39.784946,100.0,97.95918,99.899345,59.397587,25.986597,91.26214,35.99864,85.51402,81.24495,75.21334,93.172005,95.66856,0.0,98.42261,56.35917,90.14084,99.61686,87.40026,91.260704,23.586958,8.801108,40.19293,100.0,95.454544,68.67019,99.98465,0.0,98.83139,100.0,99.9735,100.0,60.691322,0.0,59.07859,79.057594,45.52529,59.375,85.89744,93.85475,47.09302,98.14814,79.125046,76.02231,41.83267,96.44445,37.039608,44.79495,96.09666,1.3414634,78.64078,100.0,94.19355,79.591835,5.5299535,90.29633,0.6535948,88.37209,97.77778,83.30235,46.18834,84.58374,2.0868824,0.0,100.0,20.89935,100.0,97.23758,67.20514,62.922806,44.19355,47.62738,74.38819,66.58878,87.46448,98.33808,40.037247,39.054054,0.018040773,100.0,70.588234,99.71649,66.78322,40.23414,66.64443,51.219513,99.98476,21.560036,90.909096,97.200806,100.0,100.0,19.999998,39.490444,100.0,100.0,67.01556,100.0,87.5,69.78022,19.867306,24.373177,1.908049,4.1666665,97.77778,88.84705,100.0,96.66666,65.71429,91.82206,0.990099,100.0,100.0,100.0,100.0,96.889824,79.11491,80.516235,57.34824,2.786378,46.08905,5.238829,67.187584,89.11211,92.85714,44.12913,100.0,98.71795,55.893803,85.71429,76.92308,99.86945,92.8992,2.8236914,44.827587
2015,81.4433,12.711865,45.398773,0.0,99.76449,71.4826,37.08609,100.0,97.14286,85.90495,22.968597,93.0403,16.666666,40.756977,100.0,90.099014,98.6507,50.461918,99.9649,100.0,66.22033,99.00264,8.333333,98.50746,70.55556,23.257975,99.03846,100.0,0.0,100.0,0.0,20.865856,2.815196,56.80149,73.08421,83.44828,45.100502,0.11098778,60.507244,100.0,36.655125,100.0,79.06976,1.0213555,95.586075,100.0,91.18942,56.055283,56.20414,100.0,86.66666,34.22516,92.111115,99.68043,48.896633,91.415054,100.0,,44.337406,84.63055,0.0,21.614925,51.6129,50.0,7.8151665,40.625,56.60378,54.643375,22.139536,50.085907,100.0,21.052631,82.38637,100.0,100.0,63.846153,70.91087,100.0,17.64706,38.854076,41.05263,98.245605,97.0,99.81511,53.78869,33.096085,92.23301,37.1909,86.2052,81.73209,71.96861,93.96588,96.30521,0.0,98.10057,61.069,89.71962,98.79329,84.609566,89.68791,10.19368,14.93808,55.458515,100.0,95.454544,67.1486,99.98536,13.985148,97.3176,100.0,99.97334,100.0,51.28788,0.0,60.283688,67.910446,49.819496,78.94737,83.91843,95.5298,45.810055,98.3871,80.72561,64.07079,51.792828,92.3077,40.493824,50.333332,96.007256,7.0184984,72.413795,100.0,94.230774,77.25752,5.990783,90.047295,2.5316455,85.86207,98.14814,80.49443,49.891064,83.695755,2.0489511,0.0,100.0,19.921965,100.0,97.70867,66.44685,62.51441,34.660194,47.275738,74.58738,68.65342,86.189896,98.18182,47.54358,52.366055,0.0,98.07693,70.588234,99.68772,63.793102,42.38501,65.86295,43.137257,99.98573,35.370514,90.99099,97.09626,100.0,100.0,25.0,41.611843,100.0,100.0,73.104546,100.0,90.0,73.655914,20.36063,32.432434,1.9444445,5.263158,97.82608,97.55691,100.0,96.66666,86.36363,92.23416,0.93240094,100.0,100.0,100.0,99.895515,97.02259,68.044464,82.46687,66.46248,2.2535212,42.124878,6.841339,66.85423,88.12054,86.66666,41.1857,100.0,98.71795,65.21954,83.333336,69.230774,97.916664,92.36821,2.96077,47.445255
2016,85.106384,12.396694,41.438984,0.0,99.7531,72.97867,36.338028,100.0,100.0,83.83611,21.2579,91.58954,11.111111,31.479067,100.0,83.83838,98.205246,48.753647,99.964935,100.0,68.32299,98.71909,5.263158,98.48484,79.24731,16.792482,98.09524,100.0,0.0,100.0,0.0,20.306816,3.5024552,57.110237,71.695335,83.57772,38.396626,0.108813934,61.904762,100.0,34.383617,100.0,80.00001,1.7495396,95.57178,100.0,91.20655,59.158535,57.32635,100.0,75.0,39.50658,88.924385,99.52139,40.02209,91.58829,100.0,,39.689693,86.93508,0.0,22.021818,45.26316,50.0,10.13528,51.6129,62.100456,54.37821,19.495214,57.78284,100.0,31.677017,83.05085,100.0,100.0,66.42857,72.34399,100.0,16.666666,38.195618,46.23656,95.977005,98.14814,99.632744,50.103733,33.65079,93.51852,39.460476,84.63212,82.442535,75.132454,92.28699,95.8135,0.0,97.46306,62.22766,87.750565,95.62785,84.06976,87.34151,10.743801,13.460076,53.57766,100.0,95.65217,67.89248,99.97147,31.227934,97.784645,100.0,99.96817,100.0,67.10987,0.0,42.148758,41.772152,45.79439,79.79798,83.5115,95.89744,51.57895,98.50746,81.41095,63.23268,48.01325,83.72093,44.81236,41.40127,95.59083,17.28526,75.0,100.0,94.303795,78.03279,6.046511,86.536865,4.054054,90.76433,98.57143,77.53147,47.712418,83.55563,1.9455516,0.0,100.0,15.666281,100.0,95.8194,65.834656,66.40358,33.36397,49.602943,75.79028,70.230606,86.25904,98.110466,46.619072,45.300594,0.0,92.452835,69.117645,99.693695,65.9864,40.423542,64.95871,50.0,99.986015,43.78861,91.00418,97.09246,100.0,100.0,38.095238,41.14754,97.22221,100.0,71.872574,100.0,90.909096,56.043953,20.149254,33.579792,2.3478093,8.333333,98.0,94.71656,100.0,93.548386,78.723404,91.06328,3.538283,100.0,100.0,100.0,99.89384,96.790634,67.11371,83.83628,63.78299,1.856764,45.18775,3.1723144,65.00112,88.315445,87.5,46.07491,100.0,98.7013,64.12904,85.71429,66.666664,96.6736,90.729836,5.692438,55.090656
2017,85.56701,13.4920635,28.584642,0.0,99.44267,72.68731,38.11421,100.0,97.14286,84.866974,23.908186,92.23782,25.0,32.001408,100.0,85.71429,98.24371,51.65031,99.96579,100.0,76.47784,97.73979,5.0,98.50746,74.86965,18.081856,97.11539,100.0,0.0,100.0,0.0,19.14398,3.3416457,56.45509,71.00193,78.75494,36.64596,0.10438413,59.661015,75.0,20.899706,100.0,81.39535,0.35460994,96.11085,98.52941,91.4,55.72528,54.690746,100.0,76.92308,29.44984,84.166664,99.15867,26.482214,91.97764,97.05882,,46.409428,85.866264,0.0,20.09775,50.0,100.0,11.765446,48.484844,58.035713,49.964523,19.493008,57.36842,100.0,30.508476,79.545456,100.0,100.0,67.16418,74.81752,100.0,24.0,31.361425,32.978725,96.610176,98.18182,99.59394,40.941658,39.50722,87.735855,40.52248,83.75278,81.492256,71.037186,91.93236,97.60632,0.0,97.494064,64.4322,88.35616,93.26275,82.136024,88.71218,19.113573,8.523097,59.270073,100.0,100.0,70.37526,99.94193,35.17863,97.74118,100.0,99.969955,100.0,69.01882,0.0,28.932585,33.333336,27.490038,85.71429,84.15779,93.75,58.080807,97.26027,81.26348,76.96429,54.360466,89.696976,46.673,54.83871,95.854065,19.501135,75.55555,100.0,94.230774,80.06431,0.0,82.60707,3.9548023,86.37771,98.21429,75.80645,44.02655,82.04929,1.8817022,0.0,100.0,18.781492,99.94467,96.95946,65.310234,68.74041,28.170288,41.39632,75.44511,72.183914,85.79836,97.74116,49.50918,60.7918,0.0,90.90909,68.115944,99.69366,67.78523,43.65754,64.30437,53.846153,99.982285,39.490444,88.771194,97.11171,100.0,100.0,39.130436,25.089605,94.59459,100.0,74.50604,100.0,100.0,48.0663,21.152445,33.14642,2.1128905,4.6511626,98.039215,95.77006,100.0,93.75001,74.07407,88.89267,5.411375,100.0,100.0,85.71429,99.89271,97.08455,70.654915,87.73403,65.20509,1.8518518,38.195335,1.533101,62.68449,86.94938,86.66666,41.60886,100.0,98.33333,55.5721,100.0,68.75,95.30863,89.578766,13.6675825,45.29801
2018,83.50515,17.094017,20.547945,0.0,99.117714,71.32443,44.53228,100.0,97.22221,81.156,22.59162,92.24036,28.57143,38.053337,100.0,85.5615,98.2312,45.15158,99.96616,100.0,65.65286,97.92254,7.317073,98.4375,70.41833,15.036831,97.11539,100.0,0.0,99.67846,0.0,19.316412,2.866194,54.13405,70.272415,70.11952,41.100704,0.093370676,65.57377,59.999996,23.667051,100.0,79.06976,1.3986014,96.53847,98.50746,90.51383,54.686783,52.721893,100.0,81.818184,31.314135,86.22449,98.931595,28.087582,91.74482,87.17949,,41.179073,83.9127,0.0,21.78556,40.90909,100.0,8.58656,51.428574,52.8777,47.5009,17.524916,59.28907,100.0,37.628864,78.36257,100.0,100.0,67.40741,69.32143,100.0,19.23077,33.88679,36.17021,95.95375,98.23009,99.58982,35.849056,27.662722,81.730774,39.157566,82.95218,80.83436,66.990295,94.32687,98.08962,0.0,97.27615,60.004894,85.35354,89.396164,79.27382,89.82941,13.716813,8.165911,40.654205,100.0,95.65217,72.793045,99.87859,34.921562,97.79135,68.29269,99.97073,97.560974,56.164387,0.0,24.657534,29.166668,48.06548,72.30769,80.17939,94.05204,56.722687,96.20253,80.30576,65.062386,59.833797,89.84771,41.820705,40.789474,93.302895,18.203033,69.863014,100.0,88.31169,79.48718,18.232046,83.40369,1.4184397,88.0,98.11321,78.83411,41.29032,80.20336,1.9802659,0.0,100.0,16.601875,99.867584,94.92387,64.84533,67.121376,22.232143,38.868546,76.629234,77.06422,87.23957,97.343124,48.731377,49.59726,0.0,85.714294,70.588234,99.68789,63.728813,41.36101,64.24599,58.536583,99.957306,40.243904,85.829956,97.18708,100.0,100.0,33.333332,22.263453,94.59459,100.0,70.27544,98.18182,100.0,46.842106,22.543137,31.761784,2.2404506,4.0816326,98.07693,96.50538,100.0,94.117645,64.99999,85.64357,6.838906,100.0,100.0,85.71429,99.89166,97.37094,67.7428,86.01241,68.26265,7.209302,39.05292,2.4640658,63.340916,90.64133,86.66666,41.63073,100.0,98.3871,61.285576,75.0,60.0,86.246414,90.60197,15.356265,44.326614
2019,82.82828,12.328767,26.801516,0.0,97.356445,69.02458,40.720963,100.0,97.22221,79.21775,22.704765,93.10212,30.769232,32.063866,98.14814,83.75,98.60181,44.99085,99.93959,100.0,63.318024,97.42956,13.461539,98.36066,63.837994,16.067453,96.22642,100.0,0.0,99.60159,0.0,19.282654,2.692362,53.78661,68.504135,66.88556,38.526573,0.08312552,72.79793,75.0,30.515362,100.0,81.818184,0.8756567,95.70048,97.22221,89.902916,52.9748,47.301235,100.0,85.71429,21.45046,87.45301,98.93395,22.218798,89.754196,87.5,,41.098625,71.879105,0.06531678,18.743622,42.105263,100.0,9.477258,60.526318,53.52113,46.21993,23.946037,57.687862,100.0,36.09756,78.48837,100.0,100.0,67.85714,66.423355,100.0,16.32653,36.141735,51.041668,95.428566,97.36842,99.566864,45.022423,33.992096,83.962265,38.768963,83.7395,78.5266,61.608597,86.97942,95.642746,0.0,95.95609,60.057247,87.28449,85.58207,76.89039,89.583916,11.332179,8.416834,50.663715,75.0,95.65217,69.5092,99.86674,36.523685,94.81241,69.04762,99.971115,97.61905,66.26651,0.0,26.047905,25.233644,50.46584,73.809525,80.212975,93.49737,61.53846,96.296295,80.06501,77.172066,61.679787,89.85508,43.73706,43.731777,90.05763,20.642445,70.06369,100.0,74.83871,78.32817,3.888889,83.86555,3.6231885,86.18619,97.01492,76.659355,43.013103,77.75093,2.0623178,0.0,100.0,17.577143,99.845726,95.11811,63.614807,63.86076,47.25086,39.458416,79.21343,73.59813,84.40142,96.18799,53.60134,46.87985,0.0,85.18519,71.014496,99.74,68.852455,38.887,63.760998,49.411762,99.94189,36.251545,86.59794,97.21094,100.0,100.0,5.0,28.947369,94.59459,100.0,71.48671,98.21429,90.909096,52.450985,22.26161,31.65513,1.989075,8.163265,92.98245,96.50538,100.0,94.28572,78.68852,85.13753,8.540076,100.0,100.0,85.71429,99.891304,96.866486,56.20295,83.31084,66.795364,3.0567687,38.452057,1.7423772,62.240826,89.82064,86.66666,41.620667,100.0,98.48484,69.60193,66.666664,58.82353,85.36585,89.72562,15.348208,48.349056
2020,82.82828,10.169492,24.390244,0.0,95.04042,67.76134,41.49215,100.0,94.28572,75.75712,19.727694,94.87379,24.324326,34.44331,98.9899,81.13207,98.53733,39.960144,99.94008,99.50739,70.81596,95.61494,11.363637,98.305084,64.36222,14.598575,93.39623,100.0,0.0,99.54128,0.0,18.319315,2.7303257,51.555393,67.20508,69.44938,39.886364,0.07993605,73.618095,75.0,34.67524,100.0,83.333336,0.17064846,95.270615,97.101456,87.62887,49.588017,44.266434,100.0,85.71429,17.949615,83.83787,98.891266,20.35794,87.623985,87.804886,,33.67634,51.151314,0.064020485,14.471405,37.037037,100.0,9.174851,60.97561,51.19454,41.314705,25.268818,62.645718,100.0,39.112904,75.88235,100.0,100.0,65.24823,63.06041,100.0,17.307693,24.235104,47.474747,95.32163,98.23009,99.44688,43.07116,35.37415,86.27451,38.201607,81.87581,77.22543,57.898033,90.72982,96.123634,0.0,94.608536,57.768867,86.21495,81.062805,76.654495,89.00857,6.4212327,9.220779,50.558037,75.0,95.454544,65.24467,99.879425,28.403404,93.26028,71.111115,99.9661,97.36842,64.46331,0.0,45.319153,20.491802,36.363636,66.07143,80.824745,94.17476,59.259254,95.12195,75.27169,72.28464,59.137054,88.372086,51.331203,47.78761,89.75904,16.508938,71.16564,100.0,77.33333,75.86207,0.57142854,82.420555,3.5,84.25926,97.01492,79.44737,30.079155,69.80978,1.4839294,0.0,100.0,19.07728,99.19773,94.62687,62.067852,65.208664,24.314444,36.516323,78.7715,72.68293,82.03627,96.01468,46.473026,41.408836,0.0,78.571434,69.69697,99.71659,75.46174,34.64952,60.184998,37.078655,99.942245,35.17442,83.16832,97.19239,100.0,100.0,5.0,15.481833,91.89189,100.0,72.673485,98.21429,90.909096,51.707317,21.816906,29.36649,1.4898034,4.0816326,88.1356,96.19591,100.0,94.28572,85.245895,85.78876,9.900497,100.0,100.0,85.71429,99.89166,96.86623,57.83775,83.988716,58.620693,2.6086957,36.97138,5.9690495,60.148197,92.46957,86.66666,22.320208,100.0,98.4375,65.184425,66.666664,61.111107,83.333336,90.023384,14.510835,41.4307
2021,83.0,12.264152,24.56973,0.0,88.728615,69.17402,43.782387,100.0,94.28572,71.10861,20.850174,94.5304,30.769232,26.481537,98.23009,81.871346,98.58861,43.24439,99.882034,99.5098,60.999454,82.909096,13.888888,98.305084,61.54554,20.397495,92.452835,100.0,0.0,99.5984,0.0,18.771252,2.726264,50.56812,66.53219,76.12335,37.09869,0.0,74.26471,50.0,24.928877,100.0,81.39535,0.0,95.56927,97.14286,84.76563,50.549843,47.88971,65.0,85.71429,20.71689,82.22119,99.05374,18.804483,88.36688,88.095245,,32.66482,60.08345,0.0,14.325336,37.73585,100.0,8.872741,60.465115,53.37838,45.546288,18.829115,65.21739,100.0,26.923077,66.26506,100.0,100.0,67.132866,59.199852,100.0,15.686275,26.502909,30.69307,95.4023,98.21429,99.28216,37.239582,30.311052,87.37864,36.565098,81.833466,77.81435,63.26789,94.641,96.90354,0.0,93.342445,59.252518,86.66667,77.01311,73.966576,89.059784,10.177706,14.398943,41.170635,75.0,95.454544,66.08694,99.74009,26.458797,90.71567,65.789474,99.97125,97.49999,50.62857,0.0,39.069763,19.512194,36.41026,58.0,80.1937,93.393394,66.79842,94.04762,71.51212,70.16275,60.913708,87.83784,50.65065,38.19629,88.844086,17.020147,71.51898,100.0,74.834435,78.595314,4.3715844,80.74881,2.6490066,77.66323,97.1831,79.33673,30.878859,63.427155,0.6809648,0.0,100.0,18.277842,98.08704,93.4877,62.09621,62.87092,21.635012,38.42779,77.87234,75.27594,82.907326,95.351234,36.67577,35.920357,0.0,75.82417,71.21212,99.710365,71.844666,35.758198,61.74562,41.0,99.786224,37.34463,79.72973,97.09625,100.0,100.0,5.0,15.277778,89.47369,100.0,66.4976,96.55173,90.909096,51.674644,24.242422,28.479795,1.7813482,3.9215686,86.66666,96.13082,100.0,95.34883,77.46479,84.99093,9.942085,99.96479,100.0,85.71429,99.89212,96.89497,64.59985,85.04965,63.12139,2.466793,30.65097,15.384616,60.48675,92.97312,85.71429,20.7645,100.0,96.96969,57.225662,75.0,52.941177,82.87671,87.63457,8.013544,29.288216
2022,83.0,13.541666,24.436743,0.0,81.83419,65.876945,39.271255,94.44444,94.44444,67.9613,21.841574,93.64202,30.769232,27.584013,97.9798,84.61538,98.44499,48.110584,99.77578,99.02439,67.951065,84.02367,12.765957,98.4127,64.26735,10.14664,92.660545,100.0,0.0,99.609375,0.0,18.21686,2.5757332,44.67267,65.098076,72.64076,35.092026,0.0,78.65853,50.0,25.645668,100.0,72.0,0.0,95.71885,97.14286,83.26996,50.08957,49.504303,65.0,86.66666,18.519577,81.55164,99.0598,23.986689,88.837616,88.63636,,36.792618,68.00895,0.0,11.320494,39.252335,100.0,12.881812,54.166664,52.037617,43.215736,23.789474,63.95349,100.0,25.5,65.243904,100.0,100.0,68.21192,56.55119,100.0,12.962962,15.356083,28.571428,92.22222,98.4252,99.08588,38.827526,36.524822,81.18812,34.404697,80.38916,76.77199,61.112766,93.85966,97.73644,0.0,92.20221,64.143196,87.08241,76.871956,74.53703,88.2944,12.191359,13.892909,35.21127,75.0,95.454544,62.92988,97.7723,23.863636,54.462246,66.666664,99.97151,97.49999,62.945915,0.0,25.247524,14.166666,24.055666,59.18367,81.81599,90.431526,64.77273,92.94118,72.37101,72.89562,57.142857,86.95652,59.139786,46.827793,90.19354,16.308794,72.56098,100.0,73.82551,80.44872,4.3715844,80.526054,1.5151514,73.78641,97.468346,75.289474,35.879627,56.515568,1.3546968,0.0,100.0,14.1160345,96.214874,93.4877,61.38422,59.031593,22.77551,44.757927,77.86047,78.867096,78.89697,94.623116,36.91149,40.40578,0.0,66.66667,66.19718,99.741554,65.875374,36.59116,63.25347,42.307693,99.43179,28.247911,76.666664,95.90654,100.0,90.909096,5.0,9.186748,80.952385,100.0,71.81401,92.59259,88.888885,55.450237,18.085909,27.544912,1.664259,3.6363635,85.483864,95.61753,100.0,94.8718,80.00001,84.210236,7.305724,99.96933,100.0,87.5,99.89474,96.964035,58.08897,84.0973,69.64657,2.6086957,28.406672,9.219381,59.651867,90.78194,86.66666,21.636717,100.0,97.05882,50.537514,75.0,56.250004,83.16832,85.99196,11.093991,32.662193
2023,,13.4020605,23.578594,0.0,72.06569,59.782833,43.005783,100.0,94.44444,65.12395,15.286804,93.468544,30.769232,26.496351,97.0,82.65896,98.37981,34.579903,99.75118,,60.81802,70.00918,11.111112,98.4375,64.99163,9.01562,91.81818,100.0,0.0,99.6139,,19.427029,2.6192172,35.599407,64.79789,68.91285,36.134453,0.0,79.30367,,34.030083,100.0,,0.085397094,95.29104,97.14286,79.849335,45.178738,45.25669,65.0,86.66666,12.993177,82.73616,99.05503,23.221083,88.73444,88.63636,,28.03745,50.256413,0.0,6.0311995,36.52174,,8.187948,,52.037617,38.419834,23.958334,61.465622,100.0,25.185184,,100.0,,68.78981,50.276466,,,25.482912,,,93.28358,99.04357,38.42869,30.237959,,28.828827,81.403305,78.03282,55.038265,91.79617,98.82893,0.0,89.490654,55.422653,,,70.292915,87.25325,10.16419,14.348144,55.48293,,,61.771755,97.767914,23.28872,52.65487,66.666664,99.97151,,50.117683,,16.506718,10.791368,22.291994,,78.28545,87.92079,,92.94118,75.009865,67.72793,57.339447,86.38298,61.813934,38.86256,90.391914,16.308794,,,,82.56881,,80.841324,2.1164021,,97.49999,77.11127,35.46911,49.359886,1.5306454,,100.0,12.357501,95.95645,90.67103,60.646137,57.41483,38.22844,46.93681,78.05755,76.32135,72.76376,94.623116,,25.503355,0.0,,,99.7461,,30.553116,63.803947,43.39623,98.63551,29.850746,78.26087,95.464066,,90.909096,4.7619047,9.384616,80.952385,,65.305084,93.220345,,57.009346,15.204875,23.47267,1.3999038,3.5714285,85.71429,,100.0,,79.347824,84.37188,7.4074073,99.9704,100.0,85.71429,99.89474,96.05448,57.99118,84.823135,74.49909,,29.570517,7.996894,59.10562,90.7541,86.66666,21.618036,100.0,97.01492,57.017796,75.0,60.0,83.06189,83.66726,10.996918,32.490974
2024,,,,,68.26885,61.102055,39.819004,,,64.51233,13.279858,88.042366,,22.22074,,,97.97119,27.120924,,,63.474236,60.38402,,,62.02429,10.166921,,,,,,20.729296,2.287457,30.10307,61.940315,,,,,,35.64164,,,5.9773827,,,76.22378,42.152836,42.554573,,,11.960506,81.5373,,28.333334,88.415955,,,23.23906,43.327843,,5.490431,,,5.75368,,,34.01344,19.845722,,,,,,,,50.28831,,,,,,,,,27.14844,,26.217915,80.42672,77.54017,54.677887,92.11924,,,,50.682083,,,68.499466,85.07412,8.093385,15.954923,59.28753,,,60.07588,97.82112,,,,,,40.436127,,19.67213,9.615385,25.696594,,73.523384,88.29174,,,74.673386,66.89655,,83.25792,59.76499,39.72973,90.33413,,,,,,,80.32489,,,,76.97483,,46.287815,1.6077377,,,14.9347725,95.80161,94.64832,59.121315,53.447147,,40.72044,78.26951,,70.15276,94.17735,,14.813215,,,,99.76125,,31.952326,64.06317,,97.8396,,,95.06794,,,,7.4999995,,,68.75,,,,13.978861,23.82353,1.3484577,,,,,,,85.14156,10.659,,,,,96.015366,54.38427,84.9107,,,17.78005,5.385061,58.076115,,,,,,55.851536,,,,83.31359,,
