Date,AFG,AGO,ALB,ARE,ARG,ARM,ATG,AUS,AUT,AZE,BDI,BEL,BEN,BFA,BGD,BGR,BHS,BIH,BLR,BLZ,BOL,BRA,BRB,BRN,BTN,BWA,CAF,CAN,CHE,CHL,CHN,CIV,CMR,COD,COG,COL,COM,CPV,CRI,CUB,CYP,CZE,DEU,DJI,DMA,DNK,DOM,DZA,ECU,EGY,ERI,ESP,EST,ETH,FIN,FJI,FRA,FSM,GAB,GBR,GEO,GHA,GIN,GLP,GMB,GNB,GRC,GRD,GTM,GUF,GUY,HKG,HND,HRV,HTI,HUN,IDN,IND,IRL,IRN,IRQ,ISL,ISR,ITA,JAM,JOR,JPN,KAZ,KEN,KGZ,KHM,KOR,KWT,LAO,LBN,LBR,LBY,LCA,LKA,LSO,LTU,LUX,LVA,MAR,MDA,MDG,MDV,MEX,MKD,MLI,MLT,MMR,MNE,MNG,MOZ,MRT,MUS,MWI,MYS,NAM,NCL,NER,NGA,NIC,NLD,NOR,NPL,NZL,OMN,OWID_CZS,OWID_ERE,OWID_MNS,OWID_SRM,OWID_USS,OWID_WRL,OWID_YGS,PAK,PAN,PER,PHL,PNG,POL,PRI,PRK,PRT,PRY,PSE,QAT,REU,ROU,RUS,RWA,SAU,SDN,SEN,SLB,SLE,SLV,SOM,SRB,SSD,STP,SUR,SVK,SVN,SWE,SWZ,SYR,TCD,TGO,THA,TJK,TKM,TLS,TTO,TUN,TUR,TWN,TZA,UGA,UKR,URY,USA,UZB,VCT,VEN,VNM,VUT,YEM,ZAF,ZMB,ZWE
1961,3313500.0,657000.0,347764.0,0.0,10287500.0,,,8441623.0,902089.0,,137397.0,,531800.0,1777392.0,8639332.0,2521386.0,150.0,,,8129.0,431159.0,11168641.0,380.0,2836.0,68300.0,181860.0,153500.0,16985264.0,180255.0,1024480.0,89712000.0,471000.0,814452.0,719700.0,7000.0,1158170.0,10200.0,20000.0,103000.0,275000.0,141673.0,,7138919.0,,110.0,1536555.0,93320.0,2708623.0,504534.0,1723824.0,,6929785.0,,,1029808.0,13060.0,9140300.0,,5850.0,3060601.0,,534518.0,343985.0,677.0,83994.0,97000.0,1772952.0,630.0,694998.0,245.0,107461.0,14821.0,302521.0,,452000.0,3324307.0,9319000.0,92239016.0,435435.0,5063000.0,2039339.0,,154875.0,6387203.0,9712.0,377707.0,4868480.0,,1105697.0,,2270080.0,2073629.0,0.0,630000.0,90400.0,200000.0,489000.0,40.0,539171.0,271059.0,,,,3772884.0,,888000.0,179.0,7708027.0,,1564005.0,3649.0,4519316.0,,311000.0,731500.0,246050.0,119.0,878200.0,523153.0,85600.0,1050.0,2107164.0,10621000.0,243500.0,521762.0,228117.0,1715000.0,124375.0,2600.0,2480163.0,5882000.0,15584.0,,117968000.0,647997184.0,5454763.0,7858558.0,192200.0,719295.0,5195460.0,659.0,9045900.0,15872.0,1432000.0,1889916.0,111600.0,,0.0,3800.0,7029100.0,,156078.0,273500.0,,961167.0,115.0,316421.0,297088.0,521000.0,,,270.0,26340.0,,,1383378.0,106902.0,2161829.0,1275850.0,373973.0,6427204.0,,,24400.0,5340.0,1125063.0,12865300.0,826020.0,1260100.0,992094.0,,873465.0,64869560.0,,100.0,449443.0,5004200.0,700.0,1199277.0,6092600.0,932380.0,1377015.0
1962,3425500.0,654000.0,332882.0,0.0,8699220.0,,,9154626.0,897794.0,,127800.0,,585468.0,1872821.0,8855818.0,2451390.0,180.0,,,5419.0,441960.0,11522315.0,358.0,2831.0,70400.0,49768.0,154000.0,18340808.0,184650.0,1013290.0,88910008.0,574000.0,909688.0,701700.0,7100.0,1196700.0,10100.0,20000.0,112000.0,294072.0,137794.0,,7145685.0,,110.0,1541998.0,91000.0,2911300.0,567973.0,1975708.0,,7252920.0,,,1059191.0,12857.0,9408120.0,,5980.0,3201027.0,,520000.0,349445.0,700.0,89125.0,101000.0,1758547.0,630.0,715445.0,353.0,100060.0,11295.0,318926.0,,453000.0,3344059.0,10458000.0,93852008.0,432097.0,4983000.0,2451402.0,,131626.0,6485855.0,8579.0,400547.0,4755130.0,,1260197.0,,2387069.0,2112667.0,0.0,602000.0,91435.0,210000.0,563000.0,40.0,568096.0,274700.0,,,,3285652.0,,941000.0,240.0,7652725.0,,1601500.0,3699.0,5001403.0,,380000.0,702600.0,246050.0,114.0,876100.0,550684.0,88400.0,950.0,2317458.0,10634000.0,251500.0,509284.0,229522.0,1724500.0,125583.0,2600.0,2492956.0,6093000.0,15355.0,,121446112.0,653839488.0,5499763.0,8090856.0,182700.0,745816.0,5110820.0,728.0,8777800.0,9489.0,1436000.0,2003216.0,115200.0,,0.0,3800.0,6663626.0,,177538.0,273600.0,,988000.0,120.0,288000.0,302463.0,515000.0,,,270.0,27730.0,,,1373709.0,104139.0,2268047.0,1277450.0,388664.0,6870641.0,,,29000.0,5585.0,1116346.0,12965000.0,840209.0,1241100.0,998093.0,,816183.0,60548008.0,,100.0,553440.0,5150880.0,700.0,1233668.0,6207500.0,934554.0,1352412.0
1963,3426500.0,645000.0,298725.0,0.0,11468110.0,,,9191184.0,888269.0,,141460.0,,553182.0,1940525.0,9170275.0,2425275.0,240.0,,,5550.0,475397.0,12565288.0,376.0,2821.0,72600.0,48460.0,155000.0,18556188.0,175300.0,991550.0,90371008.0,586000.0,903695.0,660300.0,9600.0,1119160.0,11350.0,20000.0,108450.0,263000.0,138730.0,,7168885.0,,115.0,1569717.0,91400.0,2891420.0,598034.0,1944683.0,,7228312.0,,,1056400.0,12263.0,9159745.0,,5740.0,3261715.0,,497756.0,350145.0,720.0,78530.0,101000.0,1644087.0,630.0,778597.0,50.0,81519.0,7877.0,314969.0,,453000.0,3173391.0,9290000.0,93571016.0,402746.0,4783000.0,1817699.0,,131758.0,6299467.0,8619.0,289041.0,4609500.0,,1369115.0,,2348000.0,2178119.0,0.0,610000.0,72900.0,239000.0,503000.0,24.0,582457.0,274700.0,,,,4326300.0,,950000.0,292.0,8440920.0,,1641059.0,3513.0,5227904.0,,394000.0,716700.0,252600.0,114.0,890561.0,562184.0,88450.0,900.0,2385998.0,10741000.0,223100.0,488375.0,232243.0,1725500.0,140382.0,2700.0,2488089.0,6113700.0,14725.0,,119150112.0,659234432.0,5439355.0,8212602.0,197400.0,724960.0,4985020.0,737.0,8838100.0,9519.0,1476000.0,2009667.0,116100.0,,0.0,3800.0,6708715.0,,96643.0,287289.0,,1082000.0,125.0,298877.0,277880.0,520000.0,,,270.0,27948.0,,,1378086.0,84012.0,2478681.0,1252300.0,427890.0,6897698.0,,,27100.0,5475.0,1592000.0,13016700.0,837689.0,1437150.0,984982.0,,751016.0,62420208.0,,100.0,502522.0,4769270.0,700.0,1267863.0,6612300.0,957356.0,1253451.0
1964,3446500.0,644000.0,342158.0,0.0,12281330.0,,,9822032.0,896099.0,,149900.0,,556454.0,1934100.0,9364054.0,2448730.0,280.0,,,7291.0,479702.0,13107902.0,284.0,2600.0,74500.0,41698.0,131500.0,18664782.0,174285.0,987443.0,92086008.0,618000.0,887702.0,662700.0,9650.0,1256100.0,11700.0,20000.0,127400.0,178969.0,140469.0,,7285822.0,,115.0,1567605.0,96600.0,2805810.0,650732.0,1907398.0,,7048402.0,,,1124700.0,10319.0,9226542.0,,5894.0,3427053.0,,514672.0,363095.0,500.0,80559.0,120000.0,1766280.0,630.0,795959.0,57.0,149581.0,8638.0,350988.0,,459000.0,3276286.0,10626000.0,94306008.0,387957.0,5057000.0,2179046.0,,161125.0,6244904.0,5960.0,396330.0,4418130.0,,1432536.0,,2504000.0,2271775.0,0.0,928000.0,93100.0,255000.0,503000.0,12.0,573881.0,274200.0,,,,3938680.0,,987885.0,343.0,8994221.0,,1265985.0,3434.0,5338487.0,,413000.0,713400.0,252600.0,25.0,898056.0,564713.0,99450.0,850.0,2245960.0,11291000.0,244900.0,481317.0,242754.0,1742000.0,137402.0,2800.0,2525700.0,6156100.0,12861.0,,122678112.0,670231872.0,5421928.0,8533549.0,219600.0,781750.0,5122420.0,862.0,8767700.0,12094.0,1479000.0,1888672.0,180800.0,,0.0,3800.0,6692900.0,,125565.0,294300.0,,1166000.0,130.0,298951.0,267679.0,511000.0,,,270.0,30913.0,,,1379055.0,83290.0,2349417.0,1212024.0,453100.0,6860640.0,,,24300.0,5370.0,1437000.0,12930000.0,802621.0,1408250.0,1043983.0,,843744.0,60977008.0,,100.0,536912.0,5244800.0,700.0,1291962.0,6389300.0,980145.0,1253793.0
1965,3444500.0,603000.0,323238.0,0.0,9866080.0,,,9846764.0,866741.0,,150750.0,,519948.0,1963000.0,9492394.0,2310600.0,330.0,,,7842.0,432772.0,14247927.0,300.0,2510.0,76600.0,35172.0,112000.0,18625128.0,173683.0,957810.0,91089016.0,613000.0,875932.0,693909.0,9800.0,1439697.0,13700.0,35000.0,110480.0,145000.0,143975.0,,7229500.0,,120.0,1596967.0,103000.0,2862350.0,640901.0,1625595.0,,7093770.0,,,1131000.0,8287.0,9377274.0,,5876.0,3657704.0,,480680.0,357310.0,250.0,80761.0,100000.0,1779520.0,630.0,759650.0,57.0,120530.0,8538.0,344171.0,,460000.0,3229923.0,9834000.0,93277016.0,377250.0,6397000.0,2480608.0,,155437.0,6056518.0,4816.0,371808.0,4303013.0,,1569770.0,,2480500.0,2375066.0,0.0,931000.0,97500.0,257000.0,455069.0,16.0,472886.0,286700.0,,,,3956110.0,,982650.0,394.0,9350458.0,,1221450.0,2966.0,5221590.0,,418200.0,731000.0,307600.0,180.0,1110250.0,590253.0,114450.0,800.0,2289447.0,12245000.0,270200.0,484309.0,240291.0,1786000.0,131282.0,2800.0,2456245.0,6228600.0,10684.0,,121264720.0,667195136.0,5160950.0,8872528.0,238500.0,777380.0,5215260.0,762.0,8505800.0,10158.0,1460000.0,1864134.0,180000.0,,0.0,3800.0,6766565.0,,122197.0,305300.0,,1228453.0,135.0,332400.0,317394.0,507000.0,,,270.0,33838.0,,,1393007.0,83507.0,2001153.0,1214842.0,524855.0,6862581.0,,,20745.0,5060.0,1545000.0,12960000.0,812933.0,1401160.0,1161700.0,,922903.0,60379264.0,,100.0,570859.0,5103700.0,700.0,1287314.0,6412300.0,991094.0,1218923.0
1966,3446500.0,609000.0,328443.0,0.0,11122075.0,,12.0,11504354.0,900828.0,,155802.0,,493391.0,2018500.0,9208509.0,2328375.0,470.0,,,8128.0,428936.0,13523268.0,400.0,2448.0,78600.0,80619.0,106000.0,19599536.0,171400.0,1009247.0,92863000.0,624000.0,884051.0,766207.0,11000.0,1390770.0,15000.0,39000.0,122700.0,140000.0,143145.0,,7207233.0,,120.0,1604664.0,104000.0,1921790.0,591684.0,1817474.0,,6954614.0,,,1131900.0,8571.0,9194306.0,,5850.0,3791421.0,,594200.0,351795.0,243.0,81000.0,95000.0,1716990.0,620.0,747690.0,100.0,138360.0,9469.0,325472.0,,462000.0,3173221.0,11469000.0,92729816.0,338713.0,7457000.0,2382202.0,,130234.0,5991218.0,5985.0,283580.0,4194810.0,,1419048.0,,2270900.0,2273410.0,0.0,943000.0,89924.0,133000.0,498997.0,20.0,583713.0,279500.0,,,,4653000.0,,1101740.0,465.0,10068011.0,,1337555.0,3254.0,4951091.0,,398500.0,784000.0,257480.0,181.0,1128600.0,580838.0,125400.0,750.0,2302681.0,10102000.0,274300.0,462031.0,232131.0,1794700.0,135954.0,3000.0,2553170.0,6290300.0,11037.0,,118879504.0,669678976.0,5236700.0,8667751.0,239900.0,807950.0,5254020.0,878.0,8380900.0,8901.0,1484000.0,1674915.0,166817.0,,0.0,4300.0,6820400.0,,182777.0,311500.0,,1121438.0,138.0,352300.0,334946.0,502000.0,,,290.0,29624.0,,,1377911.0,97312.0,1275734.0,1068544.0,647800.0,8008240.0,,,22087.0,4950.0,1173000.0,12973750.0,840524.0,1771160.0,1178424.0,,814721.0,61141624.0,,120.0,584300.0,4948800.0,700.0,1181900.0,6120300.0,1016041.0,1293393.0
1967,3124500.0,632200.0,332935.0,0.0,12185670.0,,8.0,11884253.0,902756.0,,155124.0,,543196.0,2288401.0,10036709.0,2213008.0,480.0,,,8102.0,392107.0,14493244.0,430.0,3480.0,80900.0,206775.0,123000.0,19802974.0,168900.0,968900.0,91965000.0,698200.0,830487.0,797745.0,11000.0,1249700.0,14100.0,45000.0,127900.0,146367.0,141941.0,,7286316.0,,125.0,1637727.0,108625.0,2600270.0,706492.0,1894358.0,,7207501.0,,,1180800.0,9819.0,9303635.0,,5850.0,3826331.0,,639305.0,358570.0,448.0,72500.0,83500.0,1690617.0,620.0,789864.0,55.0,117929.0,6309.0,322018.0,,468000.0,3184112.0,10063000.0,96062008.0,356167.0,6630000.0,2472043.0,,147828.0,5768719.0,3590.0,284792.0,4092940.0,,1623708.0,,2137000.0,2282468.0,0.0,974000.0,85135.0,134000.0,598108.0,20.0,584108.0,290900.0,,,,4839060.0,,1122410.0,308.0,9529213.0,,1542300.0,3211.0,5148430.0,,406900.0,824000.0,257480.0,268.0,972100.0,604166.0,136400.0,710.0,2412528.0,10635000.0,305300.0,437597.0,228473.0,1821090.0,145195.0,3100.0,2578429.0,6348600.0,12355.0,,116712008.0,679890944.0,5221822.0,9031397.0,242300.0,836815.0,5551900.0,936.0,8409200.0,7478.0,1490000.0,1631911.0,204820.0,,0.0,3000.0,6603919.0,,189575.0,311619.0,,1344165.0,140.0,373900.0,323746.0,535000.0,,,300.0,34016.0,,,1395251.0,103299.0,1944724.0,1084300.0,533743.0,7019560.0,,,24700.0,4730.0,1103800.0,13013600.0,835607.0,1651350.0,1185086.0,,598729.0,65847776.0,,125.0,740236.0,5025800.0,750.0,1146200.0,6877300.0,1027120.0,1468786.0
1968,3041500.0,653000.0,323150.0,0.0,12408430.0,,12.0,14121516.0,911199.0,,157700.0,,508454.0,1733214.0,9931197.0,2166840.0,500.0,,,8410.0,444767.0,15119971.0,610.0,3480.0,83900.0,99160.0,114000.0,19840692.0,169410.0,1008340.0,89643008.0,712700.0,838210.0,920806.0,11500.0,1276875.0,12200.0,25000.0,125400.0,173900.0,143145.0,,7431223.0,,125.0,1685196.0,118736.0,3017870.0,587030.0,2054000.0,,7382517.0,,,1191900.0,10898.0,9307842.0,,5850.0,3813396.0,,608229.0,354640.0,253.0,85637.0,76000.0,1708430.0,620.0,780814.0,20.0,115822.0,9955.0,324851.0,,463000.0,3281413.0,11240780.0,98822912.0,362476.0,7535000.0,2424096.0,,150647.0,5954460.0,3980.0,290790.0,4017000.0,,1811404.0,,2437100.0,2243090.0,2.0,670000.0,86904.0,140000.0,631341.0,26.0,606910.0,312439.0,,,,4712400.0,,1150785.0,204.0,9735738.0,,1322190.0,2980.0,5162886.0,,410300.0,757589.0,258138.0,205.0,1174300.0,669178.0,143400.0,642.0,2511118.0,11039000.0,328300.0,419849.0,232640.0,1909470.0,211306.0,3100.0,2627510.0,6424300.0,14195.0,,116420016.0,684204608.0,5254481.0,9536762.0,228900.0,709050.0,5588250.0,987.0,8457800.0,3400.0,1483000.0,1708524.0,224914.0,,0.0,3000.0,6657193.0,,174838.0,378866.0,,1164745.0,868.0,343900.0,340795.0,515000.0,,,300.0,35576.0,,,1445593.0,107470.0,1625577.0,1077780.0,428552.0,7576759.0,,,23500.0,4580.0,1159000.0,13131500.0,835314.0,1695350.0,1203000.0,,893847.0,63042024.0,,125.0,752529.0,5132800.0,800.0,1126500.0,6961300.0,1048636.0,1220540.0
1969,3081500.0,721000.0,322299.0,0.0,11884800.0,,20.0,12781700.0,957929.0,,152102.0,,493091.0,2140460.0,10545400.0,2154263.0,500.0,,,8785.0,464910.0,15774034.0,730.0,3650.0,85700.0,161765.0,127000.0,18334920.0,175385.0,951251.0,91280008.0,731050.0,939792.0,908800.0,10500.0,1143960.0,12300.0,16000.0,113800.0,222300.0,138060.0,,7499085.0,,130.0,1704169.0,115600.0,3012480.0,614933.0,1920028.0,,7350702.0,,,1156900.0,10813.0,9375548.0,,5630.0,3699550.0,,649182.0,369020.0,400.0,83709.0,69000.0,1635540.0,600.0,782095.0,45.0,114202.0,8067.0,327876.0,,480000.0,3252292.0,10448440.0,100872592.0,357940.0,7136000.0,2164583.0,,145915.0,5922142.0,3710.0,221975.0,3925820.0,,1783814.0,,2046200.0,2224792.0,3.0,678773.0,55215.0,147000.0,629299.0,28.0,582000.0,311127.0,,,,4642400.0,,1124060.0,106.0,9273880.0,,1350740.0,2715.0,5028697.0,,414000.0,811436.0,288012.0,446.0,1184300.0,693311.0,149400.0,590.0,2886242.0,14400000.0,338025.0,406193.0,244494.0,1951485.0,218508.0,3100.0,2666740.0,6499800.0,14576.0,,116320000.0,685279104.0,5157646.0,9706300.0,228200.0,826697.0,5615430.0,1349.0,8669300.0,3820.0,1508000.0,1631285.0,176049.0,,0.0,2500.0,6563321.0,,171526.0,323918.0,,1207337.0,1024.0,332484.0,318623.0,519000.0,,,305.0,32686.0,,,1486969.0,110564.0,1931088.0,983533.0,322000.0,7974893.0,,,21000.0,4265.0,954400.0,13304450.0,829052.0,1701150.0,1370000.0,,807290.0,59258752.0,,135.0,766311.0,5172000.0,800.0,1100918.0,6772300.0,1073112.0,1688981.0
1970,3178000.0,632000.0,327282.0,0.0,11221810.0,,25.0,10598124.0,961847.0,,154623.0,,493826.0,2061898.0,10146201.0,2172992.0,520.0,,,11892.0,453355.0,16821700.0,660.0,3456.0,87700.0,182379.0,129400.0,13531041.0,171620.0,967700.0,92886512.0,714300.0,923573.0,916343.0,9000.0,1044713.0,12300.0,3000.0,113000.0,303300.0,152107.0,,7470600.0,,130.0,1738944.0,112928.0,3228170.0,595413.0,1911633.0,,7432455.0,,,1196900.0,11548.0,9318100.0,,5865.0,3717376.0,,999200.0,376730.0,450.0,86327.0,69000.0,1601300.0,600.0,757427.0,175.0,112100.0,6861.0,330744.0,,483000.0,3010051.0,11073690.0,100377008.0,377288.0,7288000.0,2086907.0,,130705.0,5863821.0,3663.0,264027.0,3445920.0,,1635144.0,,2485200.0,2159730.0,4.0,679693.0,57987.0,154000.0,375537.0,25.0,763084.0,301455.0,,,,4513200.0,,1107060.0,269.0,9739619.0,,1194900.0,2559.0,5154905.0,,418100.0,685893.0,258398.0,517.0,1120300.0,712396.0,149400.0,545.0,2923200.0,12424000.0,340353.0,361706.0,257570.0,1994890.0,195634.0,3200.0,2625929.0,6580200.0,15126.0,,114191008.0,675463488.0,4900018.0,9837847.0,158060.0,867040.0,5625250.0,1475.0,8346400.0,2260.0,1510000.0,1614753.0,239309.0,,0.0,2500.0,5900835.0,,200340.0,339000.0,,1121847.0,708.0,349112.0,342020.0,480250.0,,,310.0,39261.0,,,1539265.0,112262.0,2551385.0,958400.0,397011.0,7639240.0,,,23100.0,4096.0,1272700.0,13159450.0,819064.0,1748150.0,1212621.0,,758691.0,59229152.0,,135.0,722679.0,4958100.0,850.0,1082721.0,6855800.0,1101213.0,1527059.0
1971,3400000.0,649000.0,312203.0,0.0,12321590.0,,35.0,11689197.0,969719.0,,154613.0,,446885.0,1988087.0,9531242.0,2222151.0,535.0,,,13357.0,463110.0,17674108.0,600.0,2734.0,89700.0,215194.0,133000.0,18114448.0,173480.0,968330.0,96197008.0,711200.0,992652.0,926372.0,10500.0,1115010.0,12300.0,3000.0,94500.0,274100.0,156857.0,,7571500.0,,135.0,1756753.0,104000.0,2952400.0,612063.0,1927747.0,,7436300.0,,,1212100.0,9376.0,9544110.0,,5900.0,3814169.0,,956300.0,384775.0,500.0,87327.0,68000.0,1633500.0,570.0,754153.0,280.0,102990.0,4653.0,333638.0,,487000.0,3135042.0,10951020.0,99673104.0,386391.0,6925656.0,1473575.0,,137585.0,5515115.0,4353.0,296864.0,3092500.0,,1580733.0,,1974200.0,2058060.0,5.0,680770.0,60145.0,162000.0,221062.0,35.0,732973.0,316737.0,,,,4684325.0,,1120725.0,92.0,9677067.0,,1183300.0,2257.0,5088705.0,,414800.0,690000.0,268830.0,442.0,1202300.0,740922.0,160400.0,475.0,2956190.0,11736500.0,347555.0,349841.0,267823.0,2009823.0,215028.0,3200.0,2675012.0,6670300.0,13683.0,,112761008.0,686870080.0,5043125.0,9473889.0,158700.0,865290.0,5796990.0,1791.0,8452100.0,1870.0,1514000.0,1460112.0,268800.0,,50.0,2800.0,6167400.0,,188410.0,428283.0,,1118734.0,1141.0,378400.0,350854.0,445100.0,,,310.0,40279.0,,,1526409.0,71851.0,1934659.0,1045708.0,385290.0,8123480.0,,,17800.0,4687.0,1170700.0,13292700.0,795650.0,1736508.0,1331000.0,,730278.0,63782292.0,,135.0,704175.0,4928200.0,900.0,1095606.0,7360800.0,1216205.0,1633701.0
1972,3923100.0,658000.0,331220.0,0.0,11702050.0,,40.0,11555097.0,975268.0,,151723.0,,488973.0,1908554.0,9857487.0,2202120.0,555.0,,,14424.0,451760.0,17468376.0,760.0,2473.0,91600.0,83818.0,143500.0,17843070.0,181000.0,982070.0,96529000.0,711200.0,948409.0,939813.0,13084.0,1106940.0,12500.0,3000.0,94800.0,297657.0,153111.0,,7633527.0,,135.0,1776923.0,96800.0,3517530.0,626234.0,1894562.0,,7495900.0,,,1228000.0,9295.0,9710900.0,,4500.0,3804376.0,,834400.0,392170.0,500.0,82800.0,69500.0,1565942.0,520.0,758295.0,275.0,81867.0,3803.0,336540.0,,491000.0,3234904.0,10057690.0,98043808.0,372110.0,7394000.0,2703420.0,,145940.0,5335821.0,4049.0,285188.0,2935910.0,,1721646.0,,1455200.0,2053860.0,10.0,679790.0,62528.0,170000.0,275546.0,40.0,682632.0,278192.0,,,,4610100.0,,1130745.0,32.0,9510017.0,,1187700.0,2095.0,4852280.0,,412300.0,774000.0,209160.0,513.0,1262400.0,773059.0,162400.0,480.0,2783273.0,8869500.0,275059.0,331160.0,271840.0,1973188.0,236039.0,3300.0,2752489.0,6429500.0,12574.0,,114276000.0,677270400.0,4992774.0,9190065.0,170900.0,839220.0,5549730.0,1454.0,8484800.0,1870.0,1523000.0,1453278.0,243000.0,,50.0,2800.0,6238400.0,,188298.0,153949.0,,1034919.0,395.0,370600.0,346430.0,645670.0,,,325.0,37549.0,,,1524870.0,74080.0,2039861.0,1005090.0,290500.0,7764720.0,,,17500.0,5337.0,1360000.0,13043800.0,784534.0,1796602.0,1250900.0,,538106.0,58369292.0,,142.0,536879.0,5135500.0,950.0,1040762.0,7497800.0,1370810.0,1652197.0
1973,3337000.0,718000.0,339400.0,0.0,11688950.0,,14.0,12891607.0,982257.0,,158398.0,,500470.0,1904280.0,10094822.0,2098266.0,580.0,,,13042.0,456646.0,16803960.0,760.0,2522.0,93700.0,125250.0,151810.0,18757284.0,178550.0,784560.0,96185008.0,729700.0,998927.0,961069.0,18000.0,1115860.0,12700.0,3000.0,133961.0,331460.0,160536.0,,7662538.0,,140.0,1761836.0,95700.0,3232850.0,494759.0,1880046.0,,7298300.0,,,1247500.0,8454.0,9768200.0,,5150.0,3756082.0,,884700.0,400615.0,500.0,78500.0,76000.0,1519700.0,450.0,570273.0,350.0,94625.0,3144.0,354162.0,,429000.0,3255330.0,11836770.0,103788912.0,351351.0,7462000.0,1702530.0,,132440.0,5278781.0,3575.0,132827.0,2833610.0,,1872408.0,,873600.0,1985956.0,9.0,680000.0,61136.0,182000.0,437084.0,49.0,734307.0,255700.0,,,,4704200.0,,1160770.0,805.0,9898325.0,,1321600.0,1850.0,5201762.0,,419600.0,1030000.0,137315.0,414.0,1310300.0,758106.0,168400.0,460.0,2480375.0,12504500.0,272257.0,292920.0,279861.0,2092083.0,211887.0,3900.0,2760962.0,5282000.0,11365.0,,119953008.0,699334848.0,4782464.0,9602198.0,172900.0,816505.0,6257620.0,1057.0,8246800.0,1245.0,1558000.0,1319749.0,232236.0,,60.0,2940.0,5792500.0,,194685.0,200715.0,,1203764.0,394.0,373700.0,329609.0,387050.0,,,340.0,45134.0,,,1530306.0,82959.0,2470303.0,912800.0,325030.0,8878000.0,,,20900.0,5220.0,1367100.0,12687975.0,769900.0,1741245.0,1249800.0,,770491.0,64531444.0,,140.0,559556.0,5270000.0,1000.0,1099346.0,6419660.0,1225000.0,1346668.0
1974,3342000.0,721000.0,334040.0,0.0,11538000.0,,18.0,11744994.0,986019.0,,146930.0,,473845.0,2225750.0,10012328.0,2075355.0,595.0,,,15475.0,477335.0,18023968.0,765.0,3363.0,95800.0,160270.0,201692.0,17874548.0,179739.0,879200.0,96848008.0,784000.0,975229.0,988829.0,26099.0,1194450.0,13100.0,7000.0,127847.0,295086.0,162141.0,,7743113.0,,140.0,1732993.0,101332.0,2973050.0,495507.0,2000390.0,,7518800.0,,,1306300.0,9207.0,9827100.0,,5600.0,3752402.0,,930000.0,410350.0,500.0,55800.0,93000.0,1566300.0,554.0,655675.0,350.0,116977.0,1906.0,343757.0,,390000.0,3259091.0,11175470.0,99388720.0,347988.0,7633000.0,2195900.0,,149840.0,5270970.0,6526.0,311469.0,2932850.0,,1879861.0,,615000.0,2031202.0,4.0,701800.0,65261.0,201000.0,469483.0,50.0,875379.0,291267.0,,,,4572000.0,,1178920.0,833.0,9058706.0,,1449400.0,2018.0,5226312.0,,419500.0,1030000.0,167510.0,853.0,1272260.0,749400.0,170400.0,420.0,2802665.0,10325000.0,346853.0,260522.0,290986.0,2124453.0,191024.0,3900.0,2718016.0,5351000.0,12118.0,,121361000.0,700898880.0,4797866.0,9525590.0,187700.0,807755.0,6651940.0,1097.0,8088100.0,1180.0,1592000.0,1348627.0,264993.0,,65.0,2970.0,5903100.0,,204573.0,411165.0,,1295224.0,394.0,393500.0,350000.0,395070.0,,,350.0,44473.0,,,1548414.0,80018.0,2319546.0,919800.0,266655.0,8590640.0,,,24000.0,7441.0,1362300.0,13187320.0,831919.0,1800000.0,1286300.0,,850469.0,68262064.0,,140.0,609661.0,5361920.0,1000.0,1098298.0,7239600.0,1277501.0,1703445.0
1975,3404000.0,721000.0,328500.0,0.0,11780050.0,,32.0,12564985.0,987058.0,,162468.0,,403870.0,2247300.0,10549360.0,2246457.0,604.0,,,15782.0,519250.0,19309530.0,765.0,3636.0,97450.0,150270.0,177461.0,18081682.0,177804.0,969970.0,97239488.0,1020700.0,1042516.0,1015151.0,31883.0,1194250.0,13300.0,9000.0,149387.0,261503.0,57058.0,,7805553.0,,150.0,1719594.0,118506.0,3171240.0,542225.0,2043762.0,,7195800.0,,,1310900.0,10395.0,9666100.0,,5550.0,3655432.0,,804900.0,420500.0,150.0,53900.0,122000.0,1549300.0,500.0,651477.0,350.0,137035.0,1975.0,407429.0,,378000.0,3132683.0,10939970.0,101366912.0,338972.0,8021000.0,2020209.0,,143000.0,5124766.0,7400.0,173126.0,2970510.0,,1881305.0,,955000.0,2052241.0,14.0,698000.0,66000.0,191000.0,571905.0,50.0,691085.0,219636.0,,,,4199900.0,,1190505.0,2326.0,9527778.0,,1483872.0,2167.0,5390616.0,,433100.0,948000.0,118566.0,764.0,1160300.0,761513.0,177400.0,388.0,2513600.0,8632000.0,298130.0,244365.0,299491.0,2152188.0,204243.0,3900.0,2714611.0,4464500.0,14509.0,,122250016.0,710954368.0,4718761.0,9435332.0,189690.0,806258.0,6871710.0,2027.0,7864106.0,1160.0,1616000.0,1408953.0,278563.0,,70.0,3100.0,6239764.0,,204120.0,345154.0,,1114837.0,599.0,403500.0,395500.0,511100.0,,,360.0,47646.0,,,1529855.0,71254.0,2786752.0,1020981.0,273280.0,9737720.0,,,30000.0,9264.0,1364500.0,13606050.0,852955.0,2032000.0,1294800.0,,838851.0,72020440.0,,140.0,665145.0,5123000.0,1100.0,1261749.0,7115150.0,1232834.0,1614969.0
1976,3394000.0,726000.0,350500.0,0.0,13051770.0,,28.0,12967979.0,1024869.0,,164370.0,,383638.0,1994000.0,10123512.0,2269586.0,612.0,,,16857.0,516695.0,21558886.0,765.0,3680.0,99800.0,191470.0,182500.0,19646228.0,175600.0,969130.0,97788752.0,1041150.0,964175.0,1037000.0,32180.0,1277850.0,14000.0,11000.0,158912.0,240040.0,62435.0,,7816354.0,,150.0,1787311.0,152460.0,3349880.0,564825.0,2077889.0,,7230878.0,,,1360200.0,9456.0,9512100.0,,5650.0,3685000.0,,843400.0,431140.0,100.0,46600.0,140000.0,1538400.0,540.0,727213.0,400.0,99685.0,1829.0,460005.0,,360000.0,3078339.0,10463810.0,101465120.0,349855.0,7523870.0,2165110.0,,140410.0,5145201.0,7090.0,191425.0,2977950.0,,2044704.0,,1055000.0,2033637.0,15.0,553664.0,57600.0,200000.0,719036.0,50.0,720940.0,186945.0,,,,4811900.0,,1179514.0,176.0,9525942.0,,1742900.0,2202.0,5280047.0,,444400.0,950000.0,80337.0,736.0,1165440.0,749156.0,178400.0,335.0,3185100.0,9874000.0,303762.0,240089.0,297885.0,2183815.0,229801.0,3200.0,2633096.0,4426300.0,14012.0,,122679000.0,722485248.0,4722302.0,9764570.0,205500.0,846300.0,6890000.0,1724.0,7768569.0,920.0,1618000.0,1504934.0,316434.0,,130.0,2450.0,6350600.0,,213264.0,428044.0,,1033300.0,1297.0,429800.0,372897.0,614300.0,,,330.0,48494.0,,,1585361.0,72110.0,2840392.0,1155128.0,281600.0,9422400.0,,,35000.0,8598.0,1469000.0,13547370.0,836526.0,2368000.0,1380994.0,,884290.0,73082440.0,,140.0,483027.0,5633900.0,1200.0,1264416.0,7382900.0,1268036.0,1668311.0
1977,3388000.0,713000.0,357000.0,12.0,10542300.0,,18.0,14599138.0,1026231.0,,167100.0,,432443.0,2098896.0,10278378.0,2240961.0,621.0,,,16106.0,536940.0,21283876.0,765.0,2833.0,101700.0,177300.0,178000.0,18641160.0,172310.0,928550.0,96433872.0,1073820.0,981715.0,1055000.0,31900.0,1187825.0,14600.0,4000.0,143006.0,228760.0,61773.0,,7800601.0,,150.0,1821271.0,152851.0,2780260.0,461054.0,1899889.0,,7245747.0,,,1192300.0,9572.0,9704305.0,,6000.0,3706043.0,,768000.0,447060.0,50.0,47900.0,134000.0,1506100.0,630.0,737365.0,750.0,139000.0,733.0,559630.0,,402232.0,3004019.0,10926080.0,103723616.0,372500.0,7182000.0,1501322.0,,137950.0,4504694.0,4893.0,172963.0,2949640.0,,2048900.0,,1062000.0,1840488.0,13.0,585700.0,54100.0,206000.0,386140.0,50.0,849810.0,166497.0,,,,4963300.0,,1291359.0,104.0,10097560.0,,1745900.0,1954.0,5253080.0,,482400.0,955000.0,70240.0,578.0,1175200.0,733625.0,186400.0,246.0,3495400.0,7460000.0,280140.0,235132.0,302227.0,2203319.0,218485.0,2600.0,2681081.0,4230000.0,15808.0,,125150000.0,719085312.0,4553611.0,10280049.0,192760.0,848608.0,6775860.0,2850.0,8001739.0,920.0,1635000.0,1078998.0,357038.0,,171.0,2100.0,6308075.0,,226108.0,391414.0,,1066813.0,1940.0,440400.0,389466.0,616800.0,,,330.0,49810.0,,,1598264.0,57209.0,2632432.0,1183800.0,306000.0,9883153.0,,,41000.0,8457.0,1235100.0,13574950.0,821009.0,2623500.0,1262676.0,,686104.0,72223056.0,,140.0,819470.0,5871600.0,1200.0,995783.0,7022050.0,1153785.0,1388492.0
1978,3392000.0,712000.0,356000.0,165.0,11425900.0,,20.0,15042503.0,1053361.0,,163700.0,,563890.0,2029709.0,10371255.0,2141680.0,630.0,,,13961.0,519405.0,19860058.0,765.0,2410.0,104000.0,127300.0,156056.0,18477650.0,173410.0,855960.0,96648320.0,1123650.0,1060681.0,1057500.0,29500.0,1429165.0,15500.0,3000.0,136437.0,228733.0,50088.0,,7878846.0,,150.0,1845072.0,154449.0,2624990.0,330304.0,2043952.0,,7513302.0,,,1232700.0,9224.0,9816421.0,,6580.0,3816928.0,,645000.0,462940.0,,57700.0,117000.0,1543800.0,730.0,698389.0,820.0,116700.0,186.0,556784.0,,465843.0,3000942.0,11953780.0,104340000.0,387839.0,7058200.0,2304070.0,,124770.0,5138256.0,6044.0,188057.0,2795168.0,,1971500.0,,1065000.0,1860028.0,44.0,606750.0,55300.0,194000.0,687232.0,50.0,901205.0,205573.0,,,,4747800.0,,1257275.0,34.0,9850363.0,,1125275.0,1983.0,5404444.0,,565200.0,960000.0,120140.0,536.0,1237200.0,593800.0,187400.0,527.0,3562995.0,6554000.0,306670.0,234679.0,306083.0,2232940.0,205402.0,2600.0,2640946.0,4454800.0,16809.0,,123407000.0,714992384.0,4415206.0,10330327.0,167710.0,758571.0,6830430.0,3195.0,7852631.0,910.0,1638000.0,1257060.0,342609.0,,181.0,2450.0,6317548.0,,240745.0,404923.0,,1208722.0,2663.0,455400.0,414995.0,582100.0,,,330.0,55340.0,,,1551823.0,57209.0,2665306.0,1243000.0,356800.0,10405794.0,,,50000.0,5929.0,1436700.0,13352750.0,797155.0,2752000.0,1277200.0,,622719.0,67303432.0,,140.0,767044.0,5855000.0,1200.0,855500.0,6798620.0,970400.0,1540200.0
1979,3183500.0,709000.0,365800.0,350.0,11131900.0,,50.0,15457828.0,1067918.0,,194000.0,,539828.0,2035662.0,10507816.0,2186389.0,630.0,,,12909.0,526295.0,20861400.0,765.0,2121.0,107450.0,73700.0,187340.0,17688300.0,172300.0,883810.0,95472504.0,1166800.0,1066582.0,1087400.0,29000.0,1373100.0,17000.0,14000.0,142185.0,224478.0,46743.0,,7723359.0,,155.0,1850217.0,149753.0,2886660.0,396097.0,2034056.0,,7278067.0,,,1235500.0,9871.0,9802300.0,,6800.0,3872808.0,,924000.0,484300.0,,40100.0,127000.0,1576490.0,606.0,630960.0,1250.0,91316.0,66.0,424347.0,,444450.0,2929285.0,11397185.0,103473312.0,400942.0,7040321.0,1928900.0,,121390.0,5129977.0,4685.0,143583.0,2793552.0,,1853700.0,,849000.0,1771719.0,72.0,717490.0,53200.0,201000.0,607010.0,50.0,836292.0,200825.0,,,,4421500.0,,1281582.0,50.0,7791365.0,,1275434.0,2304.0,4871890.0,,583400.0,998545.0,122370.0,475.0,1246400.0,745000.0,191400.0,918.0,3674620.0,6113000.0,253552.0,237843.0,310432.0,2191730.0,207913.0,2302.0,2592197.0,4628900.0,16621.0,,121205696.0,706546752.0,4359333.0,10585100.0,172310.0,786296.0,6851880.0,1635.0,7871605.0,880.0,1635000.0,1154437.0,310000.0,,220.0,2500.0,6320028.0,,234282.0,437890.0,,1076913.0,2997.0,430400.0,433861.0,616600.0,,,300.0,59013.0,,,1516953.0,75732.0,2619295.0,1118000.0,383200.0,10244661.0,,,57000.0,6233.0,1640800.0,13696200.0,760588.0,2767000.0,787000.0,,622343.0,68371360.0,,150.0,847865.0,5859500.0,1200.0,903700.0,6959520.0,612200.0,1325811.0
1980,3018500.0,704000.0,372500.0,376.0,9952900.0,,17.0,15587177.0,1068780.0,,203668.0,,481650.0,1839110.0,10817980.0,2064114.0,630.0,,,13800.0,560535.0,21080552.0,800.0,1991.0,110950.0,193500.0,191665.0,19318900.0,170665.0,852020.0,94370304.0,927200.0,1031730.0,1113100.0,13855.0,1335650.0,17200.0,16000.0,118847.0,225354.0,49097.0,,7737979.0,,160.0,1816317.0,150747.0,3181380.0,414747.0,1978165.0,,7526907.0,,,1170900.0,9813.0,9893542.0,,7100.0,3938550.0,,939000.0,506155.0,,52900.0,133000.0,1606400.0,500.0,746640.0,450.0,95974.0,33.0,420711.0,,413000.0,2914867.0,11740005.0,104067000.0,444000.0,8044580.0,2290625.0,,130970.0,5110637.0,3799.0,184623.0,2723782.0,,1796750.0,,1541000.0,1646125.0,69.0,760360.0,26050.0,197000.0,555230.0,0.0,867782.0,202642.0,,,,4428550.0,,1330635.0,20.0,9535719.0,,1332975.0,2406.0,5261398.0,,554700.0,1113000.0,111847.0,363.0,1054000.0,723800.0,195600.0,1671.0,3880373.0,7165000.0,242806.0,224137.0,315767.0,2247630.0,191767.0,2718.0,2559767.0,5079000.0,18129.0,,121778400.0,717195648.0,4311625.0,10584500.0,158410.0,639839.0,6707820.0,1526.0,7846509.0,805.0,1611000.0,1104313.0,306200.0,,244.0,2400.0,6468635.0,,224918.0,453072.0,,1234834.0,3869.0,440500.0,427881.0,575200.0,,,300.0,65139.0,,,1508788.0,75733.0,2734701.0,1048000.0,465000.0,10785702.0,,,63000.0,3974.0,1307200.0,13163000.0,683987.0,2901800.0,723000.0,,551803.0,71550448.0,,160.0,808402.0,5989800.0,1250.0,851000.0,6631630.0,627910.0,1680863.0
1981,2909000.0,700500.0,361600.0,375.0,12377000.0,,25.0,16912666.0,1050430.0,,210102.0,,553152.0,2202721.0,11143697.0,2080033.0,630.0,,,15432.0,589060.0,19893608.0,800.0,1828.0,112300.0,196900.0,203789.0,21676900.0,174510.0,723930.0,91944016.0,943100.0,964842.0,1144000.0,13700.0,1375115.0,17300.0,7000.0,147655.0,222400.0,49151.0,,7614540.0,2.0,165.0,1787302.0,146215.0,2836390.0,444800.0,2009210.0,,7367284.0,,,1164900.0,8919.0,9714700.0,,7200.0,3979000.0,,843000.0,518535.0,,67700.0,166000.0,1618400.0,450.0,769250.0,510.0,88770.0,20.0,418308.0,,391000.0,2790159.0,12336878.0,105508304.0,429000.0,9099999.0,2256525.0,,133470.0,5006438.0,3851.0,146944.0,2654960.0,,1427630.0,,1402000.0,1648832.0,135.0,775990.0,23445.0,210000.0,450280.0,,889293.0,206760.0,,,,4391000.0,,1315757.0,133.0,10742116.0,,1428593.0,2381.0,5267061.0,,539600.0,1120500.0,141779.0,463.0,1165560.0,718000.0,196700.0,1191.0,4061300.0,4864500.0,302920.0,213336.0,306351.0,2312590.0,180679.0,1135.0,2560856.0,4711820.0,17660.0,,119837104.0,726548096.0,4260390.0,10910000.0,166876.0,770429.0,6811530.0,2271.0,7906447.0,673.0,1630000.0,1037193.0,305923.0,,259.0,2450.0,6232071.0,,259000.0,274344.0,,1336682.0,4029.0,431500.0,405455.0,723200.0,,,330.0,71028.0,,,1488238.0,58822.0,2676133.0,556000.0,399530.0,10845041.0,,,59000.0,2021.0,1298800.0,13638000.0,709135.0,2834200.0,746000.0,,667965.0,77733136.0,,170.0,785243.0,6036500.0,1250.0,841386.0,6717500.0,544245.0,1897356.0
1982,2799500.0,699000.0,357400.0,890.0,14052800.0,,33.0,16201605.0,1051744.0,,205500.0,,542482.0,2129170.0,11181582.0,2134550.0,635.0,,,14342.0,558838.0,21903982.0,800.0,1596.0,115017.0,67100.0,214920.0,21480700.0,175930.0,656950.0,90301920.0,984700.0,1079632.0,1176800.0,13100.0,1482110.0,17200.0,10000.0,146757.0,228700.0,51560.0,,7583943.0,2.0,170.0,1767772.0,131252.0,2569300.0,418234.0,2027218.0,,7452404.0,,,1169500.0,10074.0,9719100.0,,7600.0,4030000.0,,822000.0,531460.0,,75800.0,233000.0,1618255.0,470.0,746540.0,445.0,97691.0,13.0,347787.0,,376000.0,2881298.0,11049754.0,101083696.0,412500.0,8540938.0,2355875.0,,122010.0,5115001.0,2951.0,150962.0,2637374.0,,1501439.0,,1676000.0,1584654.0,165.0,768362.0,24280.0,210000.0,380480.0,,795759.0,188220.0,,,,4287300.0,,1307950.0,77.0,8385699.0,,1632724.0,2850.0,4964269.0,,528100.0,1270000.0,136590.0,545.0,1268200.0,690000.0,202800.0,1251.0,4257175.0,5186000.0,287727.0,204629.0,320448.0,2331630.0,194344.0,1135.0,2548888.0,4629430.0,18443.0,,117860000.0,714356160.0,4337122.0,11040200.0,176840.0,808350.0,6403110.0,2677.0,8094248.0,670.0,1588000.0,1071141.0,376040.0,,364.0,2450.0,6022783.0,,263465.0,261949.0,,1142154.0,3191.0,433500.0,368889.0,758500.0,,,330.0,72706.0,,,1509809.0,62007.0,2882717.0,581344.0,354900.0,10491858.0,,,62500.0,2083.0,1183100.0,13421685.0,705613.0,2103220.0,835000.0,,523037.0,76214784.0,,180.0,753539.0,6093100.0,1250.0,897051.0,7087000.0,507570.0,1938885.0
1983,2649000.0,695400.0,350300.0,900.0,13599000.0,,38.0,18873052.0,1067296.0,,207500.0,,585376.0,2173976.0,10423553.0,2133798.0,600.0,,,12718.0,476083.0,18083860.0,800.0,1694.0,120150.0,63200.0,152200.0,21521900.0,177400.0,635460.0,92104816.0,1043500.0,992687.0,1212300.0,16600.0,1344190.0,16000.0,7000.0,155087.0,227100.0,51345.0,,7582053.0,2.0,180.0,1697885.0,146607.0,2227560.0,358299.0,2013325.0,,7432467.0,,,1219000.0,9731.0,9373400.0,,8400.0,3962000.0,,835000.0,548955.0,,54500.0,208300.0,1571900.0,414.0,663268.0,965.0,76616.0,9.0,382421.0,,410000.0,2907483.0,12164696.0,106613208.0,395300.0,8529696.0,2478675.0,,134030.0,5127063.0,3690.0,155807.0,2652555.0,,1619035.0,,1661000.0,1626971.0,256.0,724141.0,24105.0,235710.0,551730.0,,824826.0,181070.0,,,,4712100.0,,1318715.0,35.0,10387630.0,,1762950.0,2932.0,5226360.0,,585800.0,1274000.0,102610.0,441.0,1225333.0,680000.0,210000.0,1162.0,4284205.0,5785000.0,255001.0,206110.0,321524.0,2470000.0,192447.0,1135.0,2525630.0,5029230.0,16594.0,,114704112.0,704733504.0,4390840.0,11401300.0,188950.0,775425.0,6414370.0,1884.0,8105538.0,650.0,1592000.0,1062745.0,298000.0,,273.0,2780.0,6052926.0,,268100.0,316424.0,,912518.0,2567.0,413500.0,364687.0,558700.0,,,400.0,73465.0,,,1479999.0,46126.0,2879931.0,860635.0,389400.0,11431549.0,,,65000.0,2021.0,1631400.0,13322299.0,695712.0,2209160.0,865000.0,,577940.0,58729144.0,,185.0,672173.0,5990000.0,1250.0,894871.0,6950000.0,595308.0,1898367.0
1984,2562000.0,688800.0,350400.0,952.0,12337485.0,,17.0,17772612.0,1051447.0,,202000.0,,604468.0,1846796.0,10895119.0,2056324.0,600.0,,,14305.0,662023.0,19502144.0,880.0,2100.0,124030.0,63200.0,132240.0,21101600.0,181440.0,782360.0,91739560.0,1129200.0,610628.0,1244200.0,21200.0,1262760.0,15000.0,5115.0,156147.0,238600.0,52710.0,,7512692.0,3.0,170.0,1674107.0,185795.0,2670070.0,442254.0,1944845.0,,7587089.0,,,1192000.0,11321.0,9728400.0,,8839.0,4038000.0,,1276000.0,588760.0,,60300.0,179000.0,1533050.0,414.0,712590.0,1565.0,98266.0,11.0,449380.0,,415000.0,2912433.0,12849826.0,105175600.0,406800.0,8367349.0,1082953.0,,105800.0,5074307.0,4430.0,115268.0,2687684.0,,1295163.0,,1021000.0,1621738.0,257.0,683658.0,21661.0,231600.0,474480.0,,937257.0,202934.0,,,,4488300.0,,1304915.0,5.0,10099758.0,,1598375.0,2562.0,5175909.0,,617480.0,1304000.0,103413.0,797.0,1234173.0,638000.0,211200.0,1095.0,4163214.0,8294000.0,278040.0,195732.0,328430.0,2586530.0,232785.0,1135.0,2497454.0,4715860.0,17342.0,,112909808.0,714977664.0,4279567.0,11350900.0,173292.0,858155.0,6449370.0,1230.0,8159070.0,620.0,1580000.0,984982.0,311260.0,,348.0,2500.0,6273030.0,,278248.0,446241.0,,1158770.0,2446.0,365392.0,374920.0,769600.0,,,450.0,74992.0,,,1535382.0,85606.0,2471315.0,704640.0,492800.0,11660448.0,,,66928.0,2812.0,1469400.0,13350004.0,648795.0,2472780.0,906000.0,,553590.0,71957016.0,,190.0,703251.0,6061500.0,1250.0,901122.0,7314000.0,561740.0,1798077.0
1985,2434500.0,685800.0,343000.0,970.0,11508250.0,,20.0,17165160.0,1053466.0,,222126.0,,625625.0,2233598.0,11233180.0,1846596.0,610.0,,,16630.0,728061.0,19702168.0,800.0,873.0,120700.0,103000.0,102860.0,21709000.0,184315.0,800220.0,88145864.0,1097000.0,706454.0,1427330.0,20900.0,1180900.0,15200.0,3300.0,163884.0,237200.0,53486.0,,7403403.0,4.0,150.0,1600599.0,168012.0,3198670.0,431368.0,1886100.0,,7592592.0,,,1254000.0,12165.0,9696400.0,,9290.0,4021000.0,,1034000.0,604755.0,,91960.0,127000.0,1489490.0,410.0,772780.0,2054.0,78879.0,6.0,350621.0,,440369.0,2870587.0,12342259.0,104056592.0,400100.0,8769721.0,2976717.0,,107500.0,4821364.0,4391.0,134451.0,2711736.0,,1784513.0,,1496000.0,1518939.0,591.0,690373.0,25730.0,230731.0,394225.0,,912657.0,231890.0,,,,4792400.0,,1326020.0,5.0,11272323.0,,1591307.0,2518.0,5201393.0,,633410.0,1404000.0,168860.0,1060.0,1217173.0,669974.0,195500.0,979.0,4349336.0,9527000.0,305020.0,183399.0,335080.0,2636050.0,256625.0,1061.0,2506137.0,4814680.0,17675.0,,111416208.0,720193280.0,4231549.0,11048800.0,185582.0,785823.0,6913710.0,1091.0,8204988.0,1840.0,1573000.0,959846.0,326530.0,,478.0,2770.0,6285900.0,,274494.0,630297.0,,1523172.0,2170.0,389365.0,385140.0,687500.0,,,480.0,75043.0,,,1489500.0,87228.0,2719482.0,1129349.0,441058.0,12051539.0,,,69673.0,2951.0,1934000.0,13719650.0,646463.0,2650260.0,796853.0,,558337.0,72873504.0,,200.0,897874.0,6115600.0,1270.0,861000.0,7019500.0,647232.0,1832128.0
1986,2347000.0,899000.0,349800.0,991.0,10119555.0,,21.0,15771295.0,1058754.0,,219195.0,,593932.0,2701884.0,11304320.0,2098370.0,610.0,,,13056.0,651475.0,22404844.0,820.0,721.0,119800.0,118400.0,149573.0,22161800.0,188560.0,797180.0,89761952.0,1225000.0,792237.0,1510170.0,25885.0,1229269.0,15200.0,22716.0,151845.0,248600.0,52108.0,,7327154.0,6.0,150.0,1578349.0,146304.0,2871100.0,817236.0,1864080.0,,7708338.0,,,1196700.0,12031.0,9501600.0,,14290.0,4029000.0,,880100.0,623110.0,,79970.0,118000.0,1467152.0,250.0,785970.0,2604.0,85292.0,5.0,403842.0,,480140.0,2882848.0,13131212.0,104049216.0,364500.0,8768499.0,2777350.0,,116199.0,4849747.0,5173.0,66454.0,2679339.0,,1794808.0,,1563000.0,1469916.0,555.0,671262.0,30990.0,233104.0,423800.0,,882311.0,194965.0,,,,5182870.0,,1338275.0,5.0,9735910.0,,1585416.0,2442.0,5189821.0,,629710.0,1524000.0,181460.0,1848.0,1267145.0,665875.0,202000.0,941.0,4378726.0,12675000.0,250585.0,170284.0,341100.0,2622990.0,266842.0,1918.0,2511940.0,4991450.0,17721.0,,109753400.0,717353024.0,4201273.0,11382000.0,179242.0,822030.0,6966010.0,1094.0,8237748.0,1830.0,1561000.0,934993.0,340700.0,,606.0,2940.0,6200700.0,,239046.0,640821.0,,1164530.0,2355.0,390805.0,389760.0,636900.0,,,600.0,75313.0,,,1487000.0,72740.0,2713741.0,1086801.0,464532.0,11201914.0,,,70572.0,3081.0,1031000.0,13747458.0,631499.0,3353760.0,895624.0,,479865.0,67107716.0,,250.0,1155845.0,6104000.0,1300.0,871124.0,7355500.0,683064.0,1830380.0
1987,2496000.0,956000.0,345900.0,790.0,9631373.0,,25.0,13857882.0,1000352.0,,227400.0,,552571.0,2551189.0,11036881.0,1969203.0,550.0,,,16300.0,649338.0,23456712.0,820.0,1016.0,118200.0,127300.0,131796.0,21544800.0,186190.0,874770.0,89694400.0,1274000.0,582102.0,1528440.0,25890.0,1320800.0,14236.0,34882.0,132725.0,231295.0,54047.0,,7157693.0,6.0,130.0,1498961.0,161772.0,2719150.0,853392.0,1930870.0,,7879247.0,,,1136700.0,12655.0,9277452.0,,15100.0,3940700.0,,1126600.0,628645.0,,82700.0,100000.0,1475856.0,250.0,856670.0,3186.0,77242.0,4.0,392249.0,,476220.0,2844859.0,12548627.0,98573600.0,335300.0,9359707.0,1937925.0,,115416.0,4693753.0,4592.0,125477.0,2555938.0,,1846906.0,,1410000.0,1516045.0,615.0,566782.0,38629.0,235830.0,444559.0,,726403.0,242934.0,,,,5080200.0,,1240524.0,4.0,10205982.0,,1586654.0,2444.0,4927442.0,,622832.0,1429000.0,150170.0,1102.0,1252805.0,675954.0,194800.0,519.0,4407216.0,13231000.0,273280.0,176363.0,336920.0,2825960.0,224637.0,2075.0,2506202.0,4950900.0,16105.0,,108788000.0,697528704.0,4127257.0,11317900.0,171261.0,922102.0,6938690.0,1631.0,8382642.0,1300.0,1633000.0,952621.0,340000.0,,928.0,2340.0,5987000.0,,227840.0,713448.0,,1252580.0,0.0,402881.0,415730.0,783000.0,,,750.0,71295.0,,,1353240.0,80845.0,2823735.0,989599.0,510490.0,10673443.0,,,69739.0,3750.0,1662000.0,13699650.0,605540.0,3166190.0,854620.0,,486047.0,59233504.0,,300.0,1212636.0,6008700.0,1300.0,851850.0,7427500.0,719168.0,1767297.0
1988,2331000.0,1006000.0,347000.0,673.0,8835955.0,,28.0,13434992.0,966344.0,,244250.0,,667296.0,2889595.0,10935858.0,2109569.0,500.0,,,17000.0,631546.0,23082576.0,840.0,890.0,93040.0,288300.0,128708.0,20231700.0,196510.0,792720.0,88790680.0,1300000.0,771621.0,1670030.0,25946.0,1413400.0,14257.0,34256.0,125081.0,229477.0,58998.0,,7138343.0,7.0,120.0,1586765.0,147962.0,1808540.0,845168.0,1941599.0,,7897362.0,,,1214400.0,14129.0,9221092.0,,15740.0,3901000.0,,1045800.0,653258.0,,83710.0,84809.0,1456030.0,250.0,734830.0,3626.0,76389.0,1.0,408419.0,,489911.0,2864563.0,13543906.0,103542720.0,324100.0,9413821.0,2462050.0,,108570.0,4570559.0,2366.0,125766.0,2535438.0,,1890731.0,,1875000.0,1491943.0,699.0,562643.0,39715.0,233200.0,429186.0,,865221.0,281473.0,,,,5322300.0,,1265600.0,6.0,9682610.0,,2283200.0,2645.0,4954300.0,,641628.0,1429000.0,201862.0,990.0,1289876.0,689755.0,211059.0,490.0,5027984.0,12685000.0,286650.0,197166.0,343270.0,2980760.0,166845.0,2228.0,2479477.0,5054810.0,17509.0,,108361008.0,702303424.0,4180258.0,11302100.0,171344.0,954645.0,7137905.0,1590.0,8439011.0,810.0,1615000.0,892395.0,464700.0,,999.0,2930.0,5905300.0,,239754.0,894572.0,,1217422.0,0.0,447300.0,417690.0,860200.0,,,850.0,69661.0,,,1288380.0,106843.0,3011928.0,1100319.0,597000.0,11876093.0,,,63675.0,3850.0,480900.0,13729100.0,582309.0,3003270.0,972000.0,,513101.0,55714416.0,,505.0,1170050.0,6251300.0,1300.0,868320.0,7262900.0,836443.0,1938790.0
1989,2290000.0,982000.0,348900.0,624.0,8515784.0,,28.0,13347412.0,946951.0,,216150.0,,661838.0,2900530.0,11153325.0,2164286.0,500.0,,,17720.0,624287.0,21970520.0,840.0,700.0,93380.0,267500.0,114578.0,21922392.0,208040.0,804080.0,90871368.0,1353000.0,766751.0,1764270.0,25979.0,1611400.0,14477.0,35480.0,93701.0,245421.0,59701.0,,7087608.0,3.0,120.0,1561598.0,154952.0,2638170.0,819720.0,2085271.0,,7905859.0,,,1193800.0,13761.0,9444447.0,,14180.0,3874255.0,,1168600.0,688490.0,,86962.0,97276.0,1448664.0,255.0,696056.0,4022.0,72330.0,1.0,434230.0,,466000.0,2816956.0,13475406.0,104055696.0,320000.0,9459552.0,1625275.0,,114820.0,4627087.0,2648.0,87014.0,2523524.0,,1834500.0,,1910000.0,1470589.0,691.0,626533.0,40474.0,252200.0,483517.0,,729393.0,216845.0,,,,5531900.0,,1301190.0,8.0,9746785.0,,2295039.0,2346.0,5189641.0,,672286.0,1534000.0,193452.0,646.0,1346350.0,683137.0,219113.0,640.0,5217418.0,14372700.0,312410.0,202644.0,346036.0,3006250.0,157032.0,2270.0,2498220.0,4891260.0,17321.0,,104779008.0,711767296.0,4196670.0,11809700.0,172244.0,966781.0,7186639.0,1620.0,8376605.0,630.0,1631000.0,908470.0,477600.0,,1081.0,2040.0,6027200.0,,226488.0,962137.0,,1259076.0,0.0,463700.0,411435.0,825300.0,,,1000.0,69967.0,,,1269920.0,94572.0,4196100.0,1123227.0,616400.0,11778072.0,,,62036.0,5850.0,1019900.0,13488604.0,575958.0,3213620.0,1079083.0,,566841.0,63533008.0,,605.0,824651.0,6420600.0,1300.0,859791.0,6722900.0,1145180.0,1694675.0
1990,2253000.0,774281.0,321000.0,1474.0,8504919.0,,21.0,13428753.0,948437.0,,217500.0,,643859.0,2528900.0,11140604.0,2055264.0,500.0,,,14815.0,582495.0,18512400.0,860.0,600.0,94799.0,204982.0,110070.0,21547874.0,211903.0,823447.0,93579328.0,1115596.0,648236.0,1863672.0,9633.0,1742800.0,14724.0,34124.0,92604.0,230425.0,57530.0,,6944862.0,6.0,110.0,1570303.0,122179.0,2365999.0,802193.0,2283426.0,,7562567.0,,,1212600.0,13057.0,9060354.0,,14900.0,3657300.0,,853000.0,729607.0,,89978.0,109273.0,1470345.0,260.0,718498.0,5104.0,53262.0,1.0,465071.0,,351500.0,2778569.0,13660449.0,102536512.0,298874.0,9468074.0,3256300.0,,113760.0,4413402.0,2134.0,105746.0,2471494.0,,1785368.0,,1900000.0,1440980.0,501.0,686970.0,41186.0,175000.0,404060.0,,869766.0,233506.0,,,,5603328.0,,1326929.0,7.0,10543921.0,,2438695.0,2378.0,5221349.0,,654090.0,1548378.0,118921.0,545.0,1425342.0,700647.0,214293.0,667.0,6882262.0,15400000.0,319970.0,198596.0,356391.0,3045230.0,172807.0,2380.0,2433186.0,4957410.0,17202.0,,103906720.0,708073600.0,4162087.0,11864100.0,184619.0,683214.0,7138449.0,1583.0,8530848.0,500.0,1600714.0,759986.0,393698.0,,1082.0,2440.0,5704048.0,,254072.0,974551.0,,1229004.0,525.0,468600.0,425367.0,549150.0,,,1400.0,52132.0,,,1285220.0,85651.0,4134422.0,1075428.0,648006.0,10536438.0,,,82559.0,5085.0,1445789.0,13640120.0,563070.0,2628757.0,1055000.0,,514422.0,65700000.0,,704.0,753854.0,6474600.0,1370.0,844845.0,6156932.0,894616.0,1577433.0
1991,2345071.0,891200.0,215339.0,1721.0,9386545.0,,30.0,13413725.0,924565.0,,219000.0,,665691.0,2800600.0,10954903.0,2251105.0,450.0,,,16903.0,664550.0,19821126.0,800.0,1600.0,97352.0,137174.0,102426.0,20868752.0,208670.0,706970.0,93608376.0,1163560.0,843712.0,1818200.0,9800.0,1610900.0,6527.0,32655.0,80415.0,222271.0,48790.0,,6559828.0,6.0,119.0,1561552.0,132168.0,3418278.0,663880.0,2470059.0,,7823778.0,,,1024300.0,12765.0,9219799.0,35.0,14503.0,3499695.0,,1176400.0,773242.0,,99748.0,110824.0,1499200.0,265.0,763420.0,7158.0,77434.0,0.0,525210.0,,405000.0,2885819.0,13190619.0,100243408.0,301800.0,8966845.0,3342575.0,,104882.0,4401724.0,2697.0,108539.0,2413369.0,,1707540.0,,1769000.0,1369123.0,302.0,591054.0,41094.0,110000.0,368050.0,,830505.0,146106.0,,,,5498300.0,,1295564.0,4.0,9754127.0,,2287664.0,2200.0,5060927.0,,613190.0,1600951.0,156051.0,572.0,1472227.0,683640.0,209833.0,296.0,6595046.0,17014000.0,282660.0,189604.0,369088.0,2836790.0,157272.0,6268.0,2436943.0,4444010.0,16975.0,,102824208.0,705824064.0,4140392.0,11705800.0,178813.0,753078.0,7017668.0,1976.0,8716244.0,435.0,1573441.0,827647.0,417757.0,,1348.0,2240.0,6048950.0,,275375.0,1088941.0,,1241350.0,537.0,453670.0,446040.0,455800.0,,,1700.0,60168.0,,,1148597.0,60053.0,3565164.0,1312746.0,609500.0,10657182.0,,,90917.0,6172.0,1665779.0,13893896.0,531033.0,3126123.0,1098949.0,,443794.0,62131076.0,,600.0,879559.0,6750300.0,1402.0,639806.0,5685647.0,745278.0,1549343.0
1992,2250000.0,1011875.0,198700.0,1552.0,8748790.0,162767.0,30.0,11921408.0,838900.0,626829.0,220000.0,,667314.0,2844000.0,10860774.0,2232376.0,300.0,304100.0,2603000.0,16653.0,680232.0,20564116.0,700.0,1400.0,95251.0,77933.0,93395.0,20177800.0,201240.0,694330.0,92100016.0,1185538.0,950440.0,1920940.0,10078.0,1440654.0,6314.0,33975.0,76335.0,252411.0,65110.0,,6514452.0,6.0,121.0,1611927.0,103306.0,3530507.0,918400.0,2477121.0,,7414530.0,426051.0,,914500.0,10902.0,9324538.0,36.0,16368.0,3486261.0,248500.0,1203500.0,819754.0,,77703.0,117166.0,1396100.0,330.0,822740.0,7509.0,84117.0,0.0,516753.0,594024.0,462879.0,2745991.0,14732663.0,99499504.0,300508.0,9392585.0,3919501.0,,104906.0,4225437.0,2902.0,120512.0,2430921.0,22152350.0,1804764.0,573600.0,1733400.0,1293007.0,23.0,597884.0,42097.0,120000.0,310683.0,,802603.0,153239.0,1141182.0,,696700.0,5020280.0,675587.0,1339554.0,8.0,9928776.0,235207.0,2451592.0,2379.0,5575712.0,,592628.0,1376902.0,123615.0,451.0,1430215.0,672753.0,195200.0,269.0,7545314.0,16836000.0,295120.0,180938.0,359373.0,3028360.0,138902.0,6214.0,2402256.0,4356060.0,15166.0,2398779.0,,707616320.0,,11738200.0,183640.0,608643.0,6531837.0,2041.0,8321108.0,430.0,1551887.0,768420.0,443798.0,,1231.0,2640.0,5773881.0,59541248.0,252015.0,1121897.0,,1218608.0,549.0,432919.0,486290.0,413840.0,,,1800.0,68835.0,,114161.0,1119160.0,61510.0,3711678.0,1337553.0,573150.0,10587015.0,273460.0,330991.0,77751.0,7100.0,1463200.0,13716404.0,500440.0,3253187.0,1139000.0,12546365.0,569815.0,65890404.0,1201210.0,492.0,763049.0,6953400.0,1406.0,730007.0,5352315.0,797784.0,1169889.0
1993,2631882.0,1201385.0,247936.0,1079.0,8370535.0,181430.0,30.0,13146872.0,826603.0,702734.0,214974.0,,680219.0,2699678.0,10642068.0,2267609.0,250.0,274631.0,2625828.0,19970.0,724636.0,18293708.0,600.0,1500.0,100313.0,109311.0,94609.0,19449800.0,201800.0,622470.0,88812952.0,1026144.0,1028449.0,2033426.0,13400.0,1405706.0,6188.0,33105.0,61089.0,191958.0,69100.0,1613589.0,6223589.0,6.0,120.0,1444000.0,124098.0,1959520.0,970500.0,2495725.0,338500.0,6438388.0,375100.0,4040330.0,926200.0,10039.0,8510030.0,37.0,17199.0,3030448.0,227797.0,1227200.0,865540.0,,81548.0,126253.0,1367701.0,390.0,797481.0,7449.0,104256.0,0.0,520265.0,643293.0,445000.0,2770711.0,13952314.0,100066496.0,285112.0,9465486.0,4588136.0,,98523.0,4075797.0,2266.0,64864.0,2424140.0,21780600.0,1737790.0,622100.0,1866538.0,1280481.0,171.0,578863.0,37550.0,60000.0,258651.0,,862816.0,157568.0,1275493.0,,693600.0,5027863.0,839837.0,1415487.0,10.0,9547837.0,238096.0,2921003.0,2700.0,5973197.0,,557823.0,1355048.0,198688.0,428.0,1435514.0,693434.0,210346.0,157.0,6950048.0,17423700.0,328849.0,183300.0,352662.0,3023480.0,152163.0,6220.0,,,14418.0,2470360.0,,694298560.0,,12181400.0,173215.0,746619.0,6434213.0,2250.0,8506171.0,247.0,1491319.0,721793.0,473612.0,,1761.0,2400.0,6394957.0,58824320.0,161473.0,1130013.0,,1416921.0,562.0,456667.0,457590.0,364500.0,,,1824.0,58809.0,834438.0,111997.0,1101400.0,61944.0,3617288.0,1231725.0,721432.0,10386331.0,276741.0,432300.0,76924.0,6500.0,1602707.0,14066559.0,495122.0,3190865.0,1220000.0,12991634.0,601593.0,60273828.0,1272300.0,445.0,743014.0,7055900.0,1410.0,751685.0,5928140.0,762701.0,1709052.0
1994,2757000.0,955000.0,262515.0,772.0,8619890.0,158077.0,30.0,13640768.0,822728.0,631164.0,176284.0,,674452.0,2833071.0,10632902.0,2301503.0,174.0,235000.0,2623860.0,18104.0,670717.0,20063936.0,500.0,1500.0,102967.0,247549.0,114904.0,17968300.0,208990.0,583380.0,87436560.0,1140765.0,991838.0,2092101.0,13616.0,1448674.0,6074.0,32612.0,62892.0,272237.0,63500.0,1661548.0,6235406.0,6.0,130.0,1410350.0,114623.0,1287357.0,991680.0,2561268.0,330365.0,6493765.0,319568.0,5392277.0,947700.0,8512.0,8129016.0,39.0,18395.0,3041955.0,233502.0,1200700.0,892694.0,,81935.0,136322.0,1355474.0,350.0,684152.0,7776.0,104178.0,0.0,514203.0,628545.0,460000.0,2960322.0,13843200.0,100184200.0,270214.0,9184780.0,3571340.0,,97556.0,4103767.0,2903.0,60084.0,2448141.0,19539400.0,1889290.0,584490.0,1531600.0,1219068.0,135.0,639020.0,38255.0,45000.0,244256.0,,938132.0,272374.0,1201505.0,,486300.0,6081400.0,746202.0,1306641.0,11.0,10646413.0,240276.0,3005056.0,2800.0,6250953.0,,455698.0,1520089.0,309758.0,236.0,1235750.0,698624.0,347457.0,220.0,6959682.0,17993000.0,302036.0,189100.0,348626.0,3159609.0,150717.0,6295.0,,,13156.0,2494629.0,,696816256.0,,12134600.0,176451.0,827184.0,6661655.0,2392.0,8480981.0,294.0,1524142.0,677354.0,428396.0,29065.0,1243.0,2739.0,6557564.0,53953252.0,126440.0,1068834.0,,1407542.0,575.0,401700.0,451850.0,987400.0,,,1900.0,60195.0,859786.0,105253.0,1149108.0,67516.0,3510258.0,1573818.0,793232.0,10519979.0,244591.0,429000.0,78116.0,6229.0,759800.0,14045855.0,468887.0,2563969.0,1295000.0,12060817.0,510162.0,64017420.0,1512900.0,399.0,765853.0,7133300.0,1456.0,734679.0,6184004.0,838045.0,2259188.0
1995,2669450.0,737214.0,227137.0,768.0,9061870.0,133512.0,28.0,12361512.0,809135.0,603597.0,202000.0,,675896.0,2711913.0,10683381.0,2131732.0,174.0,187200.0,2583092.0,22560.0,697917.0,19752836.0,400.0,1000.0,109483.0,136931.0,129788.0,18276700.0,205248.0,618407.0,89308704.0,1157449.0,1006622.0,1931426.0,15149.0,1299245.0,5972.0,31066.0,55589.0,254958.0,60870.0,1583945.0,6526733.0,6.0,126.0,1454400.0,143425.0,2579551.0,958070.0,2726636.0,298432.0,6702545.0,304298.0,6532410.0,977700.0,7458.0,8252948.0,124.0,18907.0,3180707.0,233152.0,1327000.0,928700.0,,95135.0,143009.0,1306674.0,360.0,608595.0,8042.0,135749.0,0.0,499625.0,633234.0,445899.0,2780167.0,15090598.0,99450800.0,274115.0,9004665.0,3170300.0,,98728.0,4216267.0,2862.0,76321.0,2352386.0,16318400.0,1842401.0,558680.0,1969035.0,1173787.0,291.0,589012.0,39077.0,50000.0,215738.0,,933651.0,104613.0,1033620.0,,408450.0,3993575.0,873329.0,1342455.0,11.0,10669738.0,241092.0,2701973.0,2950.0,6544398.0,,357446.0,1726541.0,287006.0,75.0,1354371.0,672787.0,322107.0,320.0,7192038.0,18598000.0,369669.0,193700.0,338090.0,3228020.0,133687.0,6390.0,,,12351.0,2442738.0,,683174016.0,,12210700.0,180080.0,807244.0,6454283.0,2564.0,8571214.0,318.0,1515183.0,675657.0,540352.0,36554.0,1335.0,2209.0,6444844.0,49309960.0,124965.0,705226.0,,1360824.0,590.0,341100.0,438445.0,576080.0,,,1800.0,61531.0,847947.0,102222.0,1099201.0,70091.0,3669514.0,1559514.0,696140.0,10533970.0,264600.0,648000.0,74222.0,4052.0,583404.0,13692013.0,460969.0,2733286.0,1292000.0,12880700.0,567998.0,59766552.0,1648000.0,351.0,816464.0,7322400.0,1420.0,733195.0,5294961.0,653791.0,1877871.0
1996,2691670.0,795291.0,205526.0,723.0,8872500.0,166633.0,30.0,14726894.0,833764.0,621357.0,196675.0,,707595.0,2707855.0,10994172.0,1783266.0,174.0,237900.0,2508524.0,22335.0,705642.0,17519708.0,300.0,900.0,110600.0,276883.0,143200.0,20565900.0,196438.0,604456.0,92208280.0,974938.0,964611.0,1993683.0,15652.0,1183840.0,5843.0,32127.0,76455.0,357452.0,58940.0,1588882.0,6707371.0,6.0,128.0,1523000.0,137453.0,3663945.0,1016054.0,2545317.0,322179.0,6777458.0,288799.0,7736657.0,1079400.0,9247.0,8789940.0,124.0,18423.0,3357622.0,252754.0,1274130.0,973486.0,,93651.0,127759.0,1318183.0,330.0,638183.0,8944.0,138082.0,0.0,496812.0,613609.0,423200.0,2836289.0,15313299.0,100300000.0,293716.0,8707503.0,3339580.0,,94445.0,4223665.0,2959.0,54909.0,2220809.0,15515738.0,1903025.0,614138.0,1925988.0,1172121.0,526.0,591121.0,38289.0,75600.0,235680.0,,697613.0,217487.0,1085423.0,,446200.0,5988285.0,863524.0,1337213.0,9.0,11481873.0,222277.0,2016524.0,2000.0,6279733.0,,335235.0,1677137.0,275857.0,90.0,1397520.0,685468.0,326027.0,504.0,7178950.0,17752600.0,398898.0,200100.0,334140.0,3252900.0,156560.0,6409.0,,,14255.0,2263041.0,,697911616.0,,12410400.0,175320.0,889045.0,6691299.0,2522.0,8720105.0,332.0,1406376.0,652818.0,582162.0,31740.0,1538.0,2150.0,5842791.0,47250360.0,145237.0,563212.0,,1286885.0,567.0,354500.0,409220.0,559040.0,,,2000.0,61830.0,827694.0,100669.0,1216724.0,68653.0,3232998.0,1459652.0,846231.0,10747055.0,372924.0,661000.0,77798.0,6496.0,2001482.0,13884759.0,434634.0,3068876.0,1318000.0,11664800.0,675241.0,64881024.0,1731700.0,300.0,741523.0,7619000.0,1414.0,704206.0,5489640.0,822749.0,2003030.0
1997,2730401.0,791198.0,212488.0,283.0,12189268.0,186100.0,30.0,16546006.0,849121.0,643759.0,212528.0,,784772.0,2858017.0,11062180.0,2054766.0,200.0,352483.0,2468056.0,25007.0,680721.0,17794686.0,250.0,900.0,110204.0,158760.0,146000.0,19193300.0,186373.0,682719.0,92141072.0,949280.0,905236.0,1910655.0,15990.0,1103336.0,5757.0,33347.0,74354.0,373420.0,43020.0,1693643.0,7014075.0,6.0,129.0,1535200.0,142802.0,1115670.0,1043439.0,2735816.0,374255.0,6997814.0,326586.0,7504650.0,1117700.0,8376.0,9147848.0,126.0,15935.0,3513146.0,404684.0,1262930.0,1020807.0,,106825.0,126040.0,1308064.0,300.0,639351.0,9322.0,145325.0,0.0,482132.0,635593.0,488000.0,2954451.0,14495818.0,100167200.0,310116.0,8500366.0,2769600.0,,95000.0,4195050.0,2716.0,79567.0,2197439.0,14107406.0,1932660.0,678640.0,1962827.0,1152191.0,591.0,639295.0,54700.0,135200.0,246400.0,,721837.0,202828.0,1167819.0,,482800.0,4913693.0,1015780.0,1370461.0,79.0,10477310.0,221834.0,2008883.0,2700.0,6180703.0,,319387.0,1862687.0,196614.0,46.0,1398670.0,690975.0,353715.0,507.0,6430513.0,18476000.0,360291.0,202100.0,332100.0,3270210.0,166339.0,6428.0,,,13141.0,2383849.0,,701419584.0,,12356500.0,128880.0,937700.0,6571201.0,2350.0,8899413.0,346.0,1446943.0,690234.0,645904.0,31680.0,1708.0,1540.0,6242477.0,48491600.0,197883.0,656378.0,,1117874.0,501.0,387200.0,445424.0,634648.0,,,1800.0,53555.0,852581.0,96802.0,1268680.0,73022.0,3395141.0,1693957.0,762596.0,11242739.0,425697.0,640000.0,76975.0,4711.0,1021969.0,13827451.0,439241.0,3055237.0,1334000.0,13811700.0,668300.0,63803408.0,1827305.0,308.0,782411.0,7762600.0,1406.0,721619.0,5834396.0,804559.0,1866484.0
1998,2792105.0,868838.0,210906.0,243.0,10603135.0,182500.0,30.0,15923700.0,840960.0,579134.0,204200.0,,821252.0,2988490.0,11020640.0,2003256.0,190.0,381096.0,2386888.0,21247.0,774566.0,15788868.0,200.0,900.0,107782.0,60531.0,149111.0,18322900.0,186867.0,613235.0,92118680.0,829586.0,998998.0,1999289.0,16987.0,945227.0,5856.0,34518.0,69798.0,329930.0,59090.0,1683785.0,7041633.0,6.0,124.0,1530166.0,142964.0,3575718.0,759668.0,2642833.0,477043.0,6648975.0,354100.0,6319880.0,1157000.0,8515.0,9163034.0,128.0,17130.0,3417892.0,369521.0,1340140.0,1070825.0,,102613.0,121313.0,1287094.0,288.0,692565.0,9012.0,131394.0,0.0,541593.0,688437.0,440673.0,2862743.0,15564020.0,100904200.0,300717.0,8785973.0,2811650.0,,100683.0,4082355.0,1938.0,62907.0,2054154.0,11370199.0,1841097.0,644691.0,2002423.0,1172432.0,1249.0,663938.0,52922.0,161900.0,301400.0,,803160.0,127047.0,1113152.0,,466000.0,5904955.0,883292.0,1391686.0,75.0,11035270.0,214268.0,2115948.0,2823.0,6253689.0,,308931.0,2011068.0,211870.0,50.0,1440111.0,674404.0,319711.0,546.0,7644685.0,18339000.0,376287.0,204926.0,339054.0,3296550.0,138107.0,6204.0,,,13304.0,2363776.0,,679769920.0,,12718800.0,143460.0,1034407.0,5526969.0,2523.0,8843718.0,541.0,1425050.0,506538.0,591222.0,33760.0,1710.0,1556.0,5847386.0,36076300.0,199695.0,621825.0,,1093579.0,330.0,335570.0,415065.0,479290.0,,,700.0,50185.0,859622.0,96430.0,1282813.0,62801.0,3326214.0,1885248.0,747243.0,11025860.0,397173.0,595000.0,45720.0,4700.0,1309688.0,13895547.0,411590.0,3726193.0,1366000.0,12183048.0,570871.0,61556512.0,1672567.0,600.0,689950.0,8003178.0,1390.0,770242.0,4690000.0,658526.0,1532601.0
1999,2532871.0,872348.0,177800.0,236.0,9574275.0,164489.0,30.0,16887700.0,811405.0,512170.0,202000.0,,838189.0,2957438.0,11680974.0,1771884.0,175.0,364394.0,2282620.0,22207.0,832306.0,17435114.0,150.0,380.0,100386.0,91141.0,159907.0,17524800.0,182256.0,533827.0,91616872.0,768277.0,626054.0,2023140.0,12951.0,1081111.0,5509.0,31358.0,79540.0,289690.0,58940.0,1596798.0,6634681.0,6.0,128.0,1496784.0,151804.0,1888946.0,869797.0,2707099.0,427060.0,6657872.0,321000.0,7463030.0,1134000.0,6673.0,8851319.0,129.0,17360.0,3141102.0,365395.0,1299931.0,1123737.0,,115800.0,140023.0,1248013.0,275.0,651413.0,7663.0,149153.0,0.0,480425.0,627230.0,490000.0,2420630.0,15419561.0,102091696.0,290017.0,6926601.0,2719504.0,,73742.0,4173966.0,1773.0,7851.0,2047487.0,10928040.0,1962713.0,651327.0,2139181.0,1171311.0,1419.0,758307.0,53500.0,153700.0,326200.0,,906530.0,184312.0,1018372.0,,415600.0,5169296.0,876300.0,1404437.0,71.0,10130919.0,216907.0,2464640.0,2788.0,7062687.0,,281602.0,1840503.0,224415.0,41.0,1510012.0,692389.0,344753.0,572.0,7480924.0,18079200.0,349902.0,183084.0,329400.0,3298929.0,141472.0,6372.0,,,12025.0,2077904.0,,670167232.0,,12515100.0,130130.0,1091819.0,6642553.0,2650.0,8701304.0,346.0,1348472.0,592345.0,588161.0,21513.0,1870.0,1687.0,5344034.0,37069300.0,217025.0,686373.0,,1442567.0,720.0,250092.0,380695.0,513271.0,,,708.0,48493.0,733641.0,92550.0,1153160.0,76550.0,3078578.0,1857717.0,715842.0,11295454.0,383936.0,690000.0,66867.0,2400.0,1496256.0,13752041.0,395160.0,2270084.0,1333000.0,11963131.0,563089.0,58461968.0,1719430.0,250.0,672479.0,8347300.0,1410.0,624315.0,4590484.0,757873.0,1858083.0
2000,2406000.0,920726.0,178200.0,231.0,10972298.0,156883.0,30.0,16792290.0,831695.0,640713.0,207403.0,313300.0,901324.0,2661349.0,11672247.0,1783922.0,126.0,364765.0,2348652.0,19797.0,757852.0,17601718.0,115.0,460.0,74170.0,120638.0,166718.0,18209500.0,182671.0,593690.0,85263680.0,764363.0,723025.0,1998412.0,12956.0,1119006.0,5429.0,30626.0,78573.0,326773.0,51480.0,1655815.0,7015690.0,6.0,129.0,1514258.0,146693.0,1058184.0,817509.0,2761724.0,330175.0,6821909.0,329423.0,7184230.0,1172700.0,5828.0,9089764.0,131.0,16500.0,3348084.0,305159.0,1306632.0,1206934.0,,134600.0,162150.0,1273407.0,304.0,653417.0,8869.0,119122.0,0.0,443377.0,561516.0,462000.0,2762701.0,15293000.0,102402400.0,279318.0,7017438.0,2490350.0,,74846.0,4137209.0,1553.0,31765.0,2045200.0,12243028.0,1884669.0,580709.0,1960563.0,1165478.0,1425.0,768370.0,50850.0,143500.0,347794.0,,867548.0,208295.0,985259.0,28680.0,420021.0,5443172.0,937200.0,1406830.0,67.0,10139789.0,219884.0,2295214.0,2923.0,7133931.0,,186090.0,1828681.0,207873.0,70.0,1570308.0,698700.0,309224.0,1200.0,7354042.0,18242000.0,464224.0,219100.0,332093.0,3287676.0,135440.0,6434.0,,,12218.0,2042401.0,,671367680.0,,12668100.0,151679.0,1152375.0,6548909.0,2808.0,8813629.0,333.0,1238522.0,577921.0,511879.0,31054.0,1760.0,1719.0,5435021.0,41145200.0,282557.0,616368.0,,1166613.0,973.0,206336.0,361354.0,535373.0,,,1000.0,42016.0,812784.0,103468.0,1228922.0,69743.0,3058195.0,1750631.0,699716.0,11228129.0,415790.0,825000.0,72000.0,3175.0,1139599.0,13600074.0,375703.0,2514775.0,1372000.0,12207514.0,475185.0,58526104.0,1530356.0,40.0,907767.0,8398386.0,1409.0,619583.0,5260171.0,718116.0,1691984.0
2001,2094000.0,1026812.0,165800.0,208.0,10785378.0,191699.0,31.0,17716654.0,825984.0,752066.0,221000.0,287000.0,881728.0,3212574.0,11485595.0,2096588.0,100.0,355432.0,2441884.0,18473.0,742201.0,18148670.0,96.0,539.0,79342.0,68251.0,176834.0,17733700.0,179576.0,631247.0,82595432.0,760406.0,793644.0,1965544.0,23257.0,1130832.0,5315.0,30674.0,64642.0,312470.0,55970.0,1631003.0,7045736.0,7.0,128.0,1538062.0,179058.0,2402748.0,865736.0,2614460.0,343832.0,6445908.0,274162.0,8001604.0,1160200.0,6361.0,8961009.0,133.0,16976.0,3013619.0,349670.0,1371450.0,1160412.0,,154717.0,160893.0,1283550.0,307.0,635125.0,8394.0,126115.0,0.0,416706.0,583987.0,439200.0,3080085.0,14785900.0,100271104.0,286118.0,7732252.0,2625720.0,,98436.0,4134297.0,1750.0,33885.0,2006684.0,13040961.0,2055178.0,625958.0,2047508.0,1198104.0,1583.0,790645.0,52529.0,130000.0,351639.0,,796560.0,256109.0,940596.0,28061.0,443700.0,5145781.0,1025300.0,1411893.0,68.0,10878644.0,207404.0,2620017.0,2950.0,7238613.0,,202456.0,1712613.0,194281.0,54.0,1587166.0,673600.0,276112.0,1199.0,7885485.0,16286000.0,445957.0,229600.0,329167.0,3298297.0,143907.0,6560.0,,,12419.0,2119287.0,,672489408.0,,12126700.0,164462.0,1153068.0,6552289.0,3000.0,8820941.0,317.0,1286500.0,492715.0,753625.0,31467.0,1627.0,1592.0,6229224.0,43057500.0,311824.0,659115.0,,1152810.0,448.0,335200.0,397822.0,527960.0,,,1150.0,50822.0,825820.0,105516.0,1174253.0,59040.0,3049377.0,2081892.0,708237.0,11455364.0,341685.0,790000.0,91764.0,3500.0,811227.0,13571630.0,365214.0,2220331.0,1407000.0,14246649.0,514724.0,55166824.0,1400856.0,35.0,942031.0,8224081.0,1410.0,657871.0,4420161.0,676958.0,1550728.0
2002,2238000.0,1170009.0,157600.0,173.0,10702110.0,184869.0,32.0,17561144.0,816775.0,813191.0,223400.0,310474.0,960147.0,3308691.0,11588093.0,2145075.0,100.0,341599.0,2310016.0,23042.0,768259.0,17883426.0,83.0,572.0,59031.0,96508.0,184400.0,15174800.0,173482.0,652128.0,81468880.0,759651.0,890764.0,1969559.0,24878.0,1084064.0,5168.0,34122.0,54669.0,320561.0,59200.0,1569116.0,6940982.0,6.0,129.0,1527934.0,176390.0,1845217.0,845030.0,2712234.0,344627.0,6748051.0,259214.0,6648807.0,1195100.0,5679.0,9352047.0,135.0,17280.0,3245214.0,355719.0,1597603.0,1241115.0,,143671.0,141900.0,1287733.0,318.0,644491.0,8304.0,109123.0,0.0,431637.0,578927.0,408500.0,2952970.0,14647996.0,94470896.0,299519.0,8743853.0,3157390.0,,100800.0,4284649.0,1496.0,88162.0,2002225.0,13900900.0,2046310.0,642377.0,2066239.0,1161751.0,1860.0,783060.0,56796.0,120000.0,343366.0,,848790.0,203652.0,918000.0,29408.0,415000.0,4947863.0,1014501.0,1416531.0,66.0,9877131.0,191500.0,3193406.0,2510.0,7227857.0,,217263.0,2312700.0,111450.0,38.0,1635836.0,678500.0,324980.0,1032.0,7860068.0,17027000.0,525819.0,226310.0,327030.0,3334259.0,149670.0,6581.0,,,11812.0,2094256.0,,661615424.0,,12022100.0,168946.0,1139801.0,6441894.0,3197.0,8293400.0,301.0,1319747.0,514921.0,740979.0,33718.0,1589.0,1566.0,5714012.0,43030600.0,299934.0,704804.0,,1205316.0,493.0,468407.0,328728.0,573983.0,,,1210.0,40081.0,820036.0,100414.0,1129270.0,69071.0,2975861.0,1807131.0,708594.0,10941834.0,363922.0,842500.0,88396.0,4300.0,446230.0,13747990.0,338445.0,3354160.0,1445000.0,13801680.0,481734.0,53570704.0,1533700.0,35.0,806624.0,8322694.0,1410.0,593068.0,4706204.0,462013.0,1586371.0
2003,3004700.0,1140009.0,153340.0,113.0,9814395.0,194815.0,35.0,17196654.0,812408.0,765399.0,220067.0,300210.0,907779.0,3577488.0,11500907.0,1608438.0,100.0,314624.0,2109314.0,21052.0,744911.0,19925260.0,100.0,841.0,59426.0,90990.0,199911.0,17833000.0,166558.0,685127.0,76947800.0,730329.0,979727.0,1971819.0,28420.0,1183108.0,5074.0,32053.0,62522.0,337417.0,72745.0,1466926.0,6839431.0,6.0,135.0,1484586.0,164037.0,2901720.0,785161.0,2751930.0,405859.0,6597060.0,263166.0,8486199.0,1192900.0,7076.0,8995422.0,136.0,20853.0,3056295.0,347198.0,1461534.0,1335963.0,,169181.0,133300.0,1274545.0,318.0,642961.0,6123.0,132400.0,0.0,390415.0,559821.0,414300.0,2885811.0,14835868.0,98603104.0,303119.0,8789102.0,2910900.0,,92430.0,4147562.0,1672.0,55780.0,1985726.0,13677800.0,2102634.0,588876.0,2325989.0,1105973.0,2127.0,807987.0,61481.0,120000.0,349496.0,,946340.0,191237.0,864600.0,28907.0,428500.0,5561338.0,850079.0,1420599.0,118.0,10572308.0,194727.0,3474117.0,2940.0,7398371.0,,212006.0,2055564.0,226096.0,27.0,1772695.0,671800.0,322857.0,1510.0,7842931.0,17371000.0,538652.0,218598.0,326675.0,3361975.0,133780.0,6573.0,,,13452.0,2006223.0,,670800192.0,,12481100.0,186040.0,1138721.0,6416363.0,2862.0,8163257.0,237.0,1351565.0,450798.0,821259.0,33143.0,1911.0,1605.0,5114461.0,36759400.0,316039.0,697306.0,,1331210.0,607.0,490300.0,320104.0,585518.0,,,1220.0,52453.0,794179.0,100272.0,1153890.0,68881.0,3115150.0,1956034.0,699168.0,11434393.0,412366.0,963000.0,93950.0,3050.0,1529832.0,13341033.0,301152.0,4789490.0,1495000.0,12067200.0,486923.0,57813092.0,1794600.0,40.0,970686.0,8366800.0,1397.0,532293.0,4659074.0,790788.0,1706654.0
2004,2667000.0,1509879.0,143900.0,108.0,9345371.0,198015.0,38.0,20026924.0,819595.0,806034.0,218800.0,319218.0,967614.0,3084961.0,10978274.0,1830124.0,100.0,324504.0,2211921.0,22800.0,775942.0,20420482.0,94.0,954.0,51405.0,97254.0,208306.0,16161700.0,161753.0,706925.0,79349400.0,743359.0,1077637.0,1972721.0,28339.0,1238344.0,5875.0,25963.0,68596.0,304417.0,66397.0,1617273.0,6946946.0,6.0,132.0,1490600.0,162095.0,3000731.0,892221.0,2755787.0,395213.0,6624481.0,260979.0,8722142.0,1127100.0,6133.0,9395474.0,137.0,20089.0,3130046.0,330792.0,1332720.0,1432422.0,,189403.0,147231.0,1261582.0,315.0,637771.0,8987.0,120100.0,0.0,380335.0,567051.0,426200.0,3001698.0,15279888.0,97805696.0,310418.0,9096853.0,2783550.0,,89130.0,4276507.0,1359.0,39960.0,2018378.0,13951832.0,1771599.0,594097.0,2186354.0,1091445.0,1556.0,837820.0,60514.0,120000.0,352353.0,,748720.0,183527.0,878500.0,27981.0,436700.0,5686494.0,1039038.0,1440370.0,67.0,10496782.0,189597.0,2358031.0,3001.0,7696191.0,,177524.0,1943200.0,180431.0,57.0,1683258.0,680700.0,304857.0,1324.0,7859494.0,17716000.0,444255.0,216753.0,328265.0,3337317.0,118079.0,7811.0,,,12571.0,2010562.0,,676930688.0,,12470000.0,176833.0,1048887.0,6653886.0,2895.0,8377273.0,211.0,1307744.0,463646.0,803935.0,32330.0,1332.0,1748.0,6103949.0,40493400.0,332474.0,682180.0,,1081184.0,800.0,614005.0,330716.0,630641.0,,,1235.0,49046.0,818080.0,100723.0,1125672.0,55664.0,3186202.0,1807113.0,729829.0,11282003.0,400077.0,950000.0,75000.0,3000.0,1652500.0,13779950.0,261663.0,4893210.0,1549000.0,14409100.0,525466.0,56782664.0,1668243.0,45.0,1082143.0,8437800.0,1420.0,685491.0,4329495.0,756300.0,2383136.0
2005,3030000.0,1568233.0,147655.0,107.0,10291886.0,202111.0,38.0,20274540.0,800099.0,792935.0,220900.0,322166.0,1013628.0,3237581.0,11176338.0,1723955.0,100.0,317350.0,2142953.0,25007.0,861350.0,19313004.0,95.0,1310.0,82499.0,116746.0,226872.0,15846800.0,167689.0,686445.0,81873752.0,775972.0,1122283.0,1973988.0,28666.0,1124974.0,4809.0,15000.0,61608.0,285839.0,58218.0,1619151.0,6839000.0,6.0,140.0,1508600.0,179069.0,2350627.0,810795.0,2975160.0,442581.0,6595493.0,282094.0,9365022.0,1185800.0,6789.0,9218409.0,138.0,22492.0,2917266.0,338185.0,1360035.0,1531176.0,,195719.0,160332.0,1252779.0,320.0,625533.0,9073.0,109900.0,0.0,368828.0,543551.0,423800.0,2933537.0,15465047.0,99519200.0,282115.0,9522870.0,3911030.0,,104210.0,3995818.0,1536.0,65853.0,2020451.0,13775200.0,2177936.0,605537.0,2484980.0,1066572.0,1569.0,822020.0,65570.0,120000.0,375080.0,,950200.0,162555.0,956100.0,28496.0,468900.0,5458735.0,992234.0,1509104.0,68.0,9282902.0,201130.0,3119463.0,3011.0,8350029.0,,164100.0,2666100.0,203017.0,63.0,1674520.0,676200.0,277385.0,1619.0,8398853.0,18310000.0,541777.0,216383.0,325212.0,3371013.0,115175.0,6547.0,,,13973.0,1945861.0,,693840064.0,,12809800.0,153223.0,1161342.0,6512315.0,3120.0,8328904.0,185.0,1379377.0,389344.0,806850.0,32652.0,1944.0,1556.0,5802854.0,41123848.0,349211.0,632549.0,,1192930.0,1000.0,737800.0,339950.0,546473.0,,,1240.0,45582.0,794635.0,96469.0,1023976.0,57597.0,3290415.0,2433082.0,735748.0,11475657.0,417165.0,1037000.0,98000.0,3300.0,1479967.0,13841254.0,292832.0,4896810.0,1605000.0,14204100.0,542700.0,56805876.0,1616629.0,43.0,1068624.0,8383400.0,1445.0,788486.0,4283072.0,559862.0,2463772.0
2006,2989000.0,1622092.0,140870.0,106.0,8701693.0,157557.0,40.0,19181586.0,780782.0,773895.0,232500.0,320570.0,920580.0,3057328.0,11178034.0,1548461.0,100.0,312527.0,2234936.0,19979.0,888530.0,18423582.0,100.0,1377.0,83943.0,117650.0,229368.0,15946100.0,164346.0,594456.0,84899808.0,788783.0,1232779.0,1975199.0,27900.0,1097255.0,4654.0,29263.0,55138.0,267397.0,54795.0,1539462.0,6702200.0,6.0,142.0,1493900.0,174845.0,2672232.0,805174.0,3002359.0,472402.0,6303597.0,280235.0,8105902.0,1150600.0,6000.0,9090572.0,138.0,20994.0,2863222.0,202130.0,1438036.0,1627913.0,,207841.0,159459.0,1195590.0,300.0,619592.0,8928.0,105100.0,0.0,390934.0,560116.0,431000.0,2838236.0,15132235.0,99236800.0,280012.0,9394627.0,2848000.0,,102192.0,3801047.0,1542.0,63406.0,2006323.0,14068409.0,2390855.0,589663.0,2621712.0,1038286.0,1672.0,856720.0,70545.0,130000.0,342860.0,,948663.0,177688.0,962900.0,28849.0,511800.0,5590632.0,871450.0,1522018.0,70.0,10007761.0,185654.0,3283557.0,3100.0,9003315.0,4830.0,126201.0,2492300.0,253038.0,58.0,1928661.0,645000.0,299780.0,1000.0,8960497.0,19147000.0,470290.0,213220.0,318183.0,3261012.0,112204.0,6424.0,,,12666.0,,,681903936.0,,12931600.0,161128.0,1154279.0,6730683.0,3296.0,8381129.0,160.0,1319380.0,373193.0,1034122.0,32351.0,1900.0,1951.0,5079834.0,40540700.0,325616.0,602875.0,,1124322.0,970.0,860000.0,334321.0,527219.0,1889198.0,,1100.0,44252.0,732875.0,97121.0,961840.0,48131.0,3147586.0,2605749.0,783163.0,11342030.0,413620.0,1061000.0,116000.0,3081.0,1311684.0,13011934.0,284929.0,4330825.0,1679000.0,13806906.0,554350.0,52861864.0,1617537.0,70.0,1184047.0,8359397.0,1400.0,869920.0,3009317.0,747208.0,2662879.0
2007,3021000.0,1682171.0,132390.0,87.0,9796747.0,172630.0,40.0,18110964.0,815523.0,728677.0,231335.0,314751.0,901020.0,3320950.0,11152085.0,1533535.0,100.0,310427.0,2440144.0,23866.0,983097.0,19543770.0,105.0,1510.0,95467.0,79167.0,248704.0,16145100.0,157777.0,497056.0,85830048.0,780280.0,1412908.0,1976380.0,27906.0,1115039.0,4556.0,27873.0,56303.0,277892.0,39806.0,1582788.0,6571690.0,6.0,145.0,1448300.0,178540.0,2873873.0,867353.0,2911543.0,492281.0,6237884.0,292271.0,9196798.0,1131500.0,5733.0,9137030.0,140.0,20454.0,2883382.0,198022.0,1270218.0,1718070.0,,186202.0,136586.0,1173584.0,320.0,723868.0,,110500.0,0.0,447161.0,556418.0,541800.0,2764254.0,15378324.0,100833504.0,279109.0,9810297.0,2966750.0,,103000.0,3933244.0,1422.0,49995.0,1983627.0,15134650.0,2038151.0,564107.0,2708000.0,1033147.0,2213.0,885573.0,70040.0,160000.0,343131.0,,856543.0,173484.0,1003300.0,28513.0,521900.0,4851300.0,864724.0,1536102.0,70.0,10233546.0,178520.0,3528534.0,3350.0,8895398.0,1177.0,121777.0,2474500.0,258435.0,108.0,1394461.0,673242.0,241380.0,1400.0,9056379.0,19410000.0,474174.0,212300.0,311905.0,3424567.0,117089.0,6672.0,,,12923.0,,,695898112.0,,13051400.0,147174.0,1156981.0,6921286.0,3407.0,8352860.0,121.0,1332386.0,312098.0,1098250.0,31635.0,1204.0,,4750134.0,40309248.0,351023.0,577940.0,,1068876.0,933.0,508556.0,328871.0,325163.0,1936905.0,,1300.0,42105.0,784432.0,100222.0,981900.0,48518.0,3088482.0,2467216.0,782496.0,11875069.0,371533.0,862900.0,103400.0,3682.0,1247966.0,12136070.0,281144.0,4485537.0,1725000.0,13117187.0,596233.0,61919592.0,1536025.0,55.0,1115072.0,8304947.0,1450.0,1009233.0,3407418.0,680421.0,2301546.0
2008,2714000.0,1156211.0,149100.0,107.0,10921189.0,170141.0,42.0,20159100.0,845637.0,882711.0,232432.0,350366.0,1093977.0,4191339.0,11930855.0,1713492.0,105.0,310520.0,2458912.0,24523.0,1018121.0,20814408.0,98.0,1400.0,60554.0,101822.0,248770.0,16519700.0,156315.0,565044.0,86358192.0,811788.0,1474005.0,1977476.0,29750.0,1179990.0,5656.0,34385.0,61411.0,285011.0,35973.0,1561492.0,7038419.0,7.0,132.0,1513200.0,180503.0,1485477.0,767151.0,3186032.0,419412.0,6714826.0,309300.0,9880145.0,1193900.0,5397.0,9709048.0,143.0,22519.0,3272480.0,223450.0,1437191.0,1870890.0,,238381.0,145611.0,1232843.0,328.0,891456.0,,122800.0,0.0,392793.0,561332.0,437000.0,2903443.0,15731313.0,101155504.0,322307.0,7095403.0,1585596.0,,81533.0,4037602.0,1543.0,40405.0,1940319.0,15356610.0,2021880.0,605138.0,2776469.0,1018461.0,1705.0,1015485.0,65855.0,190000.0,342925.0,,1110843.0,194908.0,1022000.0,31233.0,544200.0,5315125.0,972287.0,1549296.0,70.0,10459480.0,173330.0,3445025.0,3500.0,8973057.0,1193.0,153953.0,2727622.0,247506.0,61.0,1780115.0,656602.0,227182.0,1100.0,9837140.0,18899000.0,432673.0,235591.0,309021.0,3434689.0,135409.0,6373.0,,,12702.0,,,712545728.0,,13387900.0,148316.0,1225662.0,7121079.0,3604.0,8598806.0,103.0,1316647.0,365373.0,1283919.0,33969.0,640.0,,5181667.0,44576100.0,320639.0,465724.0,,1481557.0,1100.0,561336.0,357174.0,413598.0,1936956.0,,1300.0,43666.0,799375.0,106523.0,1077700.0,61320.0,2993982.0,2486704.0,817193.0,11946683.0,424794.0,938200.0,125068.0,3582.0,834169.0,11256039.0,272642.0,5736322.0,1712000.0,15127168.0,680977.0,60985600.0,1563027.0,55.0,1198059.0,8842009.0,1500.0,760009.0,3775240.0,637467.0,2237193.0
2009,3192000.0,1849528.0,146200.0,138.0,8046915.0,164014.0,42.0,20674118.0,839771.0,1113798.0,239225.0,335264.0,1059450.0,3619256.0,11909888.0,1829228.0,100.0,308836.0,2425695.0,32487.0,1014013.0,20077516.0,93.0,1370.0,66446.0,152311.0,264307.0,15060300.0,152956.0,572191.0,88566752.0,834856.0,1636978.0,1978828.0,30200.0,1157133.0,5864.0,31983.0,74792.0,419902.0,31155.0,1544454.0,6908443.0,7.0,128.0,1499300.0,206348.0,3176367.0,822099.0,3179076.0,453744.0,6076837.0,316413.0,9991821.0,1133100.0,4307.0,9493933.0,146.0,25035.0,3075443.0,196900.0,1570744.0,1772804.0,,293609.0,139290.0,1229150.0,333.0,858887.0,,128530.0,0.0,406564.0,563446.0,556500.0,2882230.0,15938659.0,97171600.0,300004.0,8989037.0,1493415.0,,80971.0,3480655.0,1907.0,47914.0,1936221.0,16570000.0,2332573.0,612378.0,2895890.0,1001837.0,1711.0,1026161.0,55978.0,247580.0,339590.0,,999340.0,184308.0,1103500.0,30403.0,540800.0,5441176.0,905781.0,1562974.0,68.0,9111485.0,179878.0,3364533.0,3320.0,8992633.0,1213.0,252398.0,2673000.0,239039.0,14.0,1792559.0,674928.0,306316.0,700.0,9087885.0,13890000.0,440252.0,220796.0,306092.0,3353773.0,162706.0,5072.0,,,11206.0,,,700048320.0,,13674300.0,150046.0,1288564.0,7216272.0,3630.0,8582827.0,86.0,1318971.0,339898.0,1343070.0,33277.0,351.0,,5265063.0,41926224.0,321532.0,325371.0,,1614337.0,1100.0,593516.0,362998.0,551531.0,1957015.0,,1300.0,54502.0,769436.0,101836.0,1032100.0,59312.0,2774850.0,2642645.0,853985.0,12471675.0,448764.0,904600.0,110338.0,3153.0,1367536.0,11955939.0,276129.0,5229954.0,1572000.0,15118548.0,967870.0,57937340.0,1620512.0,40.0,1170329.0,8527719.0,1469.0,677725.0,3307450.0,1060370.0,1932188.0
2010,2962000.0,1878155.0,145700.0,295.0,8155785.0,155666.0,40.0,20141256.0,824426.0,954540.0,262381.0,325351.0,1110660.0,4291496.0,12093951.0,1770374.0,90.0,286769.0,2400594.0,30554.0,941043.0,18601204.0,90.0,1600.0,58578.0,135467.0,173423.0,13173800.0,151628.0,526524.0,90060288.0,864043.0,1826815.0,3301607.0,31585.0,1036817.0,6002.0,32028.0,89566.0,402165.0,32892.0,1465570.0,6587482.0,8.0,120.0,1508400.0,199832.0,2856567.0,879497.0,2992580.0,451578.0,6039751.0,275294.0,10400347.0,954200.0,3001.0,9314258.0,150.0,25552.0,3012536.0,173200.0,1602099.0,2415040.0,,319576.0,148586.0,1161764.0,340.0,859650.0,,134570.0,0.0,381161.0,552508.0,641290.0,2599986.0,15928676.0,100075800.0,274102.0,9016254.0,2570483.0,,79358.0,3476388.0,2073.0,42968.0,1956822.0,15068400.0,2542199.0,578541.0,2990507.0,970738.0,1879.0,1067859.0,42586.0,251230.0,363548.0,,1124660.0,190512.0,1012000.0,29711.0,517200.0,5062727.0,872720.0,1577101.0,73.0,9975294.0,162651.0,3674945.0,3234.0,8963849.0,1142.0,259113.0,2725149.0,291534.0,48.0,1893306.0,677884.0,292257.0,850.0,10639915.0,16132376.0,464851.0,210419.0,301136.0,3408740.0,135547.0,4292.0,,,10227.0,,,694534208.0,,13332376.0,154227.0,1248959.0,6853269.0,3665.0,7597044.0,72.0,1318580.0,304118.0,1439298.0,14499.0,351.0,,5019319.0,32353784.0,344166.0,284169.0,,1477513.0,1251.0,655146.0,355322.0,618634.0,1874470.0,,967.0,53568.0,683483.0,95740.0,948800.0,71689.0,3166445.0,4257228.0,880827.0,13328078.0,443519.0,903100.0,106803.0,3275.0,657256.0,12021328.0,265878.0,5244863.0,1653000.0,14188229.0,930701.0,57483704.0,1685429.0,31.0,1024857.0,8616898.0,1460.0,927303.0,3542031.0,1218530.0,1893150.0
2011,2820000.0,2132989.0,147599.0,191.0,11077808.0,156138.0,45.0,19057340.0,809471.0,954274.0,293037.0,326241.0,1017434.0,3684446.0,12090666.0,1769184.0,94.0,300208.0,2466930.0,29082.0,972000.0,19216440.0,90.0,1500.0,65794.0,163673.0,162100.0,13606800.0,145386.0,570215.0,91288192.0,853734.0,1747441.0,3445330.0,31811.0,1133358.0,6511.0,31318.0,87009.0,351512.0,35916.0,1482187.0,6490900.0,8.0,100.0,1496500.0,198098.0,2584734.0,954785.0,3037991.0,481214.0,5985488.0,296941.0,10268620.0,1042500.0,2886.0,9242949.0,153.0,26568.0,3075987.0,183847.0,1642866.0,2450394.0,,207979.0,137316.0,1120784.0,347.0,877053.0,,143537.0,0.0,371372.0,543158.0,627266.0,2679290.0,15517692.0,100625696.0,297600.0,8763666.0,2374286.0,,74544.0,3438491.0,2188.0,42817.0,1939505.0,15886231.0,2679558.0,578031.0,3142786.0,925794.0,2502.0,1029355.0,57410.0,248070.0,414184.0,,1146945.0,156406.0,1064700.0,28805.0,515700.0,5382258.0,860602.0,1463801.0,72.0,8766907.0,158444.0,5519796.0,3125.0,8534442.0,1904.0,299927.0,2816078.0,144844.0,163.0,1874110.0,687516.0,276839.0,750.0,9975249.0,15512438.0,505912.0,206349.0,298750.0,3513830.0,143731.0,6156.0,,,10128.0,,,707106432.0,,13308200.0,156309.0,1184352.0,7081336.0,3801.0,7803026.0,59.0,1309000.0,283097.0,1541594.0,15596.0,281.0,,5219738.0,40606420.0,371125.0,257875.0,,1136905.0,1235.0,718355.0,370766.0,259997.0,1911492.0,,517.0,56944.0,741475.0,95970.0,988100.0,57596.0,2874494.0,2622188.0,862697.0,13338804.0,410754.0,880800.0,57260.0,3735.0,1369998.0,11850262.0,276666.0,5721440.0,1701960.0,14988910.0,843705.0,56668632.0,1600010.0,25.0,990720.0,8777825.0,1455.0,798619.0,3218442.0,1229840.0,1996759.0
2012,3143000.0,923950.0,142800.0,312.0,11380945.0,170172.0,44.0,19431384.0,813509.0,1017875.0,232079.0,341312.0,1147742.0,4071781.0,12011654.0,1903165.0,94.0,301933.0,2541965.0,26550.0,1005820.0,19611226.0,100.0,1600.0,56994.0,102001.0,163716.0,15000396.0,147041.0,556184.0,92927088.0,1121491.0,2029134.0,3426939.0,32784.0,1152710.0,6993.0,30582.0,63990.0,358162.0,37822.0,1457126.0,6517900.0,8.0,120.0,1503300.0,188794.0,3062449.0,899018.0,3268112.0,441076.0,6173208.0,290500.0,10351267.0,1036300.0,2005.0,9420575.0,152.0,27120.0,3139924.0,172567.0,1634973.0,2812308.0,,243390.0,164149.0,1134261.0,350.0,885789.0,,146308.0,0.0,377551.0,589156.0,410026.0,2757920.0,15548595.0,98969000.0,315595.0,9039256.0,2066057.0,,82891.0,3498385.0,2433.0,52624.0,1947101.0,14784092.0,2700291.0,573287.0,3222987.0,913383.0,1949.0,1130582.0,65286.0,231072.0,452726.0,,1131730.0,154640.0,1159700.0,27782.0,563900.0,5224668.0,876918.0,1523161.0,74.0,9733658.0,161938.0,4350436.0,3076.0,7966343.0,1855.0,306235.0,2315019.0,332419.0,367.0,1836365.0,684545.0,384584.0,910.0,10253611.0,15316190.0,505384.0,202572.0,294212.0,3373609.0,145843.0,5534.0,,,9237.0,,,707345152.0,,12749240.0,145693.0,1258752.0,7284199.0,3644.0,7704311.0,4.0,1324500.0,287943.0,1700000.0,18358.0,314.0,,5424635.0,36986404.0,382463.0,210023.0,5631780.0,1227966.0,1278.0,817744.0,392041.0,323821.0,1723345.0,1194000.0,437.0,51390.0,792817.0,100733.0,991000.0,62957.0,2797563.0,3393562.0,1140181.0,13338796.0,406573.0,935231.0,87086.0,3820.0,1377200.0,11280122.0,281998.0,6175739.0,1747786.0,14492405.0,1130824.0,60253272.0,1616297.0,33.0,880738.0,8918511.0,1400.0,854689.0,3430267.0,1185283.0,1846348.0
2013,3182922.0,2056204.0,142000.0,21.0,10581024.0,176945.0,45.0,18381762.0,786663.0,1061005.0,215706.0,336226.0,1211080.0,4210656.0,12056374.0,2006986.0,93.0,303586.0,2404759.0,30959.0,1457127.0,20906132.0,120.0,1300.0,53046.0,88982.0,139491.0,15992384.0,145871.0,579184.0,94166632.0,1246187.0,1907139.0,3702549.0,33843.0,1178961.0,7454.0,31727.0,72653.0,380298.0,30760.0,1415798.0,6526000.0,8.0,120.0,1443760.0,191727.0,2709432.0,939988.0,3311233.0,444814.0,6267941.0,311100.0,10627226.0,1102000.0,2570.0,9532772.0,161.0,27620.0,3028452.0,222950.0,1625970.0,2884400.0,,234656.0,188953.0,1109712.0,400.0,900955.0,,167711.0,0.0,423756.0,586869.0,578678.0,2816940.0,15452504.0,99299952.0,307995.0,8893995.0,3029913.0,,80572.0,3459869.0,2496.0,60762.0,1952515.0,15586966.0,2730562.0,595136.0,3186200.0,896782.0,1850.0,1103220.0,59924.0,215979.0,460852.0,,1261819.0,139734.0,1213400.0,29039.0,577600.0,5401005.0,930758.0,1248074.0,77.0,9805578.0,166181.0,4624379.0,2993.0,7966328.0,2012.0,293262.0,2533367.0,260450.0,397.0,1881457.0,671679.0,188795.0,1091.0,10697048.0,15889165.0,547317.0,203420.0,286057.0,3405458.0,136106.0,5623.0,,,10257.0,,,722919424.0,,13363900.0,149917.0,1279904.0,7309980.0,3742.0,7479452.0,42.0,1306500.0,314182.0,1702991.0,27057.0,395.0,,5409272.0,40323672.0,437821.0,164474.0,10031765.0,1130646.0,1353.0,773060.0,384707.0,397538.0,1768890.0,1173000.0,370.0,58293.0,759838.0,99981.0,973014.0,88796.0,2668191.0,3187331.0,1198660.0,13080548.0,420585.0,964050.0,70818.0,3907.0,1169000.0,11506517.0,295730.0,6253484.0,1756453.0,15552166.0,931600.0,59486800.0,1623342.0,24.0,921820.0,9074053.0,1500.0,856324.0,3500995.0,1117680.0,1724066.0
2014,3344733.0,2053923.0,143149.0,181.0,10522262.0,180626.0,46.0,17971288.0,811771.0,980561.0,177786.0,335211.0,1173784.0,3646006.0,12165112.0,1960700.0,91.0,272202.0,2428139.0,26295.0,1250800.0,21851934.0,30.0,1300.0,52295.0,164658.0,148595.0,14171684.0,141145.0,567641.0,95062912.0,1294102.0,2059576.0,4028084.0,32099.0,985140.0,7892.0,31036.0,52159.0,361651.0,25303.0,1412209.0,6460700.0,8.0,119.0,1450871.0,188610.0,2509193.0,875088.0,3291950.0,453365.0,6335536.0,332900.0,10833970.0,1119000.0,1752.0,9605505.0,171.0,28120.0,3179197.0,186050.0,1632045.0,3028634.0,,231619.0,119173.0,994750.0,413.0,908503.0,,188322.0,0.0,361308.0,497948.0,655762.0,2817260.0,15310019.0,100160240.0,306894.0,8555401.0,3520428.0,,75847.0,3392536.0,2206.0,61768.0,1942251.0,14590623.0,2669565.0,595628.0,3165000.0,884328.0,2453.0,1201221.0,52164.0,226968.0,456480.0,,955662.0,169408.0,1288800.0,28399.0,638800.0,4769853.0,912901.0,1445255.0,84.0,10197589.0,161342.0,4501731.0,2892.0,7918078.0,2206.0,315033.0,2445300.0,222353.0,481.0,1914565.0,614579.0,494144.0,1003.0,11000955.0,16962884.0,438100.0,187410.0,283748.0,3418447.0,136664.0,5247.0,,,9393.0,,,723332544.0,,13959878.0,134492.0,1246988.0,7351234.0,3756.0,7484956.0,28.0,1258174.0,301916.0,1505000.0,27077.0,378.0,,5423895.0,42199748.0,413530.0,302139.0,11812534.0,1125682.0,1436.0,858374.0,403081.0,440262.0,1824736.0,1013451.0,402.0,62247.0,779581.0,100906.0,1022750.0,89239.0,2534198.0,3212184.0,1136766.0,12051561.0,394424.0,811140.0,65443.0,4819.0,1301380.0,11549127.0,302811.0,6515202.0,1760185.0,14405800.0,925400.0,57979032.0,1641688.0,35.0,890391.0,8996167.0,1446.0,727069.0,3391603.0,1316215.0,1480689.0
2015,2724070.0,2057675.0,142600.0,105.0,11713405.0,190209.0,47.0,18347388.0,783127.0,940007.0,216211.0,321445.0,1229296.0,3584230.0,12156367.0,1835350.0,72.0,298319.0,2218602.0,27938.0,1287146.0,21202900.0,45.0,1300.0,50531.0,105866.0,148750.0,14582900.0,141474.0,534984.0,103281872.0,1503735.0,2256907.0,4058927.0,33139.0,925503.0,8262.0,31386.0,53193.0,267044.0,32846.0,1392345.0,6517500.0,9.0,118.0,1459400.0,184342.0,2686241.0,824670.0,3251394.0,477880.0,6212892.0,350400.0,11018259.0,1019800.0,2475.0,9626902.0,163.0,28532.0,3099217.0,185472.0,1504191.0,3147605.0,,258285.0,148340.0,1019535.0,353.0,916401.0,,193922.0,0.0,400277.0,492151.0,438176.0,2697704.0,15176367.0,100210200.0,292594.0,8182763.0,1313103.0,1455.0,64622.0,3275506.0,2069.0,61812.0,1922104.0,14542276.0,2551453.0,584652.0,3130100.0,876942.0,1423.0,1219177.0,55104.0,262154.0,382691.0,,1281952.0,125225.0,1329091.0,29287.0,669500.0,5459896.0,920899.0,1327084.0,86.0,10000892.0,158593.0,5112560.0,2525.0,7829649.0,2116.0,381209.0,2047041.0,250249.0,411.0,1887160.0,681559.0,306251.0,1558.0,9912802.0,17070712.0,385455.0,190986.0,282717.0,3314598.0,138865.0,5646.0,,,10775.0,,,722961792.0,,13961922.0,159252.0,1289293.0,7218290.0,3831.0,7511852.0,102.0,1226457.0,269207.0,1709060.0,23759.0,308.0,,5455244.0,42832720.0,428935.0,289608.0,7174020.0,1563993.0,1457.0,736750.0,373447.0,447104.0,1766779.0,1015093.0,405.0,59283.0,749217.0,100003.0,1017980.0,67150.0,2300226.0,3058448.0,1010956.0,11116700.0,406030.0,846811.0,82407.0,4899.0,1214999.0,11679276.0,285095.0,6217515.0,1782799.0,14399520.0,868938.0,58124740.0,1657418.0,32.0,654509.0,8994331.0,1454.0,585658.0,3757526.0,958286.0,1435446.0
2016,2793694.0,2783819.0,148084.0,179.0,11751642.0,194717.0,35.0,16976708.0,786833.0,986891.0,315843.0,327535.0,1246199.0,4017586.0,11793602.0,1816636.0,85.0,319268.0,2206134.0,28932.0,1260291.0,20127616.0,35.0,1400.0,52229.0,134350.0,167770.0,13895831.0,144314.0,564637.0,102133384.0,1423194.0,2354801.0,4192618.0,34173.0,1050175.0,8638.0,31698.0,53124.0,316736.0,23289.0,1361498.0,6316300.0,8.0,118.0,1471275.0,190252.0,3376449.0,705783.0,3224925.0,474686.0,6203674.0,351354.0,11303227.0,998100.0,3179.0,9597185.0,164.0,28928.0,3127630.0,171486.0,1518801.0,3157882.0,,234758.0,159119.0,938176.0,389.0,922970.0,,153129.0,0.0,371171.0,536172.0,437237.0,2565875.0,15044369.0,98613400.0,281290.0,8449886.0,1334548.0,2300.0,54248.0,3253985.0,2159.0,54334.0,1906923.0,15144296.0,2814068.0,568150.0,3212700.0,858433.0,1007.0,1232237.0,57418.0,312314.0,446754.0,,1215215.0,54468.0,1326697.0,27855.0,706100.0,3804119.0,923954.0,1451037.0,82.0,10260493.0,166093.0,5505277.0,2647.0,7793503.0,2152.0,377802.0,2310081.0,250770.0,222.0,1878999.0,688770.0,284437.0,1537.0,10908801.0,17241104.0,482508.0,174263.0,285066.0,3495877.0,130787.0,4889.0,,,11470.0,,,727295552.0,,14087724.0,150493.0,1209120.0,7040630.0,3865.0,7400264.0,213.0,1219569.0,257348.0,1641000.0,23571.0,293.0,,5480496.0,44421992.0,457999.0,277005.0,12424860.0,1663755.0,1415.0,901418.0,390803.0,280701.0,1766713.0,939361.0,382.0,62749.0,753845.0,99384.0,1001680.0,29045.0,2400266.0,3401981.0,1117554.0,11968338.0,408238.0,914296.0,60970.0,3831.0,859541.0,11359619.0,309058.0,6309990.0,1743635.0,14020400.0,759687.0,58445764.0,1677312.0,35.0,602937.0,8887979.0,1474.0,519765.0,2933838.0,1279027.0,1555272.0
2017,2419213.0,3068715.0,145799.0,557.0,14135508.0,150892.0,25.0,18716022.0,778650.0,959992.0,333695.0,305433.0,1350154.0,4026919.0,12430005.0,1729267.0,83.0,312697.0,2241784.0,27991.0,1234818.0,22645900.0,26.0,1300.0,56489.0,73297.0,169045.0,13830500.0,143615.0,512101.0,100489464.0,1464090.0,2158098.0,4356643.0,34720.0,1052333.0,9022.0,31699.0,42769.0,275444.0,19879.0,1357136.0,6266500.0,8.0,118.0,1449769.0,200873.0,3512157.0,742875.0,3097555.0,475917.0,6011747.0,330677.0,11327016.0,864500.0,3354.0,9406524.0,164.0,29243.0,3181631.0,149384.0,1619488.0,3238934.0,,213547.0,152250.0,853072.0,387.0,946308.0,,176231.0,0.0,410354.0,466211.0,541032.0,2402083.0,15650000.0,99566816.0,272627.0,7620035.0,1411930.0,2100.0,54361.0,3140579.0,2185.0,47410.0,1894128.0,14854952.0,2602578.0,556326.0,3416900.0,821734.0,1079.0,1163324.0,57565.0,233590.0,309919.0,,848534.0,218157.0,1199510.0,27960.0,633500.0,5569212.0,899764.0,1413852.0,83.0,9865991.0,159491.0,5803284.0,2989.0,7762430.0,2194.0,282228.0,2281504.0,196149.0,115.0,1950168.0,685548.0,322697.0,1399.0,10887840.0,17994592.0,432035.0,158359.0,286602.0,3407739.0,110699.0,6017.0,,,11523.0,,,726033664.0,,13928846.0,146656.0,1219184.0,7364502.0,3813.0,7601996.0,323.0,1206343.0,236552.0,1621000.0,25255.0,275.0,,5191407.0,44250456.0,494278.0,265312.0,9185545.0,1704719.0,1466.0,898229.0,354029.0,344488.0,1718273.0,863208.0,288.0,59340.0,717472.0,99498.0,992871.0,69845.0,2379322.0,3292418.0,1144144.0,12032106.0,394714.0,917975.0,57532.0,3472.0,1255987.0,11090361.0,309921.0,6114868.0,2002927.0,14076803.0,705092.0,53164296.0,1644316.0,40.0,613524.0,8809968.0,1490.0,512659.0,3674435.0,1564347.0,1452971.0
2018,1910389.0,3028410.0,140110.0,392.0,15112335.0,127436.0,17.0,16634020.0,778940.0,1055769.0,347705.0,304520.0,1624577.0,4495792.0,12278572.0,1817770.0,80.0,317749.0,2134358.0,24567.0,1400133.0,21483476.0,39.0,1200.0,36808.0,204263.0,175526.0,15001800.0,141355.0,512533.0,99631504.0,1425662.0,2225159.0,4349994.0,34349.0,995345.0,9463.0,31698.0,46959.0,282416.0,24020.0,1338780.0,6141600.0,8.0,118.0,1416280.0,219424.0,3107776.0,687800.0,2592349.0,478058.0,6027610.0,350430.0,10390466.0,906800.0,2759.0,9055320.0,165.0,29731.0,3105815.0,146549.0,1644881.0,3295749.0,,165966.0,160194.0,787980.0,387.0,959078.0,,169939.0,0.0,428366.0,459710.0,585101.0,2367960.0,14927934.0,98093072.0,260970.0,7575561.0,981701.0,1500.0,61213.0,3092700.0,1896.0,55112.0,1887610.0,14784523.0,2811780.0,563996.0,3456200.0,820122.0,1070.0,1013794.0,55260.0,238090.0,410781.0,,1118758.0,220490.0,1309900.0,26300.0,679800.0,4590740.0,928851.0,1607227.0,83.0,9426335.0,161086.0,5876534.0,0.0,8099349.0,2204.0,328979.0,2222525.0,287780.0,77.0,1910382.0,699980.0,304290.0,1361.0,10996252.0,18195664.0,391562.0,166380.0,279763.0,3451186.0,121248.0,6022.0,,,10883.0,,,720220096.0,,13735791.0,148455.0,1248111.0,7311944.0,3822.0,7806310.0,454.0,1209621.0,231740.0,1673000.0,38712.0,265.0,,5261270.0,41993292.0,493566.0,245988.0,12127530.0,1757142.0,1446.0,1277925.0,343550.0,330644.0,1721020.0,883001.0,470.0,56282.0,743140.0,98330.0,922110.0,90966.0,2312042.0,3384176.0,1169323.0,12011701.0,358020.0,792850.0,57202.0,2981.0,1180600.0,10871307.0,304835.0,5587407.0,3045973.0,14257804.0,637761.0,53649184.0,1522676.0,37.0,564439.0,8605200.0,1495.0,504737.0,3346083.0,1200537.0,1419473.0
2019,2641911.0,3036684.0,132203.0,1094.0,15273622.0,115382.0,26.0,16527155.0,776400.0,1054887.0,460429.0,313110.0,1758745.0,4272786.0,12302411.0,1927560.0,83.0,311152.0,2258670.0,28886.0,1434439.0,22776816.0,15.0,1100.0,33515.0,126623.0,183175.0,15327200.0,141771.0,460545.0,97913144.0,1405411.0,2575297.0,4277119.0,34716.0,974683.0,9866.0,27581.0,42030.0,248240.0,23070.0,1352540.0,6372600.0,8.0,118.0,1373650.0,208491.0,3187485.0,604609.0,3626297.0,477587.0,5975710.0,364370.0,10478218.0,948000.0,2390.0,9394040.0,167.0,30025.0,3211351.0,146305.0,1880044.0,3093277.0,,211027.0,186361.0,728140.0,385.0,909050.0,,180732.0,0.0,358528.0,490870.0,243781.0,2458460.0,13876190.0,95126096.0,266660.0,8408834.0,2800694.0,2200.0,50801.0,3066520.0,1829.0,68862.0,1881220.0,15157457.0,2863448.0,563857.0,3449500.0,806495.0,1781.0,1002440.0,56260.0,245000.0,323079.0,,1025357.0,49777.0,1377180.0,27390.0,733900.0,3657389.0,906623.0,1731380.0,83.0,9058298.0,158444.0,5912553.0,0.0,7836221.0,2182.0,340680.0,2312044.0,253410.0,75.0,1976054.0,672084.0,65109.0,1148.0,10645976.0,18283464.0,411599.0,178170.0,275257.0,3401774.0,124670.0,6085.0,,,10378.0,,,717173056.0,,13893543.0,151146.0,1209271.0,7168316.0,3894.0,7891440.0,598.0,1302420.0,224310.0,1763045.0,23330.0,153.0,,5572530.0,43445584.0,507279.0,244295.0,10183520.0,1729124.0,1442.0,712092.0,331804.0,353646.0,1707035.0,929547.0,380.0,60239.0,769120.0,98760.0,977050.0,76328.0,2884101.0,3300719.0,1200694.0,11123851.0,367470.0,798522.0,52464.0,3587.0,1246602.0,10746739.0,304655.0,5526021.0,2226812.0,14961169.0,668935.0,52572928.0,1558575.0,32.0,504292.0,8438272.0,1504.0,528078.0,3382180.0,927238.0,1368570.0
2020,3043589.0,3124714.0,131310.0,1391.0,16595140.0,117720.0,23.0,16124302.0,764890.0,976402.0,537747.0,304350.0,1537675.0,4104826.0,12232598.0,1966050.0,82.0,321317.0,2374010.0,31763.0,1439926.0,23896714.0,31.0,1300.0,30094.0,322344.0,389559.0,15961700.0,144884.0,442145.0,97939472.0,1252824.0,2118581.0,4234770.0,34614.0,1013607.0,10183.0,27581.0,45183.0,204394.0,26510.0,1344870.0,6065200.0,9.0,117.0,1366920.0,211928.0,2889582.0,686820.0,3133242.0,477718.0,6069230.0,370120.0,10483828.0,951600.0,2884.0,8926700.0,168.0,30587.0,3038280.0,155776.0,1923045.0,3028055.0,,163201.0,191934.0,739890.0,385.0,1001243.0,,188423.0,0.0,399567.0,535770.0,323531.0,2337650.0,13104703.0,101113920.0,265640.0,8619971.0,3542401.0,1500.0,64372.0,3011730.0,1811.0,61457.0,1876807.0,15649544.0,2649087.0,583200.0,3439380.0,796157.0,2009.0,1052522.0,56280.0,243000.0,311427.0,,1149531.0,65328.0,1382440.0,25490.0,750000.0,4450087.0,780710.0,1805402.0,84.0,9555894.0,157971.0,6140158.0,0.0,7749232.0,2050.0,353118.0,2899338.0,310955.0,87.0,2009653.0,644908.0,308713.0,1199.0,10463546.0,18030022.0,407063.0,172280.0,279965.0,3435948.0,113345.0,13836.0,,,10960.0,,,731967424.0,,14083007.0,156442.0,1185905.0,7272792.0,3911.0,7466680.0,737.0,1333971.0,215830.0,1791825.0,22790.0,211.0,,5341510.0,44767340.0,510255.0,259567.0,9592120.0,1998542.0,1452.0,715486.0,333820.0,353654.0,1746183.0,987496.0,379.0,57853.0,747320.0,101510.0,993340.0,69699.0,2904822.0,3324147.0,1178372.0,12345496.0,367798.0,729894.0,47993.0,3784.0,1181379.0,11128065.0,299067.0,6680150.0,2491284.0,14986392.0,705725.0,53195328.0,1602008.0,29.0,593985.0,8163345.0,1515.0,554687.0,3668673.0,1486760.0,1445264.0
2021,2368118.0,3071555.0,134337.0,1185.0,16886800.0,116382.0,22.0,20047008.0,747450.0,988089.0,851908.0,310210.0,1639128.0,4254016.0,12521054.0,1956320.0,81.0,316742.0,2290616.0,31848.0,1482844.0,25002274.0,18.0,1500.0,23239.0,216926.0,354057.0,15240271.0,142099.0,467709.0,100162416.0,1311235.0,2152149.0,4365074.0,34328.0,1064816.0,10561.0,27581.0,36427.0,193388.0,26150.0,1345840.0,6053000.0,9.0,116.0,1359580.0,221838.0,1941867.0,734124.0,3145766.0,477145.0,6034580.0,367110.0,10154659.0,953790.0,3043.0,9325710.0,169.0,30111.0,3210819.0,159053.0,2058044.0,3245682.0,,107677.0,207450.0,770910.0,387.0,1070540.0,,158719.0,0.0,394321.0,519780.0,348407.0,2361650.0,12739861.0,101522008.0,274670.0,7950253.0,2023388.0,2400.0,124962.0,2978390.0,1898.0,66941.0,1868407.0,15785574.0,2676346.0,589507.0,3619624.0,797383.0,1679.0,969199.0,61310.0,243000.0,311059.0,,1239958.0,101095.0,1356510.0,26310.0,767800.0,4488575.0,901790.0,1730649.0,84.0,9431131.0,158923.0,6119493.0,0.0,8053305.0,2027.0,432747.0,2222573.0,246121.0,128.0,2111834.0,648083.0,324779.0,909.0,9718285.0,18408388.0,384553.0,169720.0,283168.0,3469359.0,113257.0,5628.0,,,10808.0,,,738059392.0,,14703100.0,154351.0,1207786.0,7369907.0,3880.0,7451270.0,865.0,1381214.0,209240.0,1649015.0,12268.0,392.0,,5356960.0,43460072.0,533146.0,185646.0,10017151.0,1906374.0,1447.0,1083487.0,321959.0,353635.0,1778300.0,994925.0,410.0,56869.0,717690.0,102050.0,983340.0,70794.0,3065229.0,3217982.0,1221064.0,12514861.0,383790.0,748186.0,84458.0,3357.0,1156495.0,10917931.0,260195.0,6951974.0,2217107.0,15650689.0,736394.0,54595016.0,1507228.0,55.0,543679.0,8121756.0,1529.0,576708.0,3493135.0,1565771.0,1322416.0
2022,2189504.0,3077676.0,132839.0,1052.0,18063980.0,109574.0,23.0,19546612.0,754950.0,966183.0,1163170.0,323070.0,1687377.0,4301063.0,12496558.0,1900660.0,82.0,207036.0,2288166.0,32777.0,1523612.0,27660582.0,18.0,1500.0,20703.0,283077.0,354293.0,15946200.0,142254.0,423377.0,99216912.0,1317437.0,2270949.0,4866113.0,34458.0,1036711.0,10928.0,19340.0,29803.0,150895.0,24930.0,1386000.0,6101400.0,9.0,115.0,1306950.0,232034.0,2907618.0,722700.0,3107546.0,477471.0,5832980.0,361830.0,10607482.0,952250.0,3594.0,9005010.0,170.0,30241.0,3155713.0,156846.0,2110527.0,3464843.0,,133802.0,193338.0,773280.0,389.0,1117459.0,,157121.0,0.0,396745.0,519280.0,320260.0,2247110.0,13217038.0,100990760.0,285660.0,8699356.0,1250350.0,3000.0,130670.0,3010620.0,2087.0,35477.0,1854215.0,16004351.0,2603863.0,588623.0,3499434.0,789402.0,1865.0,910959.0,55313.0,257000.0,312272.0,,1207727.0,113112.0,1335720.0,27730.0,774900.0,3722474.0,826184.0,1728661.0,84.0,9196992.0,156150.0,6157560.0,0.0,8083825.0,2054.0,385063.0,2435693.0,362903.0,89.0,2068915.0,638208.0,344772.0,426.0,10627065.0,18267128.0,402346.0,185400.0,280246.0,3457671.0,115655.0,6721.0,,,10929.0,,,735433088.0,,14010820.0,158231.0,1213332.0,7330167.0,3896.0,7196910.0,1078.0,1264709.0,198170.0,1906644.0,18996.0,106.0,,5189930.0,44650228.0,534338.0,213661.0,11326242.0,1896411.0,1447.0,778513.0,326454.0,353638.0,1732899.0,1007211.0,389.0,48965.0,711490.0,103550.0,953470.0,80867.0,2396243.0,3310037.0,1233007.0,12503333.0,376977.0,822262.0,88745.0,3126.0,1044569.0,11160186.0,278658.0,6573550.0,2813238.0,11602583.0,867659.0,50697492.0,1501020.0,45.0,499370.0,7975285.0,1567.0,543000.0,3384973.0,1243883.0,1527176.0
2023,2340211.0,3141276.0,135654.0,945.0,16293288.0,121528.0,22.0,18275968.0,742450.0,936377.0,778541.0,324650.0,2429628.0,4215867.0,12466498.0,1980470.0,82.0,192144.0,2065826.0,41522.0,1580956.0,29210868.0,15.0,1500.0,20211.0,158690.0,344610.0,16033993.0,141863.0,391262.0,99987256.0,1413839.0,2169003.0,5017653.0,34588.0,1151014.0,11361.0,20190.0,18758.0,142254.0,23600.0,1317200.0,6059800.0,9.0,115.0,1234540.0,230247.0,2907539.0,684219.0,3160027.0,477686.0,5444490.0,352150.0,10526584.0,908230.0,2237.0,8831520.0,170.0,30318.0,3088787.0,155638.0,2145055.0,3861262.0,,161065.0,189052.0,822260.0,390.0,1199195.0,,165725.0,0.0,410005.0,539590.0,310565.0,2405570.0,12689796.0,103299120.0,269360.0,8661544.0,1900509.0,3160.0,91082.0,3054290.0,2009.0,45557.0,1841210.0,16466249.0,2928050.0,597282.0,3863387.0,776099.0,2070.0,966190.0,55239.0,240000.0,309742.0,,1247195.0,177933.0,1344490.0,26730.0,763400.0,3795996.0,925199.0,2222098.0,84.0,8684694.0,153454.0,6285756.0,0.0,7459299.0,2065.0,363061.0,3333705.0,287398.0,129.0,2043825.0,615072.0,339089.0,298.0,10562506.0,18116278.0,350425.0,186050.0,283606.0,3334346.0,116464.0,7724.0,,,9446.0,,,738760320.0,,14636120.0,155285.0,1148876.0,7356944.0,3910.0,7188220.0,1094.0,1223642.0,189560.0,1533143.0,20698.0,121.0,,5169230.0,43171704.0,527326.0,232932.0,9267249.0,1940235.0,1448.0,1045605.0,318956.0,353642.0,1774288.0,1104151.0,393.0,49813.0,694170.0,106070.0,971160.0,71001.0,2688604.0,3226254.0,1290998.0,12544291.0,377259.0,800694.0,78894.0,3328.0,470329.0,11531027.0,264583.0,6521443.0,1620000.0,10634188.0,857114.0,55539764.0,1480604.0,45.0,515056.0,7995586.0,1553.0,543000.0,3319721.0,1561098.0,1569913.0
