Date,AFG,AGO,ALB,ARE,ARG,ARM,AUS,AUT,AZE,BDI,BEL,BEN,BFA,BGD,BGR,BHR,BIH,BLR,BLZ,BOL,BRA,BTN,BWA,CAF,CAN,CHE,CHL,CHN,CIV,CMR,COD,COG,COL,COM,CPV,CRI,CUB,CYP,CZE,DEU,DMA,DNK,DOM,DZA,ECU,EGY,ERI,ESP,EST,ETH,FIN,FJI,FRA,FRO,GBR,GEO,GIN,GLP,GRC,GTM,HND,HRV,HTI,HUN,IDN,IND,IRL,IRN,IRQ,ISL,ISR,ITA,JAM,JOR,JPN,KAZ,KEN,KGZ,KNA,KOR,KWT,LAO,LBN,LBY,LKA,LSO,LTU,LUX,LVA,MAR,MDA,MDG,MEX,MKD,MLI,MLT,MMR,MNE,MNG,MOZ,MRT,MUS,MWI,NAM,NCL,NER,NGA,NIC,NLD,NOR,NPL,NZL,OMN,OWID_CZS,OWID_ERE,OWID_MNS,OWID_PYA,OWID_SRM,OWID_USS,OWID_WRL,OWID_YGS,PAK,PAN,PER,PHL,PNG,POL,PRK,PRT,PRY,PSE,PYF,QAT,REU,ROU,RUS,RWA,SAU,SDN,SEN,SLV,SRB,SVK,SVN,SWE,SWZ,SYR,TCD,THA,TJK,TKM,TLS,TUN,TUR,TWN,TZA,UGA,UKR,URY,USA,UZB,VEN,VNM,VUT,YEM,ZAF,ZMB,ZWE
1961,8.6667,5.0,7.2134004,,10.211,,12.328501,19.780602,,3.7500002,,,,6.1491003,10.7466,,,,,4.8,5.6485004,6.3063,,1.8000001,16.096,24.300001,8.763801,9.9231,,2.8571002,5.7347007,1.6,11.367001,,10.0,9.876901,11.3,11.683201,,18.059,5.0,20.601301,7.1011004,10.6217,8.3942,16.9657,,11.8126,,,13.739401,2.0,16.099201,12.866701,22.4785,,,7.9412007,7.1210003,4.9708,4.5586004,,15.384601,6.8065004,6.0000005,7.2507005,24.873302,10.0,10.0,18.571402,19.1011,10.383201,5.9472003,7.8947005,17.6977,,7.1852007,,6.6667004,9.729401,,6.0000005,8.0,4.6667004,4.8734,15.000001,,,,10.0,,6.5455003,6.6386003,,,7.6908,2.7849,,9.6471,4.2636003,10.0,7.7500005,6.0000005,,6.1111,,9.0,3.5000002,28.0396,22.9302,5.6098,21.103302,,10.3961,8.0,5.9507003,10.0,,9.4965,12.215701,8.4676,7.4533,10.0,5.2875004,4.6388,6.7692003,16.034,10.833301,9.753501,3.2500002,,10.0,,7.6667004,9.560401,,5.0,8.571401,,9.0,5.7143,,,,17.630001,3.2076004,12.040001,3.8095002,7.9846005,,,3.6757002,7.0000005,9.5578,9.0,3.0000002,9.0909,,6.0415,22.2021,,7.9349003,13.333301,,5.6983,7.6004004,8.6603,9.7805
1962,7.6667004,5.0,5.4341,,8.2576,,13.983201,19.045101,,3.5714002,,,,6.0217004,8.3436,,,,,4.8500004,5.7792006,6.3025002,,1.4000001,18.2152,23.000002,8.3717,9.200001,,2.8571002,5.2543,2.2,11.620001,,10.0,9.754401,11.4156,13.4361,,22.508001,5.0,18.7106,7.3282003,10.0,9.2777,14.631301,,10.160401,,,12.9031,2.0,15.528901,13.873901,22.737303,,,8.2353,7.1705003,3.6154,4.8237004,,15.789501,9.012701,6.0000005,6.7041006,25.007402,10.0,10.0,14.285701,20.884302,9.4531,6.3567004,6.2644,17.0323,,7.1852007,,6.6667004,8.5016,,5.2000003,10.0,5.0,2.2422001,15.000001,,,,9.483701,,7.0833,8.236,,,7.6955004,2.525,,5.3111005,5.1667004,10.0,8.4116,6.2000003,,6.1111,,9.5,3.5800002,30.497002,18.246101,5.6098,21.064901,,9.8901005,8.0,5.9268003,10.0,,8.0218,11.4361,8.080701,9.275401,10.0,5.3635,4.7224,6.3333,12.9951,10.833301,8.779901,3.3333,,10.0,,8.333301,8.521701,,3.9993002,8.6667,,11.6667,6.6087003,,,,18.78,1.5898001,10.899501,4.2857003,8.333301,,,3.7037,7.0345,10.8766,8.3220005,3.0000002,9.1667,,4.4115,22.034601,,7.5837007,15.000001,,5.8152003,6.4992003,10.069,9.3213005
1963,8.1333,5.3191004,7.6758003,,8.769901,,14.7145,21.778002,,3.4409,,,,6.2676005,9.623501,,,,,4.8691,5.8451004,6.3008003,,1.6667,17.9741,26.500002,9.539901,8.0,,3.5884001,5.8900003,2.0,8.3091,,10.0,9.9876,11.2836,9.165701,,23.143902,5.3846,20.8267,7.5810003,9.2466,8.651901,16.7272,,12.3557005,,,15.9426,2.6667001,18.9265,14.276901,21.5449,,,8.0,8.112101,3.6923003,5.0941005,,15.384601,8.737,5.9091005,8.1477,23.750902,11.2903,10.0,12.6761,21.1047,11.359401,9.5486,7.8981004,16.3643,,7.0909004,,6.6667004,8.594901,,5.6000004,10.7692,5.0400004,9.192201,15.000001,,,,9.051201,,7.6667004,8.2763,,,9.065901,3.1422,,7.7778,4.8706,10.0,13.2686,6.4,,8.4615,,10.0,3.5000002,28.783602,23.5806,5.7143,19.911901,,12.964001,8.0,7.5241003,10.0,,8.453,12.276701,8.772,9.0692005,10.0,5.1727004,6.0296006,5.1905003,15.7986,10.833301,10.7231,4.0,,10.0,,8.333301,8.113,,2.5934,8.6667,,12.000001,6.6667004,,,,23.242,2.0346,8.981901,4.2857003,7.6667004,,,3.7037,8.285701,11.4286,7.4832006,3.2503002,9.1667,,4.9572005,22.971,,7.5491004,16.6667,,5.9259,7.7640004,11.676401,9.503301
1964,8.6,5.8824,9.0389,,8.3457,,13.836301,21.8247,,3.4043002,,,,5.8458,12.185801,,,,,5.1000004,6.0564003,6.2992005,,1.7333001,19.0517,26.800001,9.541,8.75,,3.9017,5.986,2.0,11.434001,,10.0,10.178401,11.076,14.1036005,,20.9811,5.3846,22.307302,7.0164003,7.0342007,8.340501,16.3852,,11.6488,,,11.9578,2.4490001,16.7369,12.3306,22.534302,,,8.0,9.3365,4.0588,5.3161,,15.625001,7.8610005,5.5833,6.2482004,20.6837,10.937501,10.0,11.971801,23.6022,10.744,6.6431003,6.7702007,17.7422,,7.037,,6.6667004,12.1997,,5.6000004,10.833301,5.0,5.9609003,15.000001,,,,10.3297,,7.1845,8.5401,,,7.0138,3.1272001,,8.5185,6.0219,10.0,12.102,6.0000005,,9.1667,,10.500001,4.3333,32.990105,16.4064,5.7813,19.853,,15.595701,8.0,6.9508,10.0,,10.993401,13.102701,8.158601,9.0733,10.0,5.8552003,6.8735003,3.7143002,16.9141,10.833301,10.4687,4.0,,10.0,,8.333301,8.2285,,2.2821002,8.75,,10.0,7.0000005,,,,21.3757,2.1667001,9.938701,4.3478,6.6667004,,,3.6965,7.9077005,11.7241,11.880901,3.4889002,9.230801,,4.052,21.244802,,8.295501,16.6667,,6.0309,8.3125,8.505701,13.381201
1965,8.8,5.7034,5.7544003,,12.217001,,14.5078,17.5672,,3.3333,,,,7.2386003,7.7830005,,,,,5.0,6.1598,6.4202003,,2.1000001,17.313501,23.100302,7.7219005,9.4118,,2.5556002,5.5556,2.2,11.463,,10.0,9.9995,11.1316,15.983001,,20.518803,5.3846,23.0659,7.215,8.1919,8.8941,18.0292,,11.071,,,17.2957,2.0833,19.5147,12.873901,25.335402,,,6.0000005,9.276701,4.2917004,5.6071005,,15.000001,7.1881003,5.7500005,8.4033,23.358301,10.6061,10.0,17.6056,21.533302,10.190801,9.2163,9.6341,19.0813,,7.037,,6.6667004,9.644701,,5.7692003,12.026901,4.1095004,3.1456003,15.000001,,,,10.47,,7.0588,8.1558,,,5.5540004,3.1426003,,9.037001,6.1818,10.0,9.280401,6.1818,,7.3333,,11.000001,4.3333,25.889803,23.4752,6.6512003,21.784601,,16.449402,8.0,6.4754004,10.0,,10.296801,12.6646,6.9435005,9.284901,10.0,6.2450004,6.3315005,3.8889,15.4293,10.833301,8.7781,4.0,,10.0,,15.000001,7.0388002,,3.0030003,8.75,,10.6,7.6667004,,,,24.847002,2.1538002,11.000401,4.3478,5.5000005,,,3.7037,8.242901,11.586201,13.0762005,3.4978,9.230801,,4.8302,23.587902,,8.402801,13.750001,,5.9804,7.76,9.8063,13.384201
1966,9.066701,5.7034,8.732201,,9.002501,,16.6577,22.0157,,3.0639,,,,8.1351,12.345901,,,,,4.98,6.6669,6.4151006,,2.0,19.1462,26.900002,10.5284,9.0,,2.4286003,5.4,2.8000002,10.0,,10.0,9.975901,11.5522,15.188601,,22.206001,5.3846,24.771902,7.2564,6.6768003,7.8261003,14.4606,,11.8083,,,15.751801,2.2917001,19.761803,15.980201,24.371,,,7.2000003,9.6828,4.0,5.5388002,,15.2381,12.2657,5.0,8.5094,24.761002,8.406301,10.0,8.735001,24.4811,11.114,8.2925005,11.914901,17.3187,,7.0909004,,6.6667004,11.3878,,6.8182006,12.7405,4.4945,8.680401,14.000001,,,,10.538,,7.2007008,8.515201,,,6.3861003,2.525,,6.931,7.5000005,10.0,15.868402,6.3636003,,8.0,,11.500001,4.0,31.5597,24.4297,6.5952005,21.133501,,13.398401,8.0,6.4976006,10.0,,10.4687,13.120401,9.6877,9.0235,9.965501,5.8867006,6.6889,3.8889,16.8897,10.833301,9.135401,5.0,,10.0,,15.000001,10.5638,,6.0316005,8.823501,,8.571401,8.1667,,,,24.933302,2.5240002,9.1942005,4.4,7.7778,,,8.0,8.5,11.6667,13.1378,3.6848001,8.6667,,5.5702004,23.540901,,7.6932006,15.000001,,6.4705005,10.8443,10.0,10.9512005
1967,9.8,5.8935003,7.2367005,,11.013801,,16.2525,22.781902,,3.0702002,,,,8.5298,11.416201,,,,,5.0501003,6.7450004,6.4815,,2.0,17.1774,29.600002,9.2938,8.950001,,2.7759001,5.3846,3.6667001,10.1266,,10.0,9.891001,11.6380005,15.189501,,25.380802,5.0,23.7091,7.0372005,6.3501005,8.267401,15.948701,,11.934901,,,13.6527,2.5,20.19,14.1386,25.113,,,6.8182006,10.620201,4.0,5.5814004,,15.476201,8.9336,4.7222004,7.4403,27.054201,12.085701,10.0,13.042001,21.1791,11.8246,11.904201,13.529401,19.8642,,7.0909004,,6.6667004,9.7461,,6.8182006,11.749901,4.5316005,7.8080006,14.000001,,,,8.5417,,7.3214,9.801401,,,7.1211004,2.7753003,,6.0000005,8.013801,10.0,16.3393,6.5000005,,6.6667004,,11.500001,3.6667001,35.0287,20.099802,6.9767003,27.7231,,14.8325,8.0,5.7591004,10.0,,11.458901,13.8416,8.515201,8.8211,10.0,6.2956004,6.6234,5.5667005,17.588501,10.833301,10.92,7.5385003,,10.0,,14.444401,9.6132,,6.5000005,8.6667,,6.6176004,8.200001,,,,25.612902,2.6366003,11.342901,4.4,8.0,,,8.004701,9.282401,11.7333,12.475901,3.8329,8.6667,,4.7171,23.4712,,8.2235,18.0,,7.4506006,11.790501,9.9048,13.062501
1968,10.0,6.0837007,7.2483,,9.843101,,15.636801,26.666101,,3.0172,,,,9.3601,11.8956,,,,,6.8091006,7.0855002,6.4982004,,1.7500001,19.468,30.000002,9.055401,8.900001,,2.2638001,5.3704,5.0,10.4938,,10.0,9.8571005,16.396502,15.277501,,23.910002,5.0,25.585402,7.0000005,6.8023,10.392301,16.770302,,11.896901,,,14.080601,2.459,21.3276,15.447901,24.6542,,,7.2500005,11.143801,4.0,6.1387005,,15.348801,8.915,4.5,8.441,27.396002,11.777801,10.0,16.4824,22.857101,12.4119005,7.5906005,5.8491006,21.567001,,7.0909004,,6.6667004,10.266401,,6.8182006,10.0526,5.1317005,9.7753,14.000001,,,,8.0,,7.1179004,9.7972,,,7.2795005,3.9398003,,8.1935005,7.0229,10.0,17.288801,6.6667004,,8.0,,12.000001,4.0,34.370003,23.975801,5.7447004,29.4307,,17.555101,8.0,6.3287005,10.0,,12.3098,14.3266,8.7006,9.3564005,9.9873,6.0843,4.8627005,3.4,18.488,10.833301,10.080901,7.8295,,10.0,,12.500001,11.1996,,4.5,8.6667,,7.1429005,7.2000003,,,,26.3897,2.5,11.3957,4.6000004,8.0,,,8.0204,7.0588,12.195901,11.1328,3.6625001,8.75,,3.5049,23.930801,,8.428401,17.0,,8.6758,14.394701,6.5955005,12.500001
1969,10.198701,6.2963,5.5738,,11.538701,,17.672901,26.121502,,2.8421001,,,,9.496401,12.200601,,,,,6.8048,6.8152003,6.3793,,2.0,18.9667,30.1002,7.9053,10.157901,,2.7175002,5.3929,6.0000005,10.562901,,13.333301,9.6345005,9.8072,16.200901,,20.799501,5.4286003,20.6762,7.0938,5.2466,11.025701,16.341402,,12.7156,,,13.39,4.57,21.5372,13.633301,25.050001,,,7.0000005,12.2233,3.9706004,6.4662004,,16.4444,11.346001,5.2000003,9.0113,26.335302,11.810801,15.000001,7.5678,23.7022,12.9811,10.2553005,1.9797001,20.152,,7.1429005,,6.6667004,10.7033,,6.4,9.6136,5.979,9.072401,14.000001,,,,10.7143,,6.9127007,10.353901,,,8.537701,4.7604003,,5.3704,7.0255003,10.0,12.523901,6.4898,,8.125,,12.500001,4.0,32.3716,26.2511,5.7667003,30.109001,,15.9231,8.0,6.7137003,10.0,,11.330701,13.465701,9.524401,10.9606,9.9518,6.1135,6.0851,1.0,16.529902,10.833301,10.414801,7.8980002,,10.0,,11.000001,6.7460003,,7.5000005,8.6667,,9.0323,7.0000005,,,,17.6744,2.3333,10.6155,4.6000004,8.0,,,8.0219,7.0115004,12.346901,12.096401,3.2341003,8.75,,6.1748,24.746,,7.8360004,14.833301,,8.6758,9.545501,9.333301,15.172401
1970,9.536401,6.2963,5.4693003,,12.3156,,17.576801,24.597801,,3.0909,,,,10.1253,12.141001,,,,,6.8947005,7.3940005,6.4407005,,1.8182,19.490402,31.500002,9.5436,10.750001,,2.5491002,5.4615,7.1429005,10.857301,,13.333301,9.442401,6.9798,19.461802,,23.189302,5.3333,28.685001,7.1875005,6.2542005,11.473801,16.9727,,13.355301,,,18.9002,6.7733,22.218401,16.693901,27.636002,,,7.0000005,12.902901,4.4118,6.8082004,,14.666701,10.4176,5.3846,7.8883,25.840902,10.9211,15.384601,8.1909,28.385101,12.805201,9.409101,19.818201,22.745302,,7.1475005,,6.6667004,11.3051,,6.8,10.4446,6.6547003,9.601001,13.333301,,,,9.821401,,6.366,10.545701,,,6.8787007,4.3685,,7.1724005,6.8966002,10.0,15.997701,6.6294003,,9.4118,,12.053901,4.0,35.6492,25.573803,5.7719,29.897402,,14.213701,8.0,8.147201,10.0,,12.001901,14.3478,8.9982,10.5176,11.2727,6.0287004,6.7463,6.6667004,18.4106,10.5263,10.727,3.0770001,,10.0,,9.400001,6.8549004,,7.0000005,8.4211,,9.0769005,7.0000005,,,,27.874302,2.6973002,11.1171,4.8,8.0,,,8.0247,7.4444003,12.3548,9.8148,3.8197002,8.823501,,5.635,25.560902,,8.6588,16.6667,,5.0002003,13.413001,8.466701,15.172401
1971,11.133301,6.2963,6.3302007,,10.965301,,20.0498,25.797201,,3.1589,,,,9.960701,14.0572,,,,,7.1959004,7.5958004,6.5000005,,2.0833,18.836302,37.7,10.4449005,10.476201,,2.4375,5.1724,8.0769005,9.840301,,10.0,9.6428,5.7752004,20.4462,,20.287601,5.3333,24.5772,7.0588,6.215,12.7355,16.344301,,12.354001,,,16.126501,2.3077002,24.877302,13.412401,28.895502,,,7.0000005,13.071501,4.2462006,7.1694,,14.583301,11.572201,6.8333,9.9755,27.6585,10.256401,12.024,8.2065,25.562601,13.722401,9.8266,14.862101,21.0026,,7.1429005,,7.5000005,11.3153,10.6667,6.8,12.013901,6.6336,9.9446,13.333301,,,,9.821401,,6.1387005,11.021901,,,7.2109003,4.603,,5.6364,6.8333,10.0,16.3516,6.4201,,5.5882006,,10.400001,4.0,37.3125,22.8117,5.5896006,30.065,,13.9427,8.0,4.2403,10.0,,11.737401,13.715501,9.069,11.3168,10.0,7.2632008,7.5718,7.0000005,14.9101,10.5263,10.1855,4.3333,,10.0,13.500001,12.8571005,12.334201,,7.0000005,8.4211,,6.9900002,8.172501,,,,25.0056,2.4193,12.280001,4.84,8.0,,,8.75,8.4421,12.426001,11.7256,4.2398,7.5294003,,6.2674003,25.5955,,8.321501,15.000001,,9.0155,11.018201,8.6667,15.333301
1972,10.394701,6.2963,5.3203,,9.109301,,20.3411,23.195501,,3.1273003,,,,9.8746,12.896701,,,,,6.2848,7.8515005,6.4516006,,1.6667,18.734901,31.7,9.255701,10.217401,,2.6027,5.1724,6.9231005,9.200001,,10.0,10.01,14.5703,19.209803,,23.640902,5.3333,25.099901,7.1429005,5.3450003,12.5460005,16.8901,,13.152101,,,15.065301,2.3077002,23.8771,12.5106,27.785402,,,8.6667,13.174001,3.8691003,7.5477004,,15.000001,12.372001,7.2941003,9.809901,24.2547,10.507901,10.0,8.146701,25.737402,15.203701,9.4671,10.9512005,23.2385,,7.1875005,,6.6667004,10.616,6.0000005,7.2000003,12.7108,4.7553,8.838401,13.333301,,,,14.000001,,4.8232,11.0994005,,,8.837501,4.6562004,,3.6429,6.7742004,10.0,13.665501,6.5596004,,7.7333,,9.6429,4.3333,37.488304,22.055801,5.7597003,30.646002,,15.812,8.0,5.8108,10.0,,9.840301,13.409901,7.6336,11.044801,10.750001,6.3240004,6.7632003,10.565201,18.3492,10.5263,9.998301,5.8750005,,10.0,10.6667,10.625001,11.747901,,7.0000005,8.1,,4.6667004,15.685701,,,,25.3216,2.5640001,15.3178005,4.86,8.0,,,8.410001,10.5263,12.643701,11.6481,3.9741004,9.747001,,4.5597005,26.3167,,8.483701,17.5,,11.3253,18.2432,8.6667,15.000001
1973,11.000001,6.4815,6.0902004,,13.099401,,19.687601,25.139002,,3.2284,,,,9.537001,12.0906,,,,,6.3118,7.0868,6.5079,,2.0,19.3155,36.4,9.3505,13.500001,,2.7406,5.3333,6.8966002,10.451301,,10.0,11.614201,9.9316,18.6937,,22.172802,5.1250005,24.5011,7.0976005,5.5950003,12.373701,17.9213,,13.639901,,,14.607,2.6024,23.1415,12.747001,30.303402,,,8.6667,13.678801,3.6871002,5.4535003,,14.000001,10.9357,8.0,8.8208,27.916903,10.688901,10.0,9.276901,29.377201,15.862301,7.0071006,4.0755,23.202301,,7.0270004,,6.8333,11.294401,19.0,7.2000003,13.140901,5.0226,7.8711004,12.8571005,,,,14.000001,,4.6934,11.595901,,,8.9364,4.9712005,,10.3824005,6.9355,10.0,16.9227,6.7143,,11.1111,,8.4375,4.6667004,36.8292,22.9596,5.7393003,30.094501,,16.754902,8.0,9.582701,10.0,,13.496401,15.2883005,9.3946,10.3562,10.4167,6.3997006,6.9448,29.866701,19.387802,10.5263,9.7867,6.2000003,,10.0,8.75,9.200001,8.870501,,7.2652006,8.1154,,5.4829,17.333302,,,,20.958801,2.4012,13.3063,4.6000004,6.5406003,,,7.0111003,7.4737005,12.2222,12.217501,3.6592002,8.830001,,5.4358,25.603601,,9.988501,15.000001,,11.384401,13.975,8.571401,14.705901
1974,10.963901,6.4815,6.7097006,,17.158401,,19.0375,24.255302,,2.9905002,,,,9.119201,10.9805,,,,,6.3403,8.6968,6.5015,,2.0,21.769302,38.7,10.8501005,13.000001,,2.8291001,5.3559003,8.1857,11.000001,,10.0,10.7073,8.1148,20.7122,,25.354403,5.2500005,27.9587,7.0476003,6.6107006,12.8606,17.7408,,13.984301,,,11.0568,2.0468001,23.873302,15.4348,31.6681,,,7.0000005,13.892901,4.0122004,5.4486003,,14.000001,12.590501,6.8011003,8.945701,27.8146,10.660001,8.333301,13.418,26.783802,15.699401,10.5535,6.3830004,21.239801,,7.0000005,,7.1250005,10.908001,13.000001,6.8,10.834701,4.9385004,8.4182005,12.8571005,,,,13.750001,,4.8144,11.073001,,,8.4631,5.4615,,5.7000003,6.7742004,10.0,17.168802,6.8571005,,10.0,,7.9412007,5.0,42.9177,28.5016,5.7253003,26.258303,,16.3157,8.0,6.4688,10.0,,10.149301,14.1281,9.747001,10.171401,10.7026005,6.4287004,6.2738,8.1333,18.0777,10.5263,9.8841,6.6153,,10.0,9.5,12.5333,13.270401,,5.478,7.1643,,5.4286003,17.1231,,,,27.000002,2.2054,12.457801,4.7200003,6.5322003,,,6.3,8.0,12.2973,11.2908,2.8654,9.05,,4.9726005,27.434502,,10.6451,12.000001,,10.654901,14.400001,8.75,14.705901
1975,11.441201,5.9259,6.9677005,14.7368,12.182401,,19.719002,22.8461,,3.2606003,,,,9.379201,10.592901,,,,,6.5323,8.653901,6.5152006,,2.0,20.735,36.584602,10.316401,11.571401,,2.6667001,5.6034,5.1200004,12.000001,,12.000001,11.5227,12.755401,18.564802,,18.719501,5.2500005,22.2707,7.0159,8.205901,12.6426,17.489302,,13.8716,,,14.012401,2.2082,23.068802,13.064901,23.4657,,,,15.323601,4.1455,5.4403,,14.000001,12.5381,7.2941003,10.598201,25.0862,10.0,8.4518,9.0071,32.929302,16.2315,7.3328004,10.910701,23.393402,,7.3053,,7.5000005,12.76,10.0,6.6667004,9.7222,4.6871004,7.0224004,12.973001,,,,10.0067005,,5.7754,12.1301,,,8.497701,4.3416004,,9.4651,6.6667004,10.0,15.204501,7.0000005,,10.0,,7.3684,4.1085,33.098003,19.020802,5.721,25.4712,,14.2411,8.0,4.0265,10.0,,11.211201,13.6232,7.6281004,10.455201,10.8863,6.5395,6.2079,1.2593001,17.9897,12.000001,9.4831,7.2279,,10.0,10.0,17.493301,8.904901,,6.6037006,2.6264,,6.0000005,18.150002,,,,19.9146,2.2180002,13.223001,4.0,9.944501,,,5.7273,10.0,13.9888,10.9736,3.1412,6.2606006,,4.6892004,28.502302,,10.7513,11.1111,,10.880901,14.833301,8.695701,15.1815
1976,17.878801,6.4815,7.4194,16.800001,14.1586,,20.842302,23.816301,,3.3636003,,,,9.4132,12.065801,27.000002,,,,6.3489003,9.504701,6.5672007,,2.0,21.973803,31.400002,7.8743,11.3,,2.6667001,5.5593,5.1200004,12.126401,,20.833302,11.655401,14.201401,22.0497,,16.3866,4.9412003,17.468801,7.1245003,7.0937004,12.104901,16.5491,,14.4798,,,17.9867,2.1429,15.3786,14.263201,21.5721,,,,15.661501,4.1077003,5.4223,,14.000001,12.0943,7.7000003,11.738401,24.9002,8.444401,9.6743,8.6475,32.411903,16.8372,7.4931006,14.7191,27.191301,,7.2766004,,9.0,11.6826,14.000001,7.1429005,9.677401,5.7481003,8.9547,13.0526,,,,10.358901,,6.1372004,12.312201,,,9.374901,4.8580003,,7.6596003,7.0000005,10.0,15.157401,7.1429005,,5.5556,,7.1429005,4.1153,30.195902,20.0817,5.8842006,26.152802,,17.552,8.0,3.3084002,10.0,,12.008201,14.312301,9.189,11.2213,12.670501,6.5939,6.0755005,4.0,20.255802,12.3810005,7.9761004,8.0275,,10.0,10.125001,18.533302,15.9136,,6.6036005,5.01,,6.0526004,18.300001,,,,23.2294,3.0943003,13.380901,4.4,2.5731003,,,5.3043,10.500001,15.3226,11.0762005,3.3308003,7.1520004,,6.4123,29.079401,,10.5596,10.256201,,11.4167,14.250001,9.0,15.0488
1977,10.5263,7.2727003,7.5484004,20.5405,15.887201,,21.507101,22.463303,,3.4545002,,,,9.503301,11.3183,27.333302,,,,5.2625003,9.6866,6.6176004,,2.0,22.5227,29.7,10.8128,13.2375,,2.6667001,5.4262004,5.0,12.3738,,17.0,10.567901,12.6043005,23.367102,,21.9626,5.0588,25.155901,7.2114,6.3036003,11.583301,15.756301,,14.606601,,,15.872801,2.3333,26.141,13.684201,28.538801,,,,14.635701,4.2123,5.4024,,14.545501,13.479001,11.2832,11.5731,28.6602,11.0391,10.9356,9.552501,33.178303,16.609901,8.0116005,11.031501,26.796803,,7.2511005,,9.0769005,11.1501,16.400002,7.3333,9.7826,5.9725003,9.3576,13.333301,,,,12.000001,,6.7784004,11.674901,,,7.6555004,4.7976003,,7.8246007,6.6667004,10.0,15.188001,7.0833,,5.1515,14.35,7.1111007,4.1241,34.3003,24.9866,5.1643,27.414303,25.333302,16.039902,8.0,3.8188002,10.0,,11.837001,14.656701,9.6317005,12.345301,11.122601,6.545,6.2053003,4.4,16.8871,12.444401,9.5321,8.3197,,10.0,9.25,18.1,13.744201,,6.6123,,,6.0256004,8.6146,,,,26.944801,2.0,12.7825,4.8,10.485801,,,5.2174,7.4692006,15.5556,11.361001,3.5204,7.9228,,5.1085005,29.129902,,11.4208,9.241,,11.687201,15.14,8.571401,14.633301
1978,13.7363,6.3636003,7.6774,18.3761,13.804201,,21.414803,24.619402,,3.5714002,,,,10.1503,10.6133,27.500002,,,,4.6989,9.530201,6.6667004,,2.0,22.689402,37.2,10.7987,12.7482,,2.5327,4.9048,4.6800003,14.093201,,16.6667,10.389201,18.910002,24.471802,,22.792902,5.0588,27.0762,6.8640003,6.4833,11.500001,13.933901,,14.4435005,,,16.833,2.5,26.926102,13.684201,34.241,,,,14.138901,3.8344002,7.1683,,15.000001,16.2346,8.795701,12.228201,24.467802,12.894701,15.027901,13.081,34.067802,16.4873,8.1394005,12.009601,25.885601,,7.5158,,12.500001,7.8172007,15.888901,7.7778,10.6061,5.5102005,10.1741,12.500001,,,,14.1,,6.0424004,13.2875,,,6.9168,4.8322005,,7.4615,9.1667,16.640001,16.5122,7.2222004,,4.5848002,15.000001,7.0833,4.25,38.5717,27.077402,5.3676004,25.556402,24.6667,18.1932,8.0,3.8074,10.0,,12.2300005,15.202401,8.3926,9.8543005,12.4223,6.8584003,6.3237004,4.3,19.769302,12.6596,9.458401,8.624001,,10.0,9.9167,20.900002,14.621501,,6.7986,11.2805,,10.833301,12.741401,,,,29.910803,2.0,13.614301,4.8,10.3613,,,5.0833,10.8247,15.277801,11.622801,3.7101002,7.9297004,,5.2468,29.718502,,10.943701,9.378301,,11.444501,14.02,8.888901,15.115001
1979,14.357501,7.2727003,7.6645,18.7111,15.470301,,22.9311,25.732302,,3.1604002,,,,9.4058,10.875501,25.000002,,,,4.4726005,10.5536,6.7143,,2.0,24.330002,36.300003,9.520401,11.1365,,2.4193,5.0,4.8148003,13.284501,,18.0,10.2988,15.372801,23.473803,,25.6846,5.0,26.6179,7.214,6.4925003,9.463301,17.060902,,15.893401,,,15.786901,2.7500002,25.955002,13.684201,31.867302,,,,15.3651,4.0480003,10.6448,,16.6667,14.4273,9.455701,12.5548,22.2441,12.9062,14.589201,7.6113,35.4622,17.895401,9.426801,14.879001,27.030901,,7.7551003,,13.000001,10.5768,16.6667,7.7500005,16.0,6.4539003,9.243901,15.000001,,,,14.200001,,6.0608,12.097501,,,9.1641,4.9311004,,9.9178,10.852701,10.500001,15.539201,7.2222004,,4.1429,15.000001,7.3077006,4.25,37.7718,23.665,5.4988003,27.1011,25.333302,17.5077,8.0,3.7064002,10.0,,13.0703,15.495501,9.202701,10.408501,14.0481,7.0045004,7.9848003,5.0345,20.311302,12.500001,9.4729,8.828,,10.0,10.0,20.560001,15.5361,,7.2226005,12.3946,,10.833301,14.140201,,,,30.737701,2.0,16.4064,5.2000003,8.9376,,,5.4545,12.500001,16.9822,12.337201,3.8996003,6.2381005,,6.4157004,30.344002,,11.521901,6.5215,,12.0746,14.204101,8.888901,14.666701
1980,14.8603,7.2727003,6.0613003,15.030801,13.941501,,23.3867,24.0431,,3.0000002,,,,9.5056,8.5979,25.000002,,,,4.6675,10.710701,6.6667004,,2.0476,23.173801,34.601,10.175,11.243501,,2.025,5.0,5.8133,12.159901,,16.6667,10.155201,17.2005,23.217201,,20.932802,5.0,25.0344,10.0128,7.7700005,10.6393,17.278502,,16.152601,,,18.0,2.6667001,28.924002,13.684201,34.490303,,,,16.6769,2.8646002,13.500001,,15.000001,14.997801,9.4224,12.152101,21.153801,14.4765005,21.4365,15.341001,34.2032,18.1196,7.4354005,17.2688,27.720402,,4.899,,12.500001,11.9308,17.2941,7.9070005,19.2857,7.0936003,11.2676,15.000001,,,,14.300001,,5.7008,13.283901,,,10.6573,10.0891,,5.1216,11.818201,10.0,16.5637,7.1053,,8.571401,13.333301,7.2727003,4.9629,36.412804,27.972502,5.4237003,28.003801,23.529402,13.804401,8.0,6.7996006,10.0,,9.6728,12.8008,8.5017,10.4545,15.092701,7.1969004,8.911401,6.7966003,11.26,12.400001,9.7606,3.1357,,10.0,11.000001,20.958302,13.763401,,6.7326,7.8846006,,12.500001,19.9541,,,,26.604101,2.0,15.5031,5.2000003,7.7625003,,,5.0435004,11.215,16.393402,12.170001,4.0892,6.9167004,,4.9762006,29.524502,,11.2486,9.2886,,12.258901,14.000001,8.888901,14.844601
1981,15.423701,7.2727003,7.1747007,9.9333,19.255402,,24.238901,26.3861,,3.6000001,,,,9.781,11.051001,25.000002,,,,4.8925004,11.1835,6.7297006,,2.1429,23.949001,42.601604,11.201701,10.279201,,2.5,5.0,5.5030003,13.168701,,16.6667,9.0323,16.9532,22.522501,,24.143803,5.0,29.0597,7.8286004,6.3716006,12.3913,17.8587,,15.961501,,,12.948501,3.0000002,30.515202,13.684201,32.314102,,,,17.0323,3.8168,10.375001,,15.000001,18.280302,7.1574,13.210401,19.0,15.591201,19.367401,12.623301,39.945103,18.7682,9.530701,18.4279,24.643301,,5.4952006,,12.500001,13.501801,16.8421,7.9545,15.5556,6.4647007,12.406,15.000001,,,,14.000001,,6.096,12.2475,,,7.0222006,9.829201,,8.5957,10.833301,10.0,20.7241,7.0000005,,5.4,10.0,6.7857003,5.0420003,39.071503,26.0147,5.6583,27.358803,25.000002,18.876802,8.0,5.0988,10.0,,10.542001,14.2523,9.5326,10.3763,13.015301,8.1801,9.693201,7.3696003,18.851902,11.9231,7.8652005,3.8610003,,10.0,19.1,20.480001,14.884601,,6.2485003,9.5146,,16.446802,16.6667,,,,29.400501,2.0,13.995601,5.2000003,9.9875,,,5.2727003,15.000001,16.6667,12.0416,4.2789,7.0000005,,8.2972,30.819902,,11.061401,8.0122,,11.973701,14.082001,9.0,14.611501
1982,15.511401,7.2727003,6.4872007,11.779301,17.775002,,25.4291,24.547201,,2.9167001,,,,10.171801,11.626101,16.75,,,,5.6480002,11.806701,6.7676005,,2.0909,24.524302,39.5021,10.871301,10.8898,,1.9454001,5.0,5.097,13.008501,,10.833301,9.2903,17.812,21.390802,,21.736902,5.0,35.615902,10.611401,5.6293,11.863401,18.5,,15.435401,,,15.373401,3.0000002,32.335903,13.684201,35.807304,,,,16.4677,3.6765,12.769001,,15.000001,17.3859,7.6697006,12.995701,23.235302,15.576401,18.507502,15.0526,42.372902,17.3237,9.2213,17.359901,29.676102,,6.5535,,13.000001,14.949701,17.5,8.695701,14.823501,7.1971006,12.464401,14.285701,,,,11.925,,6.8653,14.3816,,,6.7492003,8.5213,,10.0133,10.833301,4.0,23.0617,7.1250005,,6.8625,10.0,6.7797003,10.571501,37.4724,25.5146,6.1738,27.143303,23.750002,18.1832,8.0,5.7201004,10.0,,11.4006,14.1456,9.347501,10.5291,11.5453005,7.7795005,10.4033,2.6885002,14.671401,12.549001,8.6866,5.1705003,,10.0,2.6000001,17.12,16.101501,,6.6639004,7.3764005,,15.833301,13.7931,,,,25.525002,2.0,16.5286,5.2000003,11.8988,,,5.1818,11.316901,16.6667,13.591201,4.4684,7.0000005,,7.0753,31.254402,,12.7995,9.2797,,12.2433,17.7857,9.0566,15.120401
1983,15.764701,7.2727003,8.7742,12.3421,18.4317,,22.9811,24.9177,,3.6000001,,,6.0000005,10.2748,10.456,13.000001,,,,2.9259,10.8037,6.6667004,,2.0,22.614801,30.000002,10.179001,11.375401,,2.2209,5.0,3.6061003,13.6243,,6.4,12.000001,16.254301,21.9575,,18.240501,5.0,28.007502,10.203,6.3894,11.7418,19.026901,,15.185,,,17.748302,3.5714002,26.050001,13.711301,30.1795,,,,17.734402,4.8899,12.6667,,15.000001,15.947801,8.249001,13.5456,19.731302,15.096701,20.115402,5.0,45.2955,17.046902,9.9908,19.480501,27.899801,,5.3387003,,8.6667,15.5121,17.0,8.0,17.0,7.6367006,13.186501,14.666701,,,,15.738901,,7.7836003,11.499701,,,7.7053003,9.3161,,10.156301,10.0,5.0,20.2307,7.2500005,,9.9722,10.0,6.3333,10.5533,33.132202,24.4792,6.3002005,28.503502,26.6667,16.5741,8.0,7.7754,10.0,,12.0471,14.160601,9.4161005,10.0528,10.912701,7.6047006,9.690201,4.8857,15.529201,12.2222,7.6523004,5.9184003,,10.0,17.2,14.408001,19.454802,,6.1393,15.044201,,14.285701,10.7143,,,,23.261902,2.0,15.755001,5.2000003,14.216001,,,4.5833,15.789501,16.486502,11.4831,4.6581,6.9667006,,5.8452005,29.9754,,13.4776,8.131201,,13.315401,14.1833,9.0909,15.625001
1984,14.444401,7.2727003,6.2937007,12.744401,18.5606,,26.876802,27.5422,,3.7000003,,,6.0000005,10.4151,10.571501,15.000001,,,,4.6352005,12.5766,7.8858004,,2.1008,23.7766,39.8017,12.7338,11.654201,,1.7589002,5.0,3.7545002,15.422401,,25.000002,14.000901,15.625701,22.856401,,27.282803,5.0,36.095604,11.257901,7.2451005,11.6326,19.125,,17.208601,,,18.0412,3.3333,30.278303,13.636401,37.045605,,,,17.8136,4.75,12.4706,,15.000001,20.1975,11.248701,15.2988,24.3697,15.362501,16.5536,19.459002,38.6355,17.661303,11.657201,18.849302,28.3267,,2.9371002,,8.6667,16.802,17.25,7.3333,15.000001,6.2327003,11.459701,15.625001,,,,15.945701,,7.7651005,14.2628,,,7.0000005,10.1061,,12.989701,10.0,4.25,25.219501,7.0238004,,10.0,10.0,6.0000005,11.494801,41.697605,25.857101,6.5061,29.865303,25.882402,20.655901,8.0,7.5585003,10.0,,12.5205,15.581902,8.9691,10.281501,10.064,8.2911,9.768001,4.9592004,17.439402,12.142901,8.5621,6.715,,10.0,11.200001,14.124001,20.4802,,6.4988003,16.1142,,14.285701,9.7036,,,,32.5461,2.0,17.478302,5.2000003,10.471001,,,4.4167004,11.7391,16.8631,15.3731,4.8477006,7.7647004,,7.7589,31.1082,,13.871,9.3301,,22.186201,14.626901,9.1228,15.757601
1985,14.090901,7.2727003,5.6667004,10.0823,21.112402,,25.8465,27.6305,,3.6364,,10.1765,6.2158003,10.4186,11.027401,12.000001,,,,4.7099,12.5401,6.7500005,,2.3077002,26.270802,38.7979,14.452801,10.795,,1.3112,5.0172005,6.5150003,13.733701,,14.666701,14.501901,20.622002,18.0536,,29.325302,1.0,36.204502,10.5998,8.3576,11.567201,19.882002,,17.9112,,,17.9619,4.0,32.4458,13.725501,35.8585,,,,18.2857,6.3415003,12.444401,,16.6667,19.621101,11.524701,14.806401,20.7879,15.490601,17.021801,12.818001,37.7819,17.441101,11.3381,16.902601,28.6252,,6.1761003,,8.6667,18.490501,22.322601,8.095201,21.613901,6.8750005,12.500001,15.5556,,,,17.3719,,6.4647007,13.766201,,,6.5000005,10.724001,,11.0583,10.833301,5.0,27.036001,7.1429005,,9.9353,10.0,6.1429,14.2405,42.3394,24.2747,6.4107003,29.172901,22.2222,18.5512,8.0,8.415,10.0,,11.3,15.281701,8.5249,9.966801,10.189,8.386401,11.084401,7.2727003,17.443802,12.7586,9.194401,6.9200006,,10.0,9.6,14.071401,20.657902,,7.1064,20.174402,,14.285701,9.7038,,,,32.791203,2.1667001,15.577801,5.6000004,12.284101,,,4.2400002,10.7143,19.815401,17.329,5.0373,6.7200003,,7.4991007,33.3689,,13.278901,8.0051,,22.5694,15.939401,8.9552,15.882401
1986,15.866701,7.2727003,7.8571005,11.538501,18.841803,,26.848902,28.186302,,3.5593002,,11.458301,6.1253,10.1724,12.4355,14.800001,,,,4.8684,11.402,7.0000005,,2.3077002,25.273602,36.596104,15.0261,10.0,,1.3939,5.3804,8.7336,13.408501,,16.6667,19.7032,22.286802,25.208902,,26.258501,1.0,36.778603,13.034201,8.3971,7.2477007,19.575302,,17.268902,,,19.624401,3.7500002,31.082602,13.592201,35.8413,,,,18.545502,6.4358,12.421101,,16.6667,18.6627,12.0085,12.363901,20.295101,16.2456,16.0767,16.578001,38.155003,19.100302,8.815201,14.790501,31.3067,,6.3959002,,8.833301,20.3966,19.7576,7.7778,22.4121,6.8750005,11.300501,15.000001,,,,16.589802,,6.4681005,14.034801,,,7.7778,10.6671,,11.908201,11.6667,5.0,21.187502,7.2093,,7.2778,10.0,6.0526004,15.270401,41.073803,23.380302,5.0989003,31.136402,22.727303,19.3875,8.0,6.0755005,10.0,,13.680501,15.814301,9.379701,9.8245,17.522402,8.625,11.4715,4.8163,19.434101,13.103401,12.884701,6.2250004,,10.0,8.9091,14.0571,15.760001,,7.5774,15.4846,,14.285701,9.704,,,,31.041903,2.1667001,18.017601,5.6000004,12.4558,,,4.0,11.333301,20.4102,16.5717,5.2269,5.1579003,,6.3255005,33.054,,13.378,9.215401,,23.9619,18.0175,9.027801,16.0
1987,15.500001,7.2727003,6.3571005,11.718401,19.996,,27.6734,25.770502,,3.5750003,,12.000001,6.9947004,10.0535,8.643001,17.0,,,,5.7386003,13.236201,9.803901,,2.4138002,26.627,32.399002,12.5985,10.3056,,1.4513001,5.3724003,8.6308,14.261401,,15.000001,16.0,18.522402,21.9845,,29.2206,10.333301,32.341602,12.399401,8.419701,6.3087006,22.5601,,18.820301,,,11.7626,4.2857003,34.8837,13.592201,37.828804,,,,18.2959,6.5780005,12.6316,,16.6667,16.0083,11.523201,15.322101,23.003302,15.626501,15.867901,18.093,39.086803,18.764801,11.907901,26.183601,31.020401,,4.9603,,9.0,20.714602,22.2667,6.6667004,15.662901,7.6250005,11.662401,15.2174015,,,,21.714401,,6.4687004,13.4378,,,8.823501,11.052001,,11.8821,12.000001,5.1667004,19.5471,9.945001,,12.2222,10.0,6.0000005,15.3793,44.879105,21.579302,5.3171005,29.943602,25.000002,17.1866,8.0,8.725901,10.0,,12.1667,15.544701,8.155001,9.8149,16.9796,8.036,12.367701,4.6752005,18.7437,13.000001,13.094601,6.525,,10.0,10.0,14.0571,13.064701,,7.0667005,19.497501,,18.571402,9.5,,,,24.746502,2.1667001,16.9956,5.3571005,7.8410006,,,3.969,12.2078,22.1726,19.920101,5.4165,7.1154003,,8.347501,33.7394,,13.3306,12.482501,,12.3323,17.8246,9.0909,16.111101
1988,15.571402,7.2727003,5.0,21.0307,25.6686,,27.147001,30.229301,,3.65,,10.571401,6.6383,10.3381,9.785201,15.000001,,,,5.7469,13.2735,12.1951,,2.4138002,24.519302,41.000004,14.981701,11.510701,2.4762,1.7432001,5.3983,8.3913,14.813601,,17.0,17.8571,18.249302,20.5772,,29.717402,9.125,37.318,13.537201,9.209001,7.1216006,21.412401,,16.0571,,,19.0737,4.3333,36.621605,13.4615,38.074,,,,18.127302,5.7333,11.638901,,16.6667,18.5021,10.7266,15.869401,24.669102,13.692101,14.132701,10.2890005,35.830605,18.422901,11.611501,19.843102,30.200602,,5.0782003,,8.6667,19.685902,22.053802,5.814,15.433801,7.6970005,12.069,15.200001,,,,16.7286,,6.4679003,13.345301,,,8.75,8.621201,,7.8329,12.500001,4.8462005,19.0167,10.444,,11.6111,10.0,6.0274,15.202701,41.973804,26.1572,7.071,30.337101,25.000002,20.643301,8.0,9.200001,10.0,,10.050501,14.8356,6.8494,9.6911,17.5659,8.9243,12.280001,4.7692003,18.598803,13.103401,10.7187,7.6786003,,10.0,9.25,14.1015005,11.114201,,5.1909003,20.004402,,18.571402,9.5,,,,35.6339,2.1667001,14.2025,6.4286003,8.593801,,,3.3780003,11.1801,22.396902,20.897902,5.6061006,7.037,,7.3995004,31.726501,,13.1821,9.1636,,12.5631,16.400002,9.0361,15.945901
1989,15.263201,4.0,10.777801,20.6516,21.1882,,27.8547,26.0987,,3.3462002,,,6.4033003,9.786,13.761701,16.0,,,9.200001,4.9874,13.5867,12.000001,,2.6667001,25.1214,38.5,14.064501,11.002501,,2.1108003,5.4267006,8.404201,15.633,,14.661701,20.7001,17.1807,23.1144,,26.496601,10.0,36.9592,13.860001,9.6166,7.4318004,22.413502,,19.2952,,,21.904001,4.2308,28.5082,13.333301,35.826202,,,,20.500002,18.022802,13.2693,,15.000001,18.601002,14.259801,15.929001,22.4291,16.8667,17.470001,8.888901,37.840504,19.715801,11.6448,19.996302,29.9416,,9.430401,,7.3333,22.4122,21.922201,6.6667004,17.8472,7.4857006,11.9116,15.5172,,,,16.7062,,6.9666004,14.636001,,,11.6667,8.758,,12.320701,10.833301,4.8462005,21.2865,7.1942005,,10.8611,10.0,6.0241003,15.133301,41.531605,24.2294,7.8572006,30.333302,25.333302,18.604301,8.0,8.763801,10.0,,12.0181,15.353701,8.020901,10.0908,20.293001,8.7904005,12.092701,4.7692003,18.5048,13.333301,11.2681,7.2050004,,10.0,9.0769005,13.576,12.5783,,6.8171005,19.9957,,18.571402,14.537001,,,,34.9659,1.9887,16.3938,6.4286003,8.333301,,,3.3333,11.187501,21.7112,20.7912,5.7957006,6.9276004,,8.5786,32.4007,,13.2871,10.0179,,12.259901,17.568401,9.0909,15.789501
1990,16.8421,4.0,6.6667004,21.884602,20.2747,,28.9832,24.985401,,3.4836004,,,6.1985,9.141001,10.4986,18.6667,,,9.038501,5.1779003,14.108401,11.983201,,2.4509,25.099401,37.901703,15.030001,11.3166,,1.6142,5.4290004,8.56,15.273601,12.000001,16.129002,22.000002,12.027101,23.237501,,25.776402,10.0,37.4583,11.875901,7.8936005,7.1727004,20.5592,,19.6487,,,21.4976,7.5294003,29.079,13.679201,36.5161,,,,18.947,21.0685,11.31,,10.9308,17.077301,14.163701,15.7136,24.8971,16.920101,16.6681,8.5,34.199604,19.162401,12.2818,31.6802,30.673601,,8.8655,,7.7419004,17.5677,20.0,6.6667004,18.092701,8.0556,11.052001,17.6905,,,,17.1851,,6.9744,15.825601,,18.0,11.447801,9.426701,,10.7467,12.071,5.4628,18.109802,10.204401,,17.270802,10.0,7.0130005,14.375001,40.138,25.7507,8.060101,32.5,27.578901,15.406901,8.0,12.684001,10.3801,,10.910901,15.112,7.4745,10.400201,12.745401,7.8805003,13.821701,4.5,19.785301,13.278701,11.159901,6.7000003,,10.3801,9.6667,14.1448,10.9996,,6.7453003,19.8311,,14.551801,14.000001,,,,34.803402,2.0155,17.619501,5.9028,9.0,,,3.7170002,13.6478,22.4367,18.520802,5.9853,7.0000005,,9.5,32.8809,,13.224001,9.953701,,11.751,20.026302,9.0,15.897401
1991,16.641802,4.0,7.7818003,15.3627,20.5692,,28.535902,23.6372,,3.0872002,,,3.1314,9.9868,11.701701,20.6667,,,9.1538,4.9405003,14.0264015,8.3824005,,2.5714,9.663701,39.8785,14.224501,10.56,,1.6875001,5.4329,8.185201,15.665401,13.333301,16.4815,23.762302,13.3976,20.6732,,29.846401,10.200001,33.613503,12.381901,9.0747,6.8405004,20.2345,,19.467302,,,18.566301,8.571401,32.162502,13.7791,35.406803,,,,20.2182,20.7137,12.5228,,14.3141,14.4746,13.2721,16.254002,27.8537,18.568302,13.802901,10.0873,24.7922,20.011301,9.1380005,17.8241,32.280903,,11.3356,,8.9286,19.6725,16.6667,5.9831004,20.1527,8.1319,10.452201,15.625001,,,,17.194801,,5.5983,16.2351,,17.5,16.5421,10.0013,,8.8636,6.0925,4.6884003,19.741901,6.6730003,,14.940001,20.434801,7.0213003,14.1176,38.671104,22.748901,8.756901,34.666702,27.894701,16.1548,8.0,11.440201,8.2109,,10.7797,14.4171,8.876201,10.445201,18.417002,7.9465003,15.646901,4.4313,16.758902,11.459701,12.6513,4.984,,8.2109,10.0909,13.999001,7.973201,,6.8462005,17.535501,,16.844,14.4231,,,,29.161201,1.9352001,18.6145,6.0881004,8.333301,,,3.7987,12.941201,23.065302,18.654802,6.1749,7.1885004,,10.1741,34.0579,,14.2166,8.9905,,12.711401,20.018803,9.0909,15.7621
1992,16.6667,4.0,8.292001,14.058401,19.903902,11.1301,28.922,22.347,8.2701,3.3357,,,3.0175002,10.7931,11.8262005,18.800001,8.0,11.5326,8.888901,4.4055004,14.0432005,8.4711,,2.5826,11.817301,42.2849,16.403301,12.6146,,2.0500002,5.5556,8.2643,15.565501,14.285701,11.900001,24.857,18.031301,20.301302,,30.192802,10.2489,33.0083,8.628401,10.7917,7.7444005,20.9071,,20.1457,14.451401,,19.289402,8.4545,36.5434,13.796101,43.387,9.6256,,,20.432302,20.437101,16.875101,7.9015,14.545501,16.85,14.381901,16.029402,28.868803,17.470901,17.9167,11.200001,29.913002,22.6592,11.1138,23.5046,31.364502,10.5923,9.297501,13.308801,10.400001,20.9877,45.5714,7.0000005,21.0345,7.8947005,11.0108,14.864902,9.4916,,12.047501,15.1411,5.6205,5.656,16.817802,10.749701,17.7819,20.0,9.149401,,9.023001,12.545001,5.0,19.213402,13.597001,,24.396101,26.730803,7.0192003,13.888901,40.817303,26.772902,8.5916,32.717903,28.4211,16.2373,8.0,17.458302,8.264501,7.3364,,14.9846,,11.370901,15.762701,7.4276004,15.1196,4.5333,13.3086,12.0417,14.326,5.5972004,,8.264501,9.7727,11.901001,11.896201,11.370001,6.6731005,16.0109,,16.5079,14.444401,,,12.1,33.1543,1.9409001,16.9057,6.2357006,12.8571005,12.876901,11.6667,3.8000002,13.625001,23.6046,19.577402,6.3645005,7.2432003,11.8906,9.226201,36.253304,8.5115,15.321701,10.0895,,13.568901,17.8455,8.888901,15.625001
1993,16.6912,7.0000005,9.8446,5.6577005,21.0314,13.4416,29.0981,28.492502,7.8059,2.9800003,,,2.9036002,10.6787,9.080701,16.285702,8.507901,15.546301,8.888901,4.5668,14.609001,8.5598,,2.5833,10.767401,43.926105,14.594701,14.8697,,2.1111002,4.5687003,8.499401,15.454501,15.000001,13.6166,24.079102,16.958302,24.6287,23.3019,39.2539,10.500001,38.6777,9.8385,11.121501,7.4694004,20.7792,8.200001,18.3745,12.643201,8.004601,21.3516,3.5714002,36.007603,13.813201,41.579002,11.782001,,,20.248402,20.7,11.4676,7.8435,15.000001,13.31,15.8338,14.902401,26.342602,21.335901,17.473902,11.125001,30.504501,22.4567,11.939901,22.894802,30.485601,9.620001,11.749001,11.5902,11.333301,23.021002,45.7368,6.6515,20.3846,8.582201,11.2006,15.000001,14.541401,,14.5006,15.6153,10.2165,5.6429,16.8931,8.3856,18.0,21.497501,10.526701,,6.7528,12.6218,4.0,20.087502,9.094701,,17.4611,22.460001,7.0175004,15.000001,43.766304,24.960201,8.4268,45.1015,26.190502,,,13.1176,8.318001,5.9512005,,16.411402,,12.280901,11.404501,8.392,15.133401,4.7059,20.6004,11.485701,13.942,5.5972004,,8.318001,10.0,8.6843,14.895,10.860001,6.8053,18.288,,15.949201,14.150901,,18.146301,12.574,37.5096,1.9466001,17.687101,6.3833003,12.500001,12.049201,8.0,3.0028002,14.0141,24.2315,20.3692,6.5541005,8.0,13.6956005,8.593801,36.5091,10.615701,23.296303,9.558801,,14.056401,22.867802,9.0909,15.789501
1994,16.5942,9.0,8.1404,20.3736,23.016602,13.1195,29.427002,19.965,8.2623005,2.9453,,,2.7543,10.957001,10.507001,14.750001,7.0055003,11.823501,8.888901,4.7284,14.480201,8.6485,,2.5793002,11.244801,33.1744,15.380701,13.6546,,1.9869001,4.4949,8.4966,15.936401,14.9800005,11.55,21.204,12.951,18.0,16.0557,32.951202,10.487901,34.837803,12.158901,9.5078,8.1368,20.4487,8.0901,19.233902,14.0959015,7.9545,19.879501,9.2727,33.5302,13.830201,39.9956,12.3708,,,20.047901,20.824802,10.749401,8.4888,14.650201,12.7672,15.647401,16.6101,30.000002,21.301601,16.636002,13.93,35.589,23.3775,14.305201,18.4246,31.210701,9.573901,9.7108,9.0906,10.900001,22.490803,40.4672,6.6667004,23.426802,11.6667,11.010401,15.5556,9.411201,,12.996301,17.6522,7.5521007,5.8442006,19.084501,9.8443,18.200901,22.857101,9.1366005,,6.9231005,12.698701,5.0,17.5716,8.5376,,18.947401,20.653101,6.9767003,14.7368,41.450302,23.0846,8.753901,43.878605,27.750002,,,14.419901,8.3715,7.4690003,,14.855401,,13.317101,16.2836,9.3738,14.579201,4.375,13.5853,10.4182005,14.495001,5.9377003,24.097801,8.3715,9.818201,11.562501,11.852501,10.250001,6.7588,18.946802,,15.454501,14.0741005,,9.669001,17.268002,32.217804,1.9523002,17.0494,6.5309,13.333301,11.1667,2.3077002,1.4222,11.7318,22.918901,20.318302,6.7437005,8.3636,10.544901,9.3306,37.9868,10.700001,16.2784,9.5,,13.698001,23.2625,9.0,15.897401
1995,16.6187,7.6942005,11.1323,18.8483,27.4272,13.1196,29.818302,26.7949,9.745001,2.9691002,,9.0,2.7577,11.1665,11.661701,16.6667,7.1179004,13.1092005,8.8261,4.8392005,15.230401,8.737201,,2.5730002,10.785901,35.2941,15.22,13.3813,,2.0588002,4.6103,8.986701,16.1991,13.9818,14.400001,19.875101,21.294601,23.636402,17.081501,31.405901,10.568001,33.9644,10.3563,13.676801,7.1719003,21.124401,8.003201,18.999,14.559001,7.8889003,22.1053,8.5,34.7354,13.847001,37.450302,15.228401,,,20.0585,20.7,10.807501,10.4158,14.3591,15.775001,16.5939,16.272001,27.589302,21.249,16.0385,9.155001,34.0884,23.289303,14.412901,19.233002,32.3558,8.4589,9.6575,9.8531,10.0,23.743301,40.586304,6.5263,23.877401,16.5267,10.9931,15.629901,12.799201,,11.4701,16.630402,6.7639003,5.6853,19.9803,11.098701,18.180601,23.000002,9.4827,,8.349,12.7755,4.7860003,19.846,5.8002005,,19.257101,17.078901,6.9853,14.473701,41.005604,22.235802,8.5926,45.032104,28.000002,,,13.536201,8.4251,8.573901,,15.325601,,13.9418,16.2703,9.781701,15.902701,4.7059,16.3505,9.688901,14.846201,6.0102005,29.478502,8.4251,9.1667,15.000001,12.360801,11.77,6.885,19.6769,,21.383303,14.000001,,11.355901,18.991001,30.679102,1.9580001,20.476902,6.5826006,14.000001,27.900002,5.2500005,0.90340006,13.705901,23.7707,19.712502,6.9333,8.04,9.623301,10.0603,36.2537,9.5839,16.5627,10.0,,13.5683,25.763401,8.888901,15.789501
1996,16.6429,7.0000005,10.6138,20.9902,22.887701,12.9626,31.285303,29.199701,10.1359005,2.9736001,,9.217401,2.8605,11.2741,8.0623,12.500001,8.4512005,15.1328,8.851901,4.9784,14.6506,8.825901,,2.5676003,11.232301,48.7219,13.89,14.196001,,2.9086003,4.6329,8.7235,16.125502,13.8596,20.9545,21.8054,26.569502,24.986301,21.0042,39.0096,10.6371,36.75,9.8893,13.462901,8.491301,20.204802,7.9592004,21.191902,14.1758,7.8261003,22.002901,7.9983,36.175102,13.8638,40.744102,12.153201,,,20.057802,20.962902,12.9053,10.1625,14.000001,21.2007,15.8631,16.991302,30.1646,21.916601,17.7576,12.458901,45.4382,22.4667,14.6076,25.756401,29.970901,8.834701,7.5918,11.430201,10.200001,22.816101,40.5493,6.6000004,24.149302,18.727303,12.7136,15.730501,16.3152,,13.7471,19.047302,5.6610003,5.7166004,20.457,11.132501,18.234802,25.6,10.455901,,6.6381006,12.682501,4.8046002,19.593,9.029301,,18.3917,15.9195,4.9500003,14.473701,43.681103,23.132101,8.475,45.020702,22.156902,,,11.7433,8.4786,7.7265005,,16.504501,,13.479501,16.195501,10.062901,13.223201,4.2535,20.2826,10.625001,14.580701,6.1267004,25.374401,8.4786,10.400001,12.920001,13.9763,11.440001,5.5823,19.670101,,20.0,16.039202,,19.020802,19.300001,32.8115,1.9637,19.734901,6.6159,17.1249,10.77,8.387401,0.90340006,11.946901,23.575602,22.1511,7.123,6.0000005,11.8859005,10.941701,39.2447,11.5937,17.286001,10.0,,12.844401,26.105402,9.0909,15.659301
1997,16.7857,6.8571005,10.987401,20.1296,26.8502,10.936201,31.305601,28.8325,8.2711,3.2397,,9.9211,2.3981001,11.2551,10.453701,16.0,9.0133,9.9173,7.8276005,5.1632004,15.2748,8.9146,,2.5549,11.1195,45.9163,16.4412,14.9603,,4.017,4.6330004,8.7371,16.2924,13.846201,20.4167,24.013401,19.1462,11.6429,19.300001,38.405502,10.545701,39.615402,9.2123,14.104201,8.9626,21.8355,8.0769005,21.681501,12.4153,7.8261003,22.713902,8.030201,39.7848,13.880401,42.965603,12.089001,,,19.1769,21.221302,13.2906,9.812301,13.365801,17.934101,16.2061,19.391302,25.934101,20.810402,15.447401,10.6963005,31.5982,22.2609,14.739201,23.5587,30.892502,8.407801,7.0425005,12.063601,10.8,25.015501,40.560402,7.7329,22.000002,17.325302,10.2773,15.957401,15.097401,,13.5948,17.8706,6.3213,5.7377005,20.852001,11.706401,18.2992,26.995302,10.4683,,8.2881,12.390901,5.0,21.5755,9.576501,,11.6667,12.412801,4.9048,14.000001,44.319103,26.234303,8.982,44.5545,22.857101,,,7.6990004,8.532201,9.2696,,16.015902,,11.229501,21.836,9.6703005,13.6675005,3.5000002,15.902501,10.0,12.394901,6.1794,24.197,8.532201,10.1429,18.0,12.6636,11.1394005,5.4673,17.3596,,18.75,13.9286,,15.517901,20.4781,33.901104,1.9661001,14.7973,6.7667007,16.6699,10.028901,10.713401,1.0922,12.565201,24.1821,24.0321,7.3125005,6.4286003,10.587501,15.088501,38.6777,12.0122,17.9947,9.7222,,12.725301,28.2105,9.0,15.4938
1998,16.7857,6.2872005,12.721201,18.937302,29.374401,13.440901,32.229202,28.306402,9.525901,2.595,,5.4,2.4321003,11.397201,9.4041,16.0,8.419201,10.8971,10.6341,4.4809003,15.643901,8.909401,,2.5526001,11.2271,40.337105,14.048501,15.889601,,5.3312006,4.6316004,8.8526,15.460201,13.9706,15.294101,23.291801,16.952301,18.412302,21.150501,38.1394,10.570001,40.443302,9.1,16.0256,9.218401,22.3302,8.333301,23.438803,9.714701,7.6042004,18.0091,8.0743,37.3559,13.8968,39.1347,10.6323,,,20.2472,21.325,12.969401,10.237801,12.705901,21.804201,15.343201,14.602,26.0541,21.0842,15.5263,12.1118,38.715103,24.341803,14.7897005,21.9636,30.760801,7.6679,7.5177007,13.065701,10.2941,24.169302,28.3472,7.8611007,20.0,18.0,11.125401,16.0,13.5771,,11.804401,19.0427,6.0090003,5.7377005,20.4955,13.383,18.333302,20.256302,10.2591,,8.0276,12.2951,4.8,17.604801,10.477401,,13.478701,16.991302,4.6522,13.500001,41.488102,26.841803,8.466401,35.211304,25.000002,,,8.036301,8.585701,8.5431,,15.869201,,13.6186,16.1756,9.788701,12.834001,4.1667004,20.0375,10.575001,13.7551,6.1921005,27.375902,8.585701,10.333301,16.0,12.830201,9.7102,6.4088,18.0428,,16.2731,21.5536,,14.3288,21.2682,35.575703,1.9613001,22.197102,6.9124002,12.347301,10.4926,12.866501,1.0370001,13.785001,25.889002,19.8797,7.5021005,6.4,10.180401,15.753201,38.441902,12.639901,18.1292,9.848401,,12.5821,30.7667,8.888901,15.263201
1999,16.7857,5.4597006,14.2018,19.4667,23.893803,13.0618,32.126503,30.704401,9.5214,2.4393,,3.5000002,2.2,11.281,10.847501,10.0,8.9746,11.333,10.767401,5.5814004,16.460402,7.925,,2.5424001,11.051701,35.225605,16.4507,12.699901,,6.0031004,4.6330004,8.914901,16.162,14.444401,15.811801,21.8862,24.6585,23.750002,19.688402,37.4989,10.6022005,39.5507,11.052401,15.353201,9.307701,23.291502,8.0,24.742102,12.9807005,7.6546006,24.492302,7.3279004,39.736103,13.913001,40.1515,13.0003,,,19.905,21.5496,10.519,10.9779005,12.2222,21.242302,14.719901,17.5712,31.942902,21.345802,16.4972,12.875701,36.8307,24.184301,15.708201,25.897303,30.327501,10.753201,9.141001,14.951301,14.066701,24.5256,28.1961,7.5916004,19.027,24.991001,12.5207,16.3462,14.104901,,15.878201,18.3361,4.9579,5.9388,22.351902,12.5936,18.575201,20.3444,9.6796,,7.2824,12.5411005,4.6667004,23.9781,11.2207,,10.851901,10.120001,2.7951002,13.333301,46.283302,25.6262,9.259901,41.666702,30.000002,,,7.5027003,8.6393,8.1604,,15.1146,,16.541302,16.0694,11.251301,12.129701,4.2857003,15.717001,7.8770003,15.648201,5.9957004,31.392101,8.6393,9.333301,18.0,14.495701,9.6526,5.9083,25.0876,,15.746,21.0286,,14.328501,19.7257,30.195303,1.9643002,20.0372,6.7500005,13.0776005,11.7128,14.814501,2.5307,16.410301,27.2975,21.1961,7.6918,7.0156,8.2026,16.3866,40.236603,13.5629015,19.272802,11.785701,,12.660901,31.5545,9.0909,17.233501
2000,16.7857,2.9885,14.122801,18.135,27.756601,8.7349,28.4527,29.262701,8.9357,2.467,44.405804,5.7824,2.1233,12.0591,7.526201,10.333301,6.5466003,13.188801,10.7478,5.7531004,17.181301,7.0968003,,2.5641003,11.631401,42.436203,16.4821,14.031901,,5.9044003,4.6330004,8.998,12.818001,15.384601,16.25,23.119501,27.4435,18.0,21.330002,43.3437,10.7508,42.4863,14.2405,16.614302,5.6332006,23.593102,6.9208,25.919601,15.265401,7.7000003,24.385101,7.6508,39.5987,13.929001,39.9759,8.8911,,,20.722801,22.4631,16.3204,8.4883,12.000001,18.4736,13.375901,18.644302,33.6889,21.6629,14.064501,14.453701,34.4347,25.069502,14.104201,26.429302,30.634201,10.6383,6.1770005,15.154301,12.307701,23.9545,28.2245,6.2264004,21.317802,20.0,13.2921,16.4151,16.3916,33.6043,14.563401,18.019302,5.0553,5.8269,23.942001,12.4516,18.6416,19.612501,10.7628,,7.4727006,12.656901,5.0,22.2556,11.4561,12.500001,10.818201,10.8103,2.8255002,12.500001,45.654804,23.589,9.6436,42.315502,26.1032,,,7.2834,8.677901,6.61,,16.2238,,16.9078,13.0801,11.504001,12.2823,4.6667004,19.3762,9.9468,13.8196,5.2727003,30.439901,8.677901,8.6667,25.308601,12.3276005,10.4698,8.783,26.2035,,11.162801,23.12,,15.4743,20.795,29.787601,2.0,21.278101,7.2765,13.0776005,11.9046,17.616302,2.3333,14.009701,26.3762,22.297,7.8814,7.0294003,12.1632,12.407401,42.716103,14.005701,17.2087,11.2751,,12.377901,31.6536,9.0909,17.698902
2001,16.7857,4.2552004,14.881801,22.4971,28.376802,11.461901,32.863304,30.039402,10.977401,2.4933002,41.2267,2.0,1.5852001,12.916301,12.3921,11.000001,8.7995,12.213201,10.4951,5.6778,18.4997,7.7143,,2.4772,10.2703,37.5698,19.1735,13.6826,,5.1674004,4.6333,8.7808,14.374201,15.000001,16.1905,26.515501,26.050701,21.172401,20.881802,40.775803,10.883401,40.3828,18.382101,14.7018,9.7253,23.873901,5.8050003,25.992601,15.524901,9.2222,24.4267,7.6686006,37.438503,13.9448,40.297,11.559701,,,20.4626,36.7969,17.070002,10.2106,12.941201,25.049902,14.849501,18.3627,33.3986,19.9689,16.3947,14.2075,34.7647,25.091002,14.463401,26.924501,31.817202,13.2897005,9.1596,15.822101,13.070701,24.4472,28.335302,11.333301,21.596601,19.5,13.5718,16.2963,10.2868,31.021803,11.167001,18.774,9.021001,5.9661,23.779902,13.307701,18.571402,14.211401,11.0338,,6.5507007,12.7716,5.1429,20.988401,13.537001,12.903201,10.7657,9.104501,2.8255002,12.8571005,43.410603,26.287802,10.182401,44.587105,32.617,,,7.8632007,8.768701,10.849501,,15.716801,,16.418001,20.617,11.4862,12.404401,4.5375004,16.227001,12.0831,14.972501,5.4257007,31.144402,8.768701,8.0,23.237001,14.476901,10.841201,8.622201,24.0917,,15.746,22.987803,,12.349201,19.046803,28.694601,1.9900001,21.3451,7.5149,12.090401,13.26,18.3518,2.42,15.493001,25.040901,18.5981,8.071,6.9589005,10.8079,14.649301,40.1803,14.653501,17.6031,10.531701,,12.040201,31.1961,10.702401,18.183
2002,16.4286,4.2754,15.386801,20.2949,25.1347,12.281401,35.135803,30.383202,12.113201,2.5552,47.147503,2.0,2.0527,12.601001,12.089401,19.0,9.3282,13.492201,7.4881005,5.7170005,19.403801,7.5267005,,2.4071002,11.165201,39.093605,21.2397,15.037701,,3.9452002,4.638,8.998,15.637701,14.080001,15.862901,26.1716,25.768902,25.984303,23.5121,39.122604,11.020801,39.906605,16.637001,18.377401,4.8788,24.0382,6.1120005,27.946001,13.159901,10.487201,26.177902,7.6897006,42.3804,13.9603,44.088604,11.361501,,,19.3885,33.5861,16.554302,11.389201,12.750001,22.1222,15.590301,19.417301,33.6753,22.6573,17.0047,11.000001,32.739403,24.0997,14.859501,30.078201,33.413002,13.9278,7.7113004,23.786901,13.240201,27.000101,28.268803,12.069,23.497002,19.5,13.4206,16.2675,15.436501,29.918201,14.3358,23.198502,7.2206006,5.9621005,23.755802,12.988701,18.0046,23.902802,10.9645,,5.0707006,12.884601,5.1282005,22.0116,12.6773,13.043501,10.8,15.922001,2.8438,13.2558,44.568604,25.614101,10.9018,45.118202,30.908,,,7.8274,8.947401,10.127701,,16.464401,,16.4486,22.514902,12.1751,12.5867,4.5171003,19.322,9.515201,16.164202,5.602,30.213001,8.947401,7.5000005,20.851402,14.440101,10.278201,8.3133,22.864801,,25.830502,23.601301,,18.585701,23.332201,28.7905,2.0,21.293701,7.7518,12.071701,15.802201,21.9335,2.3315,14.039901,26.2966,22.994001,8.2606,7.0000005,10.437401,12.939901,40.566902,15.893701,17.898201,11.7585,,11.957201,32.4147,11.718,18.6846
2003,16.6667,4.5212,15.1301,26.274101,27.9269,15.719401,34.7438,26.5287,12.960401,2.5703,42.531803,2.4286003,2.0,13.8021,15.131201,18.0,7.0863004,16.435001,6.0633,5.7126,20.3425,9.827901,,2.3306003,11.842401,33.731003,19.530901,15.0576,,3.5061002,4.6330004,8.931001,16.436,13.311401,15.874801,25.354902,23.971,23.135502,18.9681,34.5177,11.1625,39.119102,18.362501,21.203701,7.4938,24.615002,4.34,26.359303,14.3933,9.334901,21.5122,7.7103,40.3608,13.975401,40.813805,11.656301,6.3371005,,20.666101,22.573301,18.1102,5.9440002,12.714401,18.5869,15.3206005,17.3208,34.380302,24.303303,17.0146,8.8625,25.7241,21.77,14.9111,32.2349,33.246605,13.905701,9.672901,15.720001,13.5338,24.6501,28.2551,15.000001,21.726002,19.5144,11.3708,16.2863,15.440201,29.420502,13.534801,21.7772,7.8698,5.1036005,25.4312,12.3802,17.368101,20.197601,12.099001,,9.342501,13.016901,5.1077003,21.0187,13.0916,12.903201,10.620001,4.6929,2.8851001,13.181801,40.775303,25.1647,10.924601,45.7415,27.863,,,6.6866,8.823501,8.141001,,16.447601,,16.802801,22.9295,12.185401,12.615901,4.4444003,17.9316,10.8085,16.081001,6.4,29.7747,8.823501,8.0,20.185001,14.0036,11.6696005,8.208401,23.229301,,12.921801,22.7674,,15.267701,15.750901,28.064802,2.0,19.6606,7.9856005,13.0052,18.213402,22.0846,2.1547,13.9013,27.257301,25.093,8.2208,6.9625,11.628301,16.2745,41.098503,16.959301,18.909801,10.6935005,,11.9616,32.9964,14.000001,19.3164
2004,17.6471,2.015,14.9346,26.259302,28.8717,16.150902,36.2787,31.6117,14.141601,2.6137002,48.395504,2.375,1.8849001,14.4313,18.685501,18.0,10.3295,19.545902,13.6981,5.6423,21.3525,13.8521,,2.0303001,12.363001,39.497604,19.210402,15.708501,,3.1159,4.6331005,8.8542,15.819901,14.601401,15.833301,24.4357,26.399502,24.470303,23.9561,44.175602,11.307901,39.7415,17.960001,20.358501,7.1587005,24.444302,6.4,27.159903,10.3416,9.859501,22.6886,7.76,45.416203,13.9903,42.478104,11.3481,6.1356006,,20.263802,25.580402,17.2745,15.399701,12.777801,25.321001,16.387001,18.809101,41.518803,24.216002,16.2581,16.0,35.4899,25.1485,15.634601,36.5455,33.0734,13.448501,8.4401,15.9938,13.820001,25.5597,28.207,15.000001,25.550402,19.5,14.803301,16.3505,12.8802,35.0299,12.8507,24.165,9.192,5.6139,24.2399,14.2143,16.395401,20.711802,12.909801,,8.832701,12.9868,5.1546,18.5272,12.0873,11.057901,10.615401,10.4545,2.9512,13.333301,45.6832,27.943,11.4898,45.1264,27.6786,,,7.1010003,8.6625,10.987201,,17.510601,,17.667301,22.4732,12.1901,12.7536,4.5167003,19.6266,10.8571005,16.993502,6.3290005,29.885801,8.6625,8.0,18.1467,16.654001,11.598901,8.040701,26.0589,,14.9835005,28.878601,,15.763501,25.0951,30.914701,2.003,19.8412,8.2128,14.322401,18.3006,22.212402,1.9077001,15.495901,26.873201,23.994001,8.1863,6.9036,13.3386,15.9905,43.8152,17.179302,18.573,10.7353,,11.734301,34.608105,13.390401,20.077002
2005,15.000001,2.3646002,16.7061,26.259302,28.3917,16.445902,34.4117,34.398502,15.321501,2.5483003,42.813503,,1.9329001,14.880501,15.6448,16.3864,11.090501,17.7299,11.4176,5.6699,22.0095,9.144401,,1.8861,11.5053005,38.745003,20.060001,14.522902,,2.5900002,4.6329,7.6786003,15.195401,14.605401,15.724401,24.3595,25.422201,24.636501,28.083502,41.9798,11.456401,39.410004,22.076601,21.6267,6.9668,25.082602,7.9311004,26.984402,15.027701,7.2801003,25.699001,7.7778,42.222702,14.004801,43.515305,10.8613,6.3193,,20.068,26.840302,16.1908,14.4638,13.000001,25.877602,16.401402,18.890802,34.678,25.469301,15.843101,18.400002,35.3927,25.081902,15.6141,35.4944,31.634102,15.013501,20.0,15.037001,12.500001,27.322601,28.253502,15.000001,25.959402,15.762901,14.162201,16.3967,12.098701,31.791101,14.594201,23.809002,10.544001,5.8561006,25.9662,14.4771,19.4956,23.8024,13.524701,,8.4801,13.134001,5.1163,21.3306,9.0371,11.3065,11.0933,10.230801,2.9846003,13.4783,43.442303,23.052301,11.8458,46.0829,28.4211,,,7.3370004,8.8576,11.561901,,16.940302,,18.0795,20.0517,12.458401,12.7633,4.5,17.629301,10.894701,14.728201,6.2353,30.574501,8.8576,9.4575,14.930201,13.1035,12.380901,9.6891,24.3565,,13.653601,22.122002,,15.7672,22.9486,31.107002,2.0,20.623701,8.4316,15.1076,19.6227,21.9851,2.0,12.360401,26.7197,23.8861,5.1672006,6.8023,12.8388,18.933,43.730305,18.5541,18.3026,10.571401,,12.693601,33.3534,14.4245,20.8439
2006,15.000001,5.2148,17.074501,26.259302,28.582802,16.3418,35.4317,29.864101,14.949701,2.6176002,38.5452,19.818201,1.9165001,14.384801,15.775801,13.000001,10.0915,19.1956,11.480401,5.5759,22.3802,9.572801,,1.5415001,13.048201,32.6986,22.015501,15.3126,,2.733,4.6329,8.431401,15.9033,14.6291,16.3636,23.576101,24.6406,29.720303,23.052502,36.568,11.6076,35.264202,22.212502,22.068901,6.9768,25.008501,7.8493004,28.8421,13.2608,7.2801003,20.5607,8.0,40.1909,14.019001,41.5887,7.3991003,6.1011004,,19.8412,24.8346,16.2963,16.381,13.0591,24.9942,16.936302,18.592001,33.2957,25.7472,17.644402,20.0,30.437601,24.607,16.6966,30.319801,30.427301,15.3851,20.0,15.471601,13.750001,26.342402,28.1562,19.4444,20.0,19.544,14.8094015,16.4647,7.9083004,27.645401,12.2151,26.3272,10.9462,5.8565,24.861002,14.085901,23.898401,22.500002,13.958701,13.044801,10.1716,13.2353,5.2561,23.810501,13.344501,6.9796004,12.9486,11.535701,3.1504002,13.829801,40.0488,26.932901,13.089601,42.7584,28.373701,,,8.5626,8.816701,,,17.2805,,13.344701,27.667803,12.4533,12.7451,4.5996003,15.039401,10.734,16.105902,6.4737005,30.985302,8.816701,10.333301,14.062501,14.186001,13.329801,9.174001,24.2031,,20.0382,22.0517,11.0181,14.310401,18.1312,27.6011,2.0,21.7677,8.6421,15.281501,19.850801,21.3906,2.5,14.6586,27.662401,23.8887,5.2381005,6.9778004,13.319901,17.269302,44.094902,19.4141,18.669802,10.571401,,12.6951,33.165,14.000001,22.3922
2007,15.040001,6.2138,18.8902,26.259302,28.676502,18.4719,35.546303,29.493101,15.457001,2.9124,46.949104,3.0000002,1.9010001,14.976801,13.319701,25.555601,9.378301,21.194801,7.5873003,5.3667006,24.0356,10.1211,,1.4344001,12.6498,41.7029,15.238901,14.624301,,2.6587,4.6331005,8.4906,16.6986,14.657001,16.5217,23.5305,14.709801,24.721802,25.715002,42.347,11.7626,38.5647,21.632502,18.9927,6.8022003,25.571701,2.4508002,28.923801,17.1977,7.1914,25.6996,7.9972005,45.3347,14.000001,40.192604,10.8113,5.938,,20.638802,25.048903,18.1923,17.073,13.181801,22.169302,16.091902,16.4101,34.102604,27.014402,17.958,18.258402,36.4002,25.630402,16.433,27.905201,34.0,15.579201,20.0,15.894701,14.000001,28.1277,28.179602,20.5882,25.602001,19.333302,14.519701,16.6071,10.911,31.846903,15.933001,24.7975,5.6790004,5.9881005,27.056501,13.108701,24.055101,20.208601,14.155601,10.5037,9.988701,13.333301,5.3075004,25.191801,15.192201,12.785501,4.0611005,14.728701,2.4610002,13.750001,43.7884,22.798302,12.6568,47.7612,28.4232,,,4.4737005,8.9025,,,17.394001,,19.3516,21.852402,12.634201,14.925901,4.5,20.7006,10.683701,16.768501,6.5000005,30.895302,8.9025,10.0,,13.6211,13.1981,7.7618003,23.5025,,20.0,21.8481,9.1336,16.1893,22.8469,27.6629,2.0159001,18.342701,9.6380005,15.7503,21.836802,22.252302,2.5,14.5418005,27.7206,23.459902,5.2000003,6.9892006,13.143901,14.935301,44.433605,21.3831,18.5657,10.333301,,12.875401,33.059002,13.181801,23.2821
2008,14.000001,8.5085,19.387802,26.259302,27.9412,18.909601,38.1224,33.199303,15.643001,2.6273003,46.071102,,1.8863001,16.537302,16.2618,21.000002,10.6066,22.073502,12.910401,5.4067006,25.372902,9.5006,,1.3463001,12.606501,42.7835,17.2591,15.177501,,2.6367002,4.6330004,8.545501,17.601301,14.688801,15.440201,24.582201,20.0327,22.504902,25.8346,43.760605,11.9208,41.6339,20.5454,23.639301,6.1416006,25.939001,0.8406,26.2166,14.227301,7.9723,26.1221,7.9831004,43.5194,14.068801,41.659702,8.0921,7.0071006,,20.114801,24.286303,21.0827,17.036901,13.043501,26.901201,16.671902,19.297302,30.794601,25.531502,10.568901,17.5562,32.286903,22.724201,16.484901,23.923801,32.3086,14.4356,21.4815,15.7047,26.555601,29.434902,28.194902,24.000002,25.602001,19.333302,14.528201,16.637901,14.801701,36.0199,17.814802,24.4675,8.691,5.9912004,27.725801,14.0996,23.9915,27.142902,14.573901,13.098101,10.9652,14.000001,5.3668,22.9444,14.600901,13.196901,10.4294,17.7412,4.2015004,13.750001,45.574104,27.819302,13.110001,45.909103,32.647102,,,7.1228004,8.952001,,,18.015001,,16.455,25.707401,12.9138,15.175301,4.4545,19.0607,8.413701,15.751901,6.4578,32.662903,8.952001,10.0,,14.048501,13.754601,9.132901,24.9332,,11.3,21.855501,10.3921,17.188301,22.6607,31.7175,2.0218,19.9185,8.440001,15.045901,23.705301,18.7656,2.1390002,14.919401,28.390902,22.863901,5.3807006,4.7419,13.872801,16.929901,44.4373,23.350601,19.115402,10.5556,,11.470901,34.0,10.1051,24.181501
2009,14.000001,8.650901,21.978,25.357101,29.332602,18.5496,36.1747,32.4947,14.995001,2.7711003,44.7083,8.0263,1.8721001,13.3367,16.550802,16.6667,11.270101,18.604,13.481001,5.2309003,24.8299,9.864401,,1.2683,12.7453,46.500202,20.510101,14.4131,,2.8754,4.6330004,8.5,18.379301,14.720701,16.347801,25.014402,22.3237,22.635801,26.189802,44.3045,12.0851,41.586105,21.9707,25.0764,5.8531003,26.4241,1.2,31.854502,15.275201,8.2015,28.609802,7.9438,43.785603,14.105901,44.416702,12.044401,8.988001,,20.7007,25.253502,16.665401,19.3036,12.500001,25.1082,16.512302,18.8103,27.5492,26.6182,11.330701,13.342701,32.043804,24.835201,16.9416,31.238201,29.590902,16.209202,19.119902,15.999301,23.584902,27.624502,28.094501,24.000002,22.486801,19.479801,14.903401,15.964901,14.216701,33.185402,17.513302,19.532803,9.281301,5.9915004,27.737402,14.910501,23.791302,14.3843,14.573901,15.097701,11.1801,14.500001,5.3941,23.1096,16.1923,13.0495,9.92,17.2504,4.0,13.4615,46.337605,24.183601,13.326301,47.8154,28.410002,,,7.0003,8.965401,,,17.8036,,20.284801,23.337002,13.3353,15.075801,4.7543,19.1018,11.7293005,16.4431,5.05,32.8044,8.965401,11.000001,,15.381201,14.266201,10.221601,25.142302,,20.0,25.241701,11.491501,18.5992,24.772501,31.821201,2.029,20.243502,8.333301,16.5948,23.153502,17.7482,2.0447001,14.4321,30.821302,23.107,4.3997006,4.6286,13.9298,16.100601,46.444603,24.371,19.9672,10.486501,,12.933101,33.9378,17.262802,25.089302
2010,12.000001,8.7425,23.111101,24.8111,29.620302,17.0146,35.1334,30.570303,14.494501,3.3901002,42.267605,8.4231,1.8462,18.2299,18.1967,17.757902,10.4566,21.3518,9.122201,5.6579003,25.885902,11.737401,,1.1650001,39.080902,38.697803,21.298601,15.664301,,4.3541,4.6331005,8.5696,17.2462,14.752601,13.703901,24.948902,22.0851,19.2714,24.564302,39.8758,12.779701,35.2675,23.7316,27.0526,8.742201,25.9211,1.5208001,29.391,17.4562,8.282901,26.154802,7.1774,42.156605,14.145501,43.8841,11.053101,5.984,,20.6835,25.2547,14.625201,16.3115,12.1061,21.731901,15.944501,19.929901,34.3934,29.2196,15.717701,17.5,33.8987,24.968401,14.2411,30.176102,27.7576,14.319401,22.427902,15.964401,23.601301,24.754402,28.1186,24.312502,23.797401,19.430601,13.523401,16.5,13.0301,31.7577,16.0797,28.3502,10.211401,5.8929,27.757803,15.511001,22.134401,22.169802,14.5071,14.596401,12.158401,14.2469015,5.1163,20.3649,16.060001,12.139201,9.644401,17.258001,3.8584,13.4615,43.598003,25.1662,13.584101,49.575104,21.088001,,,6.4492006,8.9961,,,18.0852,,22.682302,22.764502,13.1588,15.3366,4.8627005,21.083801,12.8421,15.034101,13.116501,33.9392,8.9961,9.200001,,13.2960005,10.023401,11.867901,26.0575,,20.0,25.2796,11.573001,11.4547,24.535301,30.121801,2.0,19.513,8.9433,14.2016,23.930801,17.213802,1.0986,15.546201,32.511402,24.234802,8.513401,4.7714,13.2481,20.091501,44.9438,23.9717,17.621101,11.898601,,13.094201,34.2046,16.222801,26.004402
2011,10.0,8.1366005,24.2211,23.335901,29.864902,19.4426,35.0887,35.7127,14.397301,3.5925002,50.1412,8.628901,1.9459001,18.0931,14.3236,19.1087,11.1158,20.956402,11.000001,5.7021003,26.252802,8.251901,,1.1574001,36.646202,45.7778,31.246002,16.277802,,7.3882008,4.6062,8.596701,17.339,14.784401,10.8245,22.4226,22.484701,24.8924,30.447302,45.756504,12.984901,38.942303,23.6186,29.280602,7.7752004,26.4311,1.8724002,30.7406,17.8361,7.9894004,27.594301,7.1085005,46.899105,14.1891,43.2192,13.559401,5.696,,20.216002,25.506401,15.962901,15.396001,12.6588,28.571402,15.956201,22.724,34.2404,27.647001,13.782001,13.9961,34.056103,24.915802,19.0236,36.785603,29.4691,16.7176,19.169,16.254301,24.923101,23.213001,40.2467,25.072302,23.913002,18.9247,13.250001,16.4706,15.5889015,30.9906,16.801302,29.758402,12.0058,5.8971004,26.273401,14.1647005,20.472101,26.988602,14.925701,16.5,13.113901,14.4995,5.5493,21.3264,15.993001,12.003901,9.9706,16.189001,3.4906003,16.8339,46.055,22.9141,13.735201,49.110603,25.910002,,,7.2336006,9.0268,,,19.7297,,21.919601,21.2716,13.737901,14.756301,5.0309,23.033802,12.6331005,14.7088,15.2174015,30.727802,9.0268,18.0,,16.415401,14.837801,16.704,24.833002,,21.5517,19.631601,11.374701,20.942001,26.422802,31.968102,1.973,20.233501,9.1176,14.6421,23.504902,16.6556,1.4752,14.876,32.598103,26.1432,7.6593003,4.992,16.803902,17.761002,44.692303,25.3071,17.3115,13.781001,,13.7003,34.9536,15.6289015,26.925701
2012,10.952401,6.9381003,25.053802,22.5117,30.3967,20.715101,38.2592,30.5491,14.674001,3.1165001,45.4233,8.8383,1.9477,19.0627,10.151501,19.842701,8.1533,20.8131,12.205401,5.3211,27.4457,8.467901,,1.1818001,38.6092,41.1034,26.326902,16.768501,,10.302,4.5953,8.594701,18.1661,14.8163,11.375501,25.297802,20.538502,18.0659,27.980501,44.757004,13.202901,42.131603,24.263401,30.429102,8.3078,26.853102,1.5408001,30.4387,18.2175,11.5213,23.6522,6.5000005,41.3769,14.285701,30.557001,9.805401,6.8229003,,19.9165,24.9536,14.2073,14.784801,12.7342005,21.838501,16.582,21.753,25.777802,27.939802,13.4713,19.207901,36.421604,25.451101,16.544,23.447,30.7882,16.592701,20.338902,16.103401,23.571402,24.3696,35.985302,14.577801,23.333302,18.947401,15.526901,16.4286,17.0776,34.3333,19.109901,27.980001,7.4849005,5.9308,26.809801,12.8731,19.883802,18.104101,14.964801,11.8033,14.620701,14.3961,5.7143,23.3356,17.200901,12.130901,9.8176,24.2957,3.6015003,16.932901,45.1734,24.0527,13.583701,48.5714,30.000002,,,7.1695004,9.057501,,,19.366402,,18.340502,23.624802,14.3316,14.769001,5.2632003,24.375101,11.343301,17.789001,12.000001,39.7412,9.057501,12.000001,,10.7623005,13.441201,19.480902,25.323301,16.666302,26.7857,29.5706,11.107301,18.5432,23.406101,32.580902,2.1053002,20.526001,9.1534,15.337801,23.744402,16.1696,1.6718001,15.021501,28.1397,24.076801,7.3320003,4.9440002,16.1001,21.989101,45.776203,27.032902,19.9696,14.6352005,,13.145101,35.043804,16.1166,27.851902
2013,13.196001,6.3303003,26.011002,19.434801,30.7357,21.529001,38.5434,28.5897,15.199902,6.2252007,45.464203,9.313401,1.9498001,19.379002,14.612501,20.1385,10.498701,19.353601,23.000002,5.6017003,27.751701,10.6007,,1.1818001,41.060604,32.593502,23.3767,17.087902,,13.369101,4.6269,8.5918,18.561901,14.848201,14.6035,23.542301,21.5948,21.233301,23.1179,39.8258,13.4231,41.5732,25.660301,30.321802,7.3131003,26.627602,1.3955001,30.9367,19.355803,11.7611,28.1312,6.0909004,43.156002,14.545501,40.899303,11.451701,7.5236006,,20.6787,24.755402,16.3866,15.878501,12.731901,23.263,16.018402,22.760601,38.327103,28.995401,17.0599,12.000001,34.2024,25.248302,16.591402,30.3332,30.213303,18.1522,14.426201,16.5456,23.529402,26.519802,26.7429,25.516901,26.075901,19.6667,15.321001,17.361101,14.8606,29.233303,18.164803,36.356102,10.070401,5.9431005,26.7752,13.945901,19.3146,18.0629,14.829101,14.900401,12.3601,13.5526,6.2857003,23.6026,17.5414,12.131401,8.8616,25.681501,3.6252,17.0847,42.2075,25.1702,13.6408,48.4404,15.354501,,,6.3480005,9.088201,,,19.784,,21.8059,24.2259,14.4125,14.920402,6.1538,21.0624,12.527801,18.224302,14.767901,33.8629,9.088201,10.0,,15.846201,14.464401,23.5865,25.654701,16.6669,22.3395,42.604702,15.112901,18.3199,18.795,33.7563,2.1579,19.6853,9.2915,15.001401,25.1396,15.457901,1.3866,16.0417,31.598303,24.7837,8.700001,4.5013,15.966401,22.443401,46.3577,28.7407,19.785301,13.580001,,12.506401,35.2695,12.779201,28.782001
2014,13.605401,6.3239,25.000002,14.553201,31.057701,23.1725,39.697002,35.102,13.2881,7.4138002,54.000305,13.1538,1.9519001,19.3845,13.005001,23.333101,8.7903,20.3089,11.899,6.0352006,27.941002,8.8962,,1.1622,41.383602,44.4229,21.6752,17.1382,,15.064301,4.5957003,8.6086,20.052101,14.880001,9.9628,22.626501,20.7586,23.411402,29.072601,47.4154,13.6386,43.1194,26.705301,29.9247,12.679501,26.807701,1.1621001,33.4922,18.3281,13.684701,27.286402,6.8506002,47.9779,14.6566,41.922,11.895,11.637,,23.579601,24.9561,14.166701,15.6011,12.7362,27.0462,17.666801,22.922401,40.315804,31.359701,15.626401,13.833301,35.768303,26.0834,16.949802,31.943,31.3665,18.4251,14.0655,16.7406,23.571402,27.502401,41.622402,30.0435,25.229502,20.058401,15.3536005,17.1074,17.1612,31.2442,18.869001,30.7171,11.7805,5.9508,27.338402,14.937201,18.429,17.9414,14.889501,14.7799015,12.229401,11.7086,5.8421,23.634602,17.4729,12.0502,8.546401,27.604301,3.7039,16.8742,45.660202,28.975302,13.6955,48.717102,26.960001,,,7.2640004,9.118901,,,20.4873,,18.1506,24.5902,14.777901,15.142301,6.1928,27.766102,9.629601,19.838001,15.000001,33.4948,9.118901,9.8621,,17.365902,14.990201,10.541401,13.4411,17.0252,21.690601,26.253002,11.3883,19.6394,26.894402,34.542,2.1227,18.0603,9.409901,16.079,24.019901,14.9006,1.1297,16.062601,32.447502,24.503302,9.1651,4.6460004,17.644701,20.430801,47.1507,30.5405,19.1971,14.095401,,12.869,35.309605,19.8166,35.0
2015,13.090301,6.2866006,24.257402,29.973902,31.3425,21.884802,39.250103,26.339,13.773001,9.737201,46.922604,13.866401,1.9538001,19.6476,14.963301,26.5146,9.851001,19.150002,11.678201,5.8962007,29.315903,9.930201,,0.8991,42.708702,35.6992,19.010101,17.308,,15.393201,4.5929003,8.6267,19.478601,14.911901,12.0191,24.6532,22.7201,20.257902,22.263302,43.811604,13.8471,41.412804,26.681501,29.609901,13.383,26.964602,0.77070004,31.866602,20.206902,14.825601,24.296803,12.000001,42.5052,14.366501,43.7519,8.555,13.0748005,,24.7831,25.2537,14.166701,17.037802,12.656301,24.126402,18.2027,23.1257,42.3647,32.085403,26.611403,15.083301,31.914501,27.156101,16.454401,25.954502,31.555002,18.550001,14.704301,16.7642,,26.576002,75.298706,32.490303,26.075,19.8282,21.339302,16.8817,16.9832,22.756102,20.050001,29.8292,7.1503,5.9685,27.143501,14.016901,18.975,11.4526005,15.214801,16.827402,12.755001,15.128401,5.8763,23.234802,17.287,12.062701,8.762501,28.595701,3.8934002,18.6415,42.7319,25.7857,13.125901,49.257004,26.450302,,,6.6256003,9.149501,,,20.2707,,23.443901,24.645502,14.912201,15.106601,5.4622006,21.0207,7.1222005,19.7705,14.450401,46.2304,9.149501,10.029,,13.7698,15.933701,9.494801,26.0575,15.322501,21.9195,26.010902,15.349001,17.9302,27.437002,34.740303,2.092,22.086401,9.5993,16.528301,22.307001,13.4258,0.957,17.2117,30.948902,25.516302,8.441,4.4001,16.142,17.220802,46.9,33.460503,18.514101,14.624301,,15.6035,35.812702,15.336501,34.027203
2016,11.9868,6.2717004,24.589401,38.015602,32.196903,21.0314,40.409603,36.1557,14.371401,10.5808,38.1632,10.374401,1.9552001,19.925001,15.1841,29.374,11.9661,20.4622,9.9596,5.9092007,29.6622,9.9252,,1.062,38.779102,33.9154,21.801,17.6846,,11.280001,4.5791,8.610701,18.8924,14.943701,7.2993,24.698502,21.7268,24.360802,29.879803,44.402702,14.047901,42.478603,26.713802,30.450602,14.259901,25.9936,0.41170004,31.138502,15.9210005,13.768101,27.078302,12.000001,38.826702,15.136901,38.8129,12.450001,26.1481,,23.704102,25.684902,14.166701,19.659601,12.7103,26.165901,18.254902,20.5087,39.111103,31.405102,24.5181,16.550001,34.0684,28.4374,16.7226,40.0447,28.4845,19.038101,9.152,16.8994,,25.2577,27.296902,32.225403,28.594803,19.5802,18.814802,18.0121,15.8985,30.447102,21.2814,29.336802,10.4215,5.9687004,27.926,14.647301,19.9724,9.75,15.172401,18.550901,11.0041,17.0,5.9668,21.3412,16.550402,12.078701,8.3278,28.832302,3.6822002,16.935001,41.996105,29.272402,14.0299015,49.6904,26.232,,,7.3683,9.180201,,,20.3701,,22.4346,24.9472,16.273,15.081201,6.0816,28.630402,3.7918003,19.361301,14.500001,29.473701,9.180201,10.058001,,14.4428005,15.757501,7.0718,25.654701,13.237101,22.020102,25.535501,17.812,21.456501,26.8407,35.729103,2.0887,22.6825,9.6983,16.994501,21.601301,13.3395,1.1228001,17.7205,32.8252,21.300701,7.4281006,5.3563,16.583,20.1175,48.640804,32.990105,19.1872,14.274001,,15.568201,35.997604,18.7331,35.029102
2017,15.979402,7.2079,25.111002,25.642902,32.858604,21.627802,38.9534,28.419802,15.549901,10.251201,47.5652,10.1558,1.9562,20.443201,17.7897,37.5,9.648701,23.397501,13.346901,5.8677006,30.941101,11.0216,15.4313,1.064,39.378002,40.9,26.3762,18.206402,,10.700001,4.5702004,8.615401,22.7565,14.9756,20.005001,25.576502,21.736002,26.054302,29.4202,46.7864,14.240901,43.682102,26.718102,30.952402,12.774,27.772402,0.78150004,31.596102,16.9232,13.919801,28.863201,12.000001,44.046,14.825701,42.589,9.1421,17.106401,,25.236502,25.6336,14.863201,15.874001,12.701,24.6182,15.404401,22.3061,44.9314,33.5905,27.7621,15.000001,34.666702,27.731302,16.504301,38.832104,31.023302,19.416101,9.185801,17.0537,,22.254002,62.374702,22.642902,29.255201,19.8071,16.4591,17.691101,12.249801,34.2368,18.9907,29.939001,10.000501,5.9739003,28.9505,13.3188,21.4092,12.485701,15.2866,17.017302,9.3323,16.5506,6.0316005,19.893002,18.4164,12.063901,7.9679003,29.337402,3.8768003,17.5376,45.972004,26.901402,13.8631,49.966503,26.900902,,,7.3315005,9.210901,,,21.1942,,21.450302,25.334501,15.387501,15.0956,6.1152005,27.850302,2.6975002,21.6992,14.461501,35.788303,9.210901,10.400001,,18.1872,16.253601,9.0028,25.4022,13.237101,22.328901,29.220802,15.3161,20.0946,24.3526,34.696804,2.0949,23.0725,9.561001,18.0856,19.275902,15.0366,1.1215,16.911802,33.6014,22.5027,3.5538,7.6167006,16.7837,19.7792,48.388702,35.701603,19.7311,14.8276005,,15.645901,36.075703,31.6142,23.900002
2018,19.0026,7.1770005,26.171402,25.055601,33.460003,18.8129,39.9682,29.3742,15.155901,11.169701,32.6309,8.571401,1.9317,20.4106,18.5596,42.500004,11.214001,21.522802,12.031301,6.4211006,31.1762,9.825701,15.476801,1.0076001,38.912804,40.2989,28.674902,18.9697,,11.438001,4.5620003,8.6178,22.375502,14.990801,6.044,16.4423,21.9312,23.200401,25.4941,35.3719,14.454201,34.7462,26.6671,31.0916,12.181601,28.9282,0.65470004,29.796001,17.7462,14.003301,28.051401,12.000001,39.388603,14.870401,36.1429,12.633,12.875501,,27.675001,25.718102,14.806601,19.661303,12.6868,24.2472,18.7056,23.9542,33.1725,33.5908,26.9832,10.0333,34.7882,28.162802,14.420201,40.311302,29.542501,19.7945,8.606701,17.1342,,23.419601,62.327003,22.736801,27.5672,19.9659,17.181501,17.587301,15.5056,25.7302,19.818201,30.131502,9.2248,5.9838,29.892002,14.335402,22.711802,13.565201,15.299701,16.1249,13.219401,18.942501,6.0935,23.689802,16.5247,12.0681,7.7524004,29.720402,3.7318003,19.2464,36.606102,28.104002,15.814201,50.193203,27.105902,,,7.0225005,9.2416,,,21.251902,,23.6699,25.638102,15.901201,15.5093,5.8567004,25.1296,3.3615003,20.754301,14.477401,19.111502,9.2416,8.5,,17.442402,17.049902,7.6838,25.189302,13.237101,22.375902,29.1686,17.2821,21.900803,25.950201,30.238401,2.1073,25.2977,9.620001,18.148302,19.4318,15.121501,1.0762,16.835402,33.4795,23.4691,11.1846,8.295701,17.0498,20.878302,49.7274,33.6862,21.862803,15.254801,,14.358401,36.384003,7.4883003,24.000002
2019,16.1413,7.1174,25.645502,22.4946,34.133602,20.0694,37.8022,31.341702,17.6415,7.0115004,41.018604,9.8688,1.9112,20.6131,21.2497,30.000002,11.136701,23.151001,12.169201,7.1515,31.766102,10.4033,2.1176002,1.0621,38.7755,37.7,27.805302,22.173801,,11.6356,4.5568,8.631901,23.387001,15.000001,16.3558,16.678001,20.4937,21.159801,27.199701,39.036102,14.666901,42.481503,26.8521,31.801102,13.9946,29.287601,0.61600006,33.898304,23.5676,13.1396,28.9206,15.000001,41.3227,14.948501,36.854202,11.9448,11.999801,,29.480303,25.8159,14.6468,18.439802,12.699501,25.8495,19.2701,23.097101,44.102703,32.1587,27.958502,13.666701,37.529102,28.592802,15.8758,37.865902,32.244602,21.7949,9.291901,17.3444,,28.650501,47.421,31.4286,27.230402,19.805,18.712301,18.5995,18.099901,25.550001,22.37,31.3262,9.7713,5.9903,30.524101,14.358801,22.531902,13.029,15.494301,16.3528,11.2853,19.0842,6.1453,20.7591,15.831,12.0701,7.6428003,30.078001,3.7632,19.6065,42.0034,28.4272,16.046402,50.308502,25.210302,,,6.9905005,9.280701,,,22.3889,,24.887402,25.8801,16.273,15.445201,5.9041004,21.4283,4.6530004,23.584803,14.322201,37.275,9.280701,9.9425,,15.086101,17.822802,9.0474,24.402401,13.237101,22.5291,26.3801,20.583,22.2735,23.5571,35.8097,2.1176002,25.6305,9.7861,17.8207,19.280901,15.354901,1.0399001,16.9514,35.376602,24.157402,10.491401,8.6183,15.486901,23.2914,50.7522,34.6394,19.309502,15.439201,,14.8336,36.732803,19.236101,19.0
2020,15.936901,7.1952004,26.2742,25.023802,36.077103,21.3052,39.797104,36.516502,18.208302,9.017401,40.3627,10.761001,1.9198002,20.8215,19.329601,30.000002,11.2985,20.901302,12.595701,7.2235003,32.0077,10.867001,5.8311005,1.0826,36.748,44.600002,29.180101,19.8588,,10.822801,4.5683002,8.6217,20.930801,15.030001,15.644201,17.347502,20.7154,24.178902,29.154902,42.834003,15.0102005,43.9952,26.641802,31.174402,16.409801,24.620302,0.684,31.3735,26.150902,13.279401,30.164303,,40.764202,15.100201,38.710003,13.2866,12.3002,,28.648401,25.333302,15.161501,18.6795,12.695801,26.298903,19.548101,23.6772,33.7627,31.363401,27.978401,18.4475,35.4397,30.298801,14.744,38.227802,30.6676,22.087101,10.551801,17.3906,,23.441402,20.7567,32.564804,27.744402,19.9212,18.257801,17.955502,15.725501,26.4032,21.3059,29.670902,7.6288004,6.0057006,31.943502,14.981501,23.559101,14.017501,15.5071,17.2482,13.8815,18.969002,6.1870003,21.833801,18.0321,12.067401,7.7780004,31.1217,3.7900002,19.987501,42.675102,31.392302,16.650002,50.727,26.1686,,,7.0745006,9.327401,,,22.0139,,24.561201,26.1657,16.5551,15.745001,5.9572005,34.765804,4.5053,23.3679,14.3791,36.6341,9.327401,9.809501,,15.849201,16.6432,8.216001,28.8577,13.237101,22.926302,27.516102,22.405,23.7429,30.262602,36.443703,2.1211002,23.547901,9.4812,18.399302,19.3833,14.882601,0.99130005,17.247301,35.1434,19.8627,8.9765005,7.3052006,15.724401,20.237803,51.6365,33.949802,19.6607,15.6401005,,14.836401,37.249104,25.094402,23.000002
2021,15.785901,7.1754003,24.943302,25.003,35.541702,18.2992,40.3372,34.1175,18.928501,9.9851,43.054604,11.7896,1.9356,21.0951,17.9486,13.750001,10.123,19.502,14.0895,6.6519003,33.099102,11.5556,3.1539001,1.0502,40.0094,32.0,27.375002,20.367,,9.954801,4.5843,8.6238,21.991302,15.050901,14.723901,27.072401,19.7547,24.807001,29.4417,43.7944,15.260701,42.2527,26.608002,31.864902,12.822101,29.712301,0.6516,32.887302,21.3087,16.687302,27.486002,,42.4747,15.164101,37.440002,14.4877,12.400201,,30.885101,24.9255,15.003201,14.542701,12.694,27.347801,18.9601,24.123701,45.6327,29.490501,24.355501,14.122201,34.8597,29.1677,15.983801,39.856804,30.677002,22.063002,9.7707,17.2101,,25.5182,26.236301,31.676802,27.932201,19.729502,16.418802,18.0426,13.056801,25.746,15.7671,31.704002,9.8205,6.0097003,31.778101,14.256301,22.679401,12.4912,14.726901,17.0781,8.527901,17.761902,6.2529,19.2687,18.565401,12.0685005,7.9504004,32.8847,3.7615001,21.073101,41.974304,31.757902,16.7275,50.491,25.534801,,,7.0748,9.3478,,,22.189802,,25.0637,25.860601,17.153801,15.7313,5.906,30.027802,4.2646003,24.602402,14.347401,40.8162,9.3478,10.0,,16.5366,16.0191,8.2699,29.02,13.126401,23.365002,32.738304,23.26,24.892902,23.457901,34.7789,2.1278002,22.5034,10.023901,18.884401,18.2045,14.645401,0.93140006,17.453001,36.819603,22.7082,8.2923,7.5832005,16.643002,24.466902,49.752804,33.468605,19.829401,16.5382,,20.412302,37.482502,23.384302,21.000002
2022,15.875001,7.3810005,26.505901,25.820002,35.546803,18.2456,42.0358,32.0065,19.612001,10.548401,38.9137,13.2138,1.9369001,21.863401,18.8002,13.750001,16.5,22.2537,7.0476003,6.3443003,33.072002,9.8381,2.8828,1.065,40.8105,35.5409,28.012802,20.353401,,10.865201,4.5820003,8.6258,21.9842,15.081501,23.8521,26.251802,16.7552,22.4697,30.224201,40.1029,15.503001,44.2162,27.5342,32.845802,14.0261,29.3432,0.65050006,31.334002,23.2756,17.265802,27.979502,,38.113003,15.272902,40.0427,11.7692,12.500001,,29.6699,24.9342,14.935,14.0299015,12.696501,24.3236,19.6017,25.236301,43.339203,29.490501,21.4584,16.0,34.799103,28.3432,16.0111,36.1832,31.974802,21.918901,7.9119,16.9397,,23.924803,36.262802,31.2716,28.120302,19.725801,13.7812,18.197601,14.915701,22.8281,16.9351,32.819202,7.6792006,6.0186005,31.263002,15.724501,24.900501,12.4912,15.367801,14.7901,10.1835,18.300001,6.3094,24.0802,18.674301,12.068701,7.8532004,34.2454,3.7715,20.123402,42.6118,31.632902,17.204401,50.6817,29.359001,,,6.2615004,,,,22.4177,,25.266602,26.0317,17.625,16.2226,5.9222007,30.752802,3.4658003,22.042002,14.5985,36.610603,,9.923401,,16.661901,17.3842,7.5829,30.2651,12.2503,23.6637,32.4664,21.060001,22.7976,20.148802,36.403202,2.0789,23.245901,10.112801,18.2336,19.508001,13.1411,0.8985,17.616802,37.3907,22.650402,8.4981,7.6762004,17.353802,23.759802,49.0779,31.557302,19.9022,16.7356,6.4,18.947401,37.7591,18.542002,25.000002
2023,14.5738,7.0596004,27.2331,26.1107,35.9752,19.498901,42.071102,28.8089,20.435802,10.953701,42.0264,6.8,1.9381001,22.9006,16.985802,15.000001,14.550001,21.950302,12.7672,5.5879,33.929,11.637,3.8865001,1.0659001,41.7729,33.6691,29.087101,20.449501,,10.587501,4.5797005,8.6238,22.778902,15.112101,14.4800005,26.183,16.665901,23.6842,27.387602,43.850803,15.7453,45.126003,28.705402,33.6279,14.56,29.1537,0.66200006,32.3762,24.781301,15.919401,30.187902,,42.186604,15.377801,40.8749,12.331301,13.606401,,28.2062,24.942902,15.032801,17.4661,12.695401,27.7345,19.6287,25.789902,39.244804,30.824701,25.5515,15.527701,34.8304,27.842701,13.6701,40.2345,31.287401,21.6182,9.6518,17.7535,,24.460201,37.646503,31.8612,28.231,19.847,14.486001,18.0651,18.1487,22.9286,18.4375,31.117,7.5334,6.0275,31.971502,15.029,22.7956,13.095201,15.4018,16.3901,9.234,19.3666,6.3673,18.3164,18.8262,12.068201,7.7477007,35.6015,3.7743003,18.007902,41.7915,27.249,17.112902,50.875004,30.869902,,,6.5113,,,,22.8037,,24.428501,26.206802,17.324902,16.080702,5.9284,29.642801,3.3041003,22.450302,14.9466,36.2469,,30.129402,,14.888301,17.526701,7.5653,28.673801,12.302701,23.9591,32.036503,25.905102,25.007402,23.326502,36.0,2.1091,25.003801,10.2017,18.503101,20.227901,14.068001,0.9121,17.7786,37.7666,22.749401,8.5795,7.769201,17.648802,22.6516,51.449104,31.877302,19.9646,16.8474,6.0000005,17.209002,38.0357,24.5606,26.1317
