Date,AGO,ARE,ARG,ATG,AUS,BDI,BEN,BFA,BGD,BHR,BHS,BLZ,BOL,BRA,BRB,BRN,BTN,CAF,CHN,CIV,CMR,COD,COG,COK,COL,COM,CPV,CRI,CUB,CYP,DMA,DOM,DZA,ECU,EGY,ESP,ETH,FJI,FRA,FSM,GAB,GHA,GIN,GLP,GNB,GNQ,GRC,GRD,GTM,GUF,GUY,HND,HTI,IDN,IND,IRN,ISR,ITA,JAM,JOR,JPN,KEN,KHM,KIR,KOR,LAO,LBN,LBR,LBY,LCA,MAR,MDG,MDV,MEX,MLI,MOZ,MTQ,MUS,MWI,MYS,NCL,NGA,NIC,NIU,NPL,OMN,OWID_ERE,OWID_MNS,OWID_PYA,OWID_WRL,PAK,PAN,PER,PHL,PNG,PRI,PRT,PRY,PSE,PYF,REU,RWA,SAU,SDN,SEN,SGP,SLB,SLV,SOM,STP,SUR,SWZ,SYC,SYR,TGO,THA,TKL,TLS,TON,TTO,TUR,TUV,TWN,TZA,UGA,USA,VCT,VEN,VNM,VUT,WSM,YEM,ZAF,ZMB,ZWE
1961,8.75,,24.268803,,11.964001,5.2632003,5.0,,13.273801,10.0,7.7778,13.636401,23.809502,14.5656,11.000001,1.0529001,,5.2500005,12.000001,11.136401,15.420001,3.7302,3.5170002,3.2,22.864,7.1429005,11.4286,17.023,8.888901,8.120001,7.1561003,14.902101,,22.7807,18.7042,33.189503,,4.3500004,,,5.8824,5.0,4.75,19.411802,,5.0,0.7856,4.1000004,16.7727,12.1951,6.6667004,24.941502,5.0,6.3492007,13.678801,,21.000002,,5.1853,15.5781,8.125,10.0,8.0851,4.0,,6.6225004,10.0,10.0,15.7143,10.0741005,,7.9412007,4.0,11.510501,60.000004,5.0303,18.823502,15.830201,3.0909,13.694,5.0,,40.0,2.0455,,10.0,14.090901,11.792601,3.7245002,10.645901,11.700001,45.291702,,4.1978,12.5506,15.5291,32.190502,18.125,,5.1875005,20.0,9.969501,,,12.000001,1.6567,3.8889,,8.9091,6.1957006,7.4511003,9.328901,14.166701,,10.0,9.2286005,3.3333,32.0,1.7112,4.7059,7.4286003,,14.094501,2.6121001,4.0,10.544701,11.3056,16.1142,9.917401,12.000001,4.4477005,2.0,7.3849,3.1250002,4.4615
1962,9.25,,23.625002,,11.964001,5.3158,5.0,,14.715501,10.0,8.2609005,13.076901,23.713701,14.9916,10.500001,1.0602,,5.2500005,8.75,13.8211,15.685,3.8095002,3.0000002,3.3000002,21.6292,7.1429005,11.4286,17.4366,9.1871,8.861501,7.1668,14.417201,,22.396402,20.4866,31.812502,,3.5096002,,,5.3333,5.0,4.7778,19.878,,4.0887003,0.80820006,4.25,15.976201,12.651201,7.2727003,25.278502,5.0,6.1538,13.3978,,22.3636,,4.8289003,18.429302,8.2353,10.0,8.333301,3.9362001,,6.5385003,9.615401,10.0,15.000001,11.077001,,8.0588,4.0,12.066001,60.000004,3.6479,20.5882,20.2976,3.1818001,13.777801,4.5455003,,42.857105,1.4851,,10.0,15.909101,11.774301,3.8105001,10.6621,3.6429,45.916702,,4.2078,12.598401,15.5291,28.977303,20.1429,,5.3125005,20.0,10.012401,,,13.333301,1.7368001,3.8889,,8.843,6.1957006,10.484501,16.4017,15.000001,,10.0,9.471401,3.3333,32.0,2.0,4.7368,7.7143,,14.087501,2.5969,4.0,9.713901,10.165901,16.514801,9.7838,12.400001,4.3491,2.2,4.8787003,3.1250002,4.4776
1963,9.0909,,21.400002,,11.1881,5.5263,5.0,,13.805901,10.0,8.723401,13.636401,22.400002,14.7151,10.0,1.0677,,5.2941003,10.750001,13.666701,15.777801,3.7984002,3.3125002,3.3000002,20.7357,7.1429005,11.4286,16.9362,9.480201,8.3,5.7194004,12.9456005,,20.2705,18.0039,35.5104,,4.4983,,,5.3333,5.0,4.7647004,19.7647,,4.8,0.90330005,4.925,17.2429,15.652201,11.7692,27.1711,5.0,6.2963,13.476701,,22.000002,,5.2447004,13.150701,8.125,10.0,8.571401,4.0,,6.6250005,9.333301,10.0,14.000001,9.9856,,8.0556,4.2308,12.7258005,60.000004,6.1105003,17.6471,24.774801,3.1818001,13.666701,4.3103,,42.222202,1.7327,,10.0,15.384601,11.8093,4.4399,10.818201,9.400001,46.7667,,4.5176005,12.547501,15.213201,30.1087,24.500002,,5.1176004,20.0,9.990701,,,13.333301,1.6935,4.0,,11.4545,6.1380005,12.768801,5.3353,16.129002,,10.0,9.950001,3.3333,32.0,2.0,4.9485,8.0,,9.001801,2.6000001,4.0,9.1981,9.674401,17.3841,9.8718,11.875001,5.0655003,2.4,8.0114,3.1250002,4.3478
1964,9.318201,,26.2,,12.469001,5.9474,5.0,,15.863901,10.0,8.958301,13.529401,23.9514,15.447301,9.5,1.0848001,,5.6471004,16.5,13.500001,16.111101,3.8285003,3.8235002,3.3077002,19.2966,7.0000005,13.333301,17.191301,9.3494005,8.887501,7.0908003,14.043401,,19.5266,14.106201,37.163303,,3.8913002,,,4.6154003,4.25,4.7647004,20.5323,,4.8,0.9329001,4.7143,15.8286,16.0,8.6667,25.3355,5.0,6.2857003,13.5556,,21.6522,,5.9333,14.394402,8.1818,10.0,8.791201,4.0,,6.6667004,6.5672007,10.0,14.285701,11.028901,,7.8947005,4.4444003,12.738001,60.000004,6.0000005,13.333301,12.1463,3.2727,13.807701,5.0,,42.222202,2.5743003,,10.0,15.000001,11.9051,3.7064002,11.060801,10.425,43.7462,,3.9666002,12.546101,15.461901,31.8447,24.375002,,5.2941003,20.0,10.959801,,,13.333301,1.6944001,4.0556,,14.285701,7.0371003,13.7285,5.0,15.079401,,10.0,9.2875,3.6667001,32.0,1.8333001,5.1514,8.285701,,14.812501,2.5954,4.0,11.466701,9.6221,17.386402,10.0,12.250001,4.2974,2.3636003,4.3207,3.1250002,4.4928
1965,8.75,,21.7647,,13.0432005,5.7000003,5.0,,15.3037,10.0,9.183701,13.7931,23.9335,15.212901,9.0,1.0977,,5.5556,18.125,13.558801,16.875,3.8991003,4.2105002,3.0000002,22.5172,6.9697003,16.16,18.5655,10.378901,16.125,8.292701,13.302201,,15.7333,19.043402,37.6162,,1.9773002,,,4.1667004,5.0199003,4.8333,19.7561,,4.8,0.93200004,4.3333,13.609501,16.0,7.5639005,26.7857,5.0,6.5517006,15.502401,,19.130402,,6.6361003,14.666701,8.0,10.0,6.6471004,4.0,,6.6265,10.0277,10.0,14.000001,12.812501,,7.7500005,4.4444003,13.7823,60.000004,5.0,23.655901,24.5667,3.0000002,13.740701,4.7619,,41.1899,1.9820001,,10.0,15.172401,11.5781,3.9907002,11.186401,10.3673,44.530804,,3.6938002,12.500001,15.266801,32.0755,29.000002,,5.4118,24.000002,12.0003,,,11.410001,1.5250001,4.1111,,14.672901,5.7720003,16.317202,2.753,15.384601,,10.0,9.775001,3.6667001,30.000002,3.6667001,5.3731003,8.571401,,16.765402,2.5954,4.0,8.458301,9.8256,18.287401,10.250001,11.764701,4.125,2.5455,3.9572,3.1250002,4.4928
1966,8.75,,27.305302,1.6667,12.670401,5.7500005,5.0,,18.052301,10.0,9.400001,14.000001,24.002201,14.805701,8.8316,1.0912,,5.5556,13.333301,14.3056,16.25,4.0,5.0,2.9839,24.8276,6.9697003,20.344002,20.9792,14.4835005,15.800001,6.0341005,11.260401,,13.509601,22.4181,38.510002,,4.4612,,,4.1667004,5.0247006,4.7059,20.0,,3.8182,0.9458,4.3333,16.014301,16.25,7.2871003,33.007103,5.6522007,6.1250005,16.325401,,23.434801,,9.616,14.682901,8.0,10.0,6.4563003,4.0,,6.7059,11.703401,10.0,14.000001,12.375001,,8.571401,4.3333,13.1081,60.000004,5.0,27.083302,23.135902,3.1667001,13.6216,4.6154003,,34.8525,3.8739002,,10.0,15.172401,11.916901,3.302,11.165001,7.4918003,45.1077,,3.9099002,12.500001,16.915401,25.001402,26.1375,,5.5882006,24.000002,9.9744005,,,11.3471,1.5253001,4.1667004,,23.924501,4.4760003,15.343901,3.1908002,15.384601,,10.0,10.192,3.6667001,29.945501,4.5714,5.5435004,8.8571005,,14.453401,2.5965002,4.5106,9.7531,8.851701,18.3036,10.641001,12.2222,2.5,2.5109,5.3728,3.1250002,4.5714
1967,8.875,,32.404003,1.3333001,13.6341,5.8500004,5.2500005,,16.972502,10.0,9.703,13.863601,24.0037,16.3864,7.8947005,1.4133002,,5.5556,12.500001,12.723101,15.5556,4.0,5.0,3.6667001,26.344803,7.1212006,22.157501,22.370201,26.252901,15.971401,7.4857006,11.019701,,12.612901,16.6311,35.533302,,2.5942001,,,4.1667004,5.0031004,3.8235002,20.0,,3.8182,0.98910004,5.1667004,16.038101,16.4286,5.9472003,32.5134,5.6000004,5.9375005,15.399001,,21.956501,,9.368,16.0652,8.0,10.0,7.6385,4.0,,6.6667004,11.052901,10.0,14.000001,11.875001,,8.095201,4.3333,12.8451,60.000004,5.0,24.000002,23.771101,3.3333,13.693201,4.4118,,34.595802,4.0541005,,10.0,15.151501,12.4376,4.5786004,11.408701,8.327901,45.523106,,4.0461,13.2246,17.056301,24.6802,26.987501,,5.7059,24.000002,12.000001,,,11.764701,1.5404001,4.1944003,,23.571402,5.7460003,20.2752,3.8889,13.846201,,10.0,9.6,4.0,30.490902,5.3846,6.0141006,9.285701,,14.823001,2.5948002,4.5064,8.978001,7.785701,17.624802,11.0256,12.1053,4.0,2.5109,6.4648,3.1250002,4.5205
1968,8.875,,25.409502,1.25,13.9713,6.0000005,5.2500005,,17.722502,10.0,10.0,13.833301,24.000002,16.341501,7.1053,1.4898001,,5.5556,11.250001,13.434501,16.0,4.0,5.0,2.25,26.5517,7.0588,20.503,26.9347,12.873301,17.613302,8.630701,12.1481,,14.173201,22.751303,36.564804,,5.1667004,,,4.6154003,5.0031004,4.4118,16.2791,,3.7143002,0.915,5.3333,18.084002,16.1429,6.1614003,33.0732,5.5556,5.4118,14.2045,,20.0,,9.900001,14.141701,8.0,10.0,5.1493,4.0,,6.6667004,12.0416,10.0,14.285701,11.500001,,8.400001,4.5161004,12.7861,60.000004,4.5,24.257402,24.573101,3.3333,13.595501,4.2857003,,33.1579,4.5045004,,11.1111,15.151501,12.032001,4.7385,11.6883,7.4203,45.190502,,4.3079,12.500001,19.1385,19.971302,27.500002,,5.5556,24.000002,12.0074005,,,12.500001,1.5404001,4.2222004,,22.998001,5.4160004,25.5235,3.6159,13.076901,,10.0,9.6,4.0,30.000002,5.2857003,5.807,9.7143,,14.734701,2.6028001,3.6895,7.5825005,8.5393,19.205002,11.538501,12.000001,4.4,2.5109,9.567201,3.1250002,4.6667004
1969,8.333301,,33.1529,1.2,13.2686,6.0000005,5.0,,17.2863,10.0,10.227301,13.4483,24.000002,17.6333,9.8632,1.4314001,,5.5789003,11.4286,13.245701,16.0,3.9019,5.2000003,7.5000005,26.4407,7.2059,27.984901,25.7212,9.177401,18.28,9.230801,11.698501,,15.939001,24.0741,40.0185,,4.8333,,,4.6154003,5.4333,4.4444003,19.863,,3.7143002,0.79670006,4.6667004,17.7111,15.000001,4.8353,33.0579,5.7407002,5.5150003,13.805501,,25.2381,,9.8,14.998501,8.0,10.0,5.7987003,4.0152,,6.7033,11.9743,10.0,14.285701,10.8575,,7.912,4.5161004,12.4428005,60.000004,6.4633,22.9167,24.092402,3.3333,16.5746,4.1667004,,56.350605,4.5455003,,11.1111,15.151501,12.1703005,4.4629,11.781701,7.5072007,44.313004,,4.0052,12.6667,17.9151,26.282001,27.058802,,5.7778,12.000001,12.000001,,,12.963,1.5099001,4.25,,23.3861,4.36,23.783,4.1600003,14.615401,,10.0,9.6,4.0,29.050001,3.4141002,5.7793,12.450001,,15.561001,2.5989,4.0244,7.4441004,9.1406,17.974802,11.500001,11.809501,4.7273,2.5109,12.851401,3.1667001,4.6154003
1970,10.0,,34.912502,1.5000001,13.913901,5.985,5.0,,15.136201,10.833301,10.566001,13.846201,24.056803,18.456402,9.0909,1.9167,,5.6000004,12.7692,13.7578,17.2727,3.9462001,5.0,8.4615,26.715801,7.1429005,28.026901,29.468002,41.482002,29.195402,8.627501,12.199,,15.041,21.6874,37.9009,,5.5000005,,,4.6154003,2.1169,4.4737005,15.180701,,3.8571002,0.83650005,4.0,18.7192,15.454501,5.1576004,32.5158,5.8182006,8.8557005,12.9033,,32.210503,,9.75,7.8846006,8.0,10.0,5.7965,4.0441003,,6.5957007,14.903601,10.0,14.285701,10.168,,7.5018,7.5000005,12.9728,62.222202,5.6617002,17.204302,18.075,3.3077002,17.333302,4.9333,,45.000004,4.5455003,,11.1111,15.000001,12.105801,3.9645002,11.5851,9.7298,47.0857,,4.4561005,12.500001,17.5781,25.000002,26.843,,5.9444003,9.6,11.000001,,,13.333301,1.5099001,4.2778,,28.6327,3.696,24.3262,2.4587002,14.705901,10.0,11.000001,9.6,4.3333,29.600002,2.6667001,5.8126,12.6,,11.8378,2.6000001,2.3298001,8.2338,9.4812,18.042301,11.3415,11.818201,4.1667004,2.5402,10.476001,3.2071002,4.625
1971,10.0,,34.584602,1.125,14.0913,6.117,4.7826004,,15.6843,10.833301,10.943401,13.636401,24.537601,18.754301,7.5000005,1.9394001,,5.9,12.6,14.490201,18.1818,4.0316005,4.25,12.6667,26.783302,7.2857003,17.0631,31.645601,40.449303,28.023,7.8,12.4498005,,15.150201,22.6137,31.947401,,5.4945,,,4.6667004,2.026,4.4444003,17.411802,,3.8056002,0.77400005,3.1667001,18.0,17.777802,5.3339,33.2308,5.8929,7.8879004,15.016001,,29.631601,,9.35,8.7433,8.0,10.0,5.649,4.0,,6.7368,15.837201,10.0,10.0,10.0,,7.3388,7.5000005,13.730901,62.222202,5.9545,19.354801,22.2315,3.4615002,14.777801,4.9333,,37.5,4.5455003,,11.931801,15.0685005,12.041501,3.7581003,12.114301,9.783401,48.223804,,5.0902004,12.4188,17.538502,24.0741,26.507502,,5.7895,9.6,11.000001,,,13.7143,1.5049001,4.2162004,,26.596102,3.9620001,27.469301,6.6600003,14.615401,10.0,10.0,9.6,4.3333,30.2,2.1026,5.1852,14.461301,,15.582601,2.6087,2.5830002,7.2765,9.0853,18.5096,11.1905,11.6667,3.7791002,2.903,11.6221,3.2133002,4.6914
1972,8.333301,,31.270002,1.1111001,14.161301,5.4805,4.7826004,,15.6026,10.833301,11.0902,13.636401,23.469402,21.493801,7.2727003,1.9608002,,5.9048,11.400001,16.3298,18.1818,3.9852002,4.7778,6.6667004,26.696802,7.2222004,17.29,31.645601,32.238503,28.023,7.6000004,13.666501,,15.1203,23.371601,29.460901,,5.7500005,,,4.6667004,2.026,4.5161004,19.333302,,3.0556002,0.7875,3.0000002,17.6,17.777802,5.5496,33.0502,6.0714,5.5016003,14.5397005,,23.055601,,9.450001,13.023201,8.0,10.0,5.6467004,4.0278,,6.6327004,15.981001,10.0,15.000001,10.0,,7.0266004,8.0,14.730401,62.222202,6.0000005,24.731201,22.7045,3.4286003,18.636402,5.0667005,,50.8294,4.5455003,,11.931801,14.935101,12.153501,3.0339,11.782401,9.578501,47.0665,,4.6094003,12.500001,17.630802,22.000002,26.580402,,6.0000005,13.7143,11.000001,,,12.943601,1.9802,4.2703,,29.591803,3.9520001,21.649502,6.4777007,15.384601,10.0,10.0,9.6,4.3333,30.850002,1.9459001,4.9107003,14.705901,,16.0526,2.6000001,2.4019,7.9485,8.3,19.547401,10.3261,11.538501,3.1429,1.6791,10.7011,3.2328002,4.8193
1973,10.0,,32.0145,1.3333001,12.172701,6.2515,5.0,,15.700701,10.833301,11.2963,13.333301,23.970001,11.864901,7.0909004,2.0833,,5.9091005,12.384601,13.630001,21.818201,3.9490001,5.5556,12.963,27.272701,7.5000005,18.76,35.663105,20.9211,33.862103,7.0000005,14.3906,,15.4158,21.8567,35.054302,,5.6250005,,,4.6667004,2.1669,4.5,24.061602,,3.3333,0.66550004,3.0000002,17.160002,10.0,7.352,39.9947,6.0000005,5.9153,14.215001,,20.483902,,8.450001,4.4591002,8.0,10.0,6.1333003,4.0,,6.6000004,16.3867,10.0,,9.8,,8.1084,6.6667004,15.911501,60.000004,6.0909004,21.112803,22.748302,3.4483001,24.375002,4.9333,,57.174202,4.5455003,,13.333301,15.000001,11.820901,3.5755002,11.1595,8.729701,45.8904,,4.059,12.1667,16.9922,22.000002,26.150002,,6.0000005,13.7143,11.325401,,,12.896201,4.0136003,4.2973,,24.750002,3.265,22.6567,8.052601,15.384601,11.1111,10.0,10.0,4.3333,31.500002,2.0606003,4.5349,14.6898,,20.6917,2.5965002,3.1000001,11.209701,9.6547,19.706501,9.958301,12.000001,3.6667001,2.8246002,12.4075,3.2085001,4.8235
1974,10.6667,,33.283302,1.0667,13.1018,6.2105002,4.7917004,,15.6155,10.7143,11.467901,13.846201,23.900002,11.829801,8.333301,2.0833,,6.0877004,12.615401,15.986501,21.6667,3.9910002,5.0002003,9.326401,30.7742,7.4324,19.4444,31.842802,25.059301,25.689701,7.2000003,14.390701,,17.6336,23.804401,30.907001,,5.3750005,,,5.1333,1.6531,4.5,24.907501,,2.7778,0.66400003,2.8889,17.596,10.0,6.9785004,42.3585,6.3333,6.4464,13.920501,,17.736801,,6.6000004,9.9138,8.0,10.0,6.0000005,3.9744,,6.7000003,18.9921,10.483901,,10.0,,10.5863,6.6667004,15.561901,60.000004,6.1818,24.731201,22.8455,3.5333002,20.4762,4.8649,,64.81161,4.5455003,,11.818201,14.8810005,13.210501,4.0812,11.476001,8.8472,46.510002,,5.8649,13.608601,16.9615,24.000002,26.418001,,6.3,13.7143,9.1036005,,,13.415001,3.9935002,4.3243,,25.000002,4.0,20.735601,6.3,16.153801,11.1111,10.0,10.400001,4.3333,30.833302,2.1875,4.6636004,16.7611,,21.125101,2.6066003,3.2,12.121501,7.8367004,20.090601,9.434,12.000001,4.4,2.8559,11.294801,3.2128003,4.9412003
1975,8.333301,,33.990902,1.2,13.720701,6.314,4.7917004,,15.5416,10.7143,11.678801,13.333301,21.581501,12.059001,8.1111,2.0,,6.0870004,13.750001,14.790401,20.0,3.9695003,4.9998,12.1,39.4737,7.2365003,18.75,30.467701,29.253601,19.716402,7.3388,14.5571,,23.1597,22.217802,28.650803,,5.6250005,,,5.3333,1.7,4.5,24.234303,,2.5,0.75450003,3.0000002,17.809502,10.0,6.9785004,21.241402,6.1667004,5.9448,14.7321005,,30.705902,,6.3500004,15.857501,8.0,5.8450003,5.7143,3.9506004,,6.6667004,17.2,10.307701,,12.0633,,10.6113,7.5000005,15.9643,60.000004,5.4545,22.175303,9.8196,3.6774,21.000002,4.8611,,67.1341,4.5455003,,11.6667,15.116301,11.7621,4.8176003,11.595301,8.984,46.0189,,8.8527,12.058801,15.650001,22.557001,26.4067,,6.5000005,12.861701,9.109501,,,13.4111,4.2333,4.4324,,17.096802,4.362,22.1,8.2328005,16.6154,10.0,10.0,10.400001,4.3333,30.769201,2.3871002,4.4832006,17.004002,,18.165302,2.6000001,3.3000002,11.0275,6.4923,19.1437,9.6,12.000001,5.5000005,2.8871002,11.529201,3.1969001,5.0
1976,10.0,,32.647102,1.1500001,15.015701,6.314,5.0,,15.598901,10.7143,12.000001,14.705901,16.865002,14.541401,8.1111,2.0,,6.1017003,16.0,11.3223,21.875002,3.9552002,5.0,5.5000005,32.0242,7.2495003,19.5652,28.220402,26.681803,24.2612,7.9141006,15.1310005,,23.960201,21.680801,26.968,,5.6250005,,,5.3333,1.8000001,4.5,23.2691,,2.7778,0.92780006,3.5000002,18.04,5.0,6.8033,29.026001,6.129,6.9348,15.2897005,,36.3291,,7.0000005,10.293301,8.0,5.7000003,5.8667006,3.9286003,,6.9,15.000001,10.615401,,11.929001,,7.5436006,7.5000005,16.342701,61.818203,5.9091005,26.9291,21.4815,3.7500002,19.7826,4.8,,66.9588,4.5455003,,11.9231,15.056201,12.658501,4.8948,12.077801,9.415001,46.4837,,7.3666005,13.0058,17.045502,23.202002,26.800001,,6.8,12.8723,9.089001,,,13.333301,4.8830004,4.5946,,18.2264,4.5,24.6992,8.333301,17.6923,11.6667,10.0,11.200001,4.3333,31.538502,2.1481001,4.5283,10.578901,,19.141401,2.5906003,3.4,10.148001,7.1409,18.907501,10.185201,12.000001,5.7500005,2.9342,10.9343,3.2,5.0
1977,9.333301,,24.2611,1.2222,17.227402,6.6000004,5.0,,15.5221,11.120001,12.181801,14.948501,13.607401,12.650701,8.2222,2.5,,6.1157007,14.000001,12.589901,22.2222,3.9140003,4.9996004,1.1192,30.434803,7.4670005,22.6667,30.3971,21.743502,28.813402,7.2716002,14.9571,,24.375301,24.158201,32.245903,,6.0000005,,,5.3333,1.3333001,4.5,19.439302,,2.9167001,0.8449001,3.1667001,18.75,5.0,6.8356004,32.501404,6.1905003,11.0416,15.7958,,40.0649,,8.0,20.705902,8.823501,6.0000005,5.7500005,4.0,,6.6667004,13.333301,10.7576,,10.0358,,7.5093,6.9231005,18.8544,60.000004,6.1818,29.000002,22.181301,3.8788002,19.6507,4.7436004,,66.1638,4.5455003,,11.785701,15.056201,12.174401,4.7831,12.5017,8.5968,47.800602,,8.5955,12.500001,17.4286,25.514002,26.530802,,7.0000005,9.75,9.108401,,,14.285701,2.5009,4.7568,,13.788501,4.6000004,18.227901,8.333301,18.4615,11.1111,10.227301,12.000001,4.3333,29.1667,2.6748002,4.6226006,16.9231,,23.937902,2.5958002,3.5000002,11.798201,6.9951005,18.7865,10.7143,12.000001,5.7143,3.0769,11.1955,3.1722002,4.9474
1978,10.0,8.8791,14.2683,11.6,15.908901,5.9053,5.0,,15.607902,12.000001,13.500901,15.000001,9.159901,13.179501,8.333301,3.3333,,6.129,17.0,15.136401,21.028002,3.7129002,6.0976005,1.8653002,34.653503,7.4798,25.714302,46.920605,20.380901,13.4291,8.064301,15.028501,,28.000002,20.6735,30.165401,,6.0000005,,,5.3333,2.0,4.5,23.3227,,2.9167001,0.9994001,3.3604,18.6,5.0,8.8571005,32.0637,6.1905003,7.3298,16.9929,,32.7439,,8.0,17.775002,8.823501,6.0000005,5.5714,4.0936003,,6.1176004,10.8696,10.8955,,10.137401,,7.1027007,7.6923003,19.370401,60.000004,5.9091005,30.500002,21.7447,3.9412003,21.256,4.6914,,67.9654,4.5455003,,12.000001,15.000001,12.4449005,4.7509003,12.867401,8.589701,49.139004,,11.748,12.790701,17.4286,21.4717,26.776802,,7.0000005,13.250001,9.560401,,,14.285701,3.2558002,4.8649,,13.4038,4.7000003,25.481901,8.333301,19.117601,7.0000005,10.1481,11.6,4.3333,31.000002,1.9091,4.717,16.4286,,18.9705,2.6064,3.6000001,11.2609005,7.0935,19.3072,11.551701,12.000001,5.7143,3.0597,12.091801,3.2231002,5.1579003
1979,10.0,8.768401,18.701302,12.6667,16.4484,5.9240003,5.0,,15.787101,12.000001,13.527301,16.153801,8.9551,12.3738,8.333301,3.1250002,,6.063,15.193901,12.9512005,21.008402,4.0,7.7143,2.1606002,35.4949,7.6190004,21.4286,45.6417,14.4406,15.548,6.0995,13.7300005,,30.0762,19.591301,30.073502,,6.6667004,,,5.3333,1.7500001,4.5,15.818601,,2.9167001,1.0288001,3.3611002,19.0,5.0,7.0000005,45.071102,5.9040003,8.3855,15.574,,35.8235,,8.5,22.1607,8.695701,12.500001,5.5000005,4.1860003,,7.2222004,8.571401,10.588201,,10.562,16.6667,7.9403,7.6923003,19.3206,60.000004,5.9091005,19.8176,22.8185,4.0,20.4545,5.1429,,59.784805,4.5455003,,11.875001,15.000001,12.292901,4.5784,12.936901,8.823901,49.463303,,12.588,12.5727005,17.3822,19.1075,25.294102,,7.0000005,5.0,10.212001,,,15.7143,3.2432,5.0270004,,12.4483,4.9,18.5466,8.333301,17.6471,5.5000005,10.2222,12.000001,4.6667004,29.454502,2.0,4.717,15.666701,,22.882801,2.6071002,3.5294,10.160001,6.9732003,19.2861,13.2123,12.000001,5.7143,3.4733002,13.213,3.2583003,5.2000003
1980,9.333301,8.476201,22.843801,14.000001,17.600601,4.9864,5.0,,16.210901,12.000001,13.6,15.840001,8.933801,12.550501,8.3516,4.1971,,5.9690003,12.26,13.0926,20.992401,4.0,9.221901,9.6,43.2773,7.6190004,18.918901,42.890503,13.836801,12.167701,6.5739,14.309501,,32.1939,21.1345,35.4627,,6.6667004,,,5.3333,1.7857001,4.4966,11.4075,,2.9167001,1.2275001,2.5886002,18.708302,5.0,7.0000005,36.6754,6.0870004,12.526201,14.9468,10.0,43.352604,,7.0000005,16.5707,8.695701,12.500001,5.4167004,4.2775,,7.2727003,11.000001,10.7246,,9.4308,17.1429,7.7370005,6.6667004,19.603302,60.000004,5.9091005,12.3476,10.2941,4.1143,18.9936,5.4286003,,52.687004,4.6364,,11.764701,14.948501,12.927501,4.354,13.039101,8.8317,47.0259,,12.889401,13.237,19.075201,26.806402,25.000002,,7.0000005,5.0,9.1857,,,15.7143,3.2258003,5.0,,23.230803,5.2000003,24.139101,8.333301,18.571402,5.0,10.219001,11.9231,3.5000002,30.181803,1.1065,4.6789002,18.75,,23.125101,2.5965002,3.6176002,9.087001,7.0966005,18.698101,13.314001,12.000001,5.7143,3.4711003,11.994401,3.1250002,5.1429
1981,9.1667,6.7857003,28.030602,14.277801,16.3542,7.4774003,5.0,,16.134401,12.000001,13.5135,16.092001,9.181201,11.9958,8.444401,3.8889,,6.0000005,14.000001,15.114401,21.0011,4.0045004,8.378401,12.000001,50.208103,7.4419003,16.216202,42.705,17.5622,12.668301,11.750701,15.2381,,31.404402,19.8351,36.373104,,6.9333,,,5.3333,1.6818001,4.4971004,14.8191,,3.0556002,1.0660001,2.5003002,19.230803,5.0,7.1286006,34.7477,6.5714,11.693401,15.744201,10.0,36.9663,,7.5000005,18.792301,8.3421,12.500001,5.3846,4.3103,,7.5000005,10.5839,10.7143,,11.8835,17.5,8.1604,7.3333,17.8286,60.000004,6.3636003,25.907402,21.378,4.2045,18.323,2.6667001,,44.680103,4.7273,,12.2222,15.0515,12.3483,4.2589,13.239201,8.636701,46.454002,,12.814901,12.663001,19.132801,26.6612,25.000002,,7.0000005,3.8557,9.5596,,,15.789501,3.2321002,5.2632003,,20.3448,5.6000004,23.0547,8.333301,19.2857,5.0,10.7143,12.307701,3.5000002,29.555601,1.095,4.9524,18.75,,21.146801,2.6087,3.6275,10.4615,6.6440005,19.4932,12.3288,12.3636,6.2857003,3.4848,11.845201,3.1250002,5.0909
1982,9.1667,3.9,26.797602,14.0889015,17.1156,5.5455003,5.2000003,,16.337502,12.000001,13.571401,16.1364,9.2657,11.943701,8.5556,4.2000003,,6.0000005,15.461501,15.643301,21.0016,4.0,7.9860005,9.6,52.838703,6.8750005,18.75,42.0945,17.2862,15.9133005,11.807701,15.2381,,30.7457,23.2394,33.970104,,6.9333,,,5.3333,1.7407,4.4976,19.2486,,2.973,1.0527,2.5038002,21.1429,5.0,7.1286006,42.624603,6.5714,10.6583,14.8168,21.6667,40.666702,,8.0,16.4619,11.2871,12.500001,5.3571005,4.3429003,,7.6923003,10.948901,10.8451,,11.994301,17.777802,8.066401,7.6667004,22.496601,60.000004,6.3636003,27.271002,19.7385,4.2938,19.163301,2.0933,,46.062702,4.8182006,,15.7106,15.0515,12.336301,5.3694,13.0065,8.8645,44.976105,,12.2746,12.6533,18.894701,26.800001,23.076902,,7.0000005,4.6804,9.5544,,,15.789501,3.2800002,5.6842003,,28.107101,6.0000005,25.358301,8.333301,18.4286,11.000001,10.7143,11.9231,3.0000002,28.571402,0.864,5.0476003,18.75,,23.458801,2.5997,3.9216003,9.069,7.0556006,19.5431,12.8378,12.500001,6.2857003,3.9683003,14.2931,3.1250002,5.0
1983,9.333301,3.8333,27.118301,9.400001,17.9094,5.2727003,5.2000003,,16.087502,12.000001,13.628301,16.6667,8.7086,11.482201,8.5556,4.2486005,,5.7143,15.5143,16.4955,25.000002,4.0,8.0044,5.0,42.8102,6.8,18.75,46.500603,16.098902,14.962601,10.860901,15.2381,,27.6881,22.354502,34.732803,,6.8750005,,,5.3333,1.7647,4.4961004,16.3584,,3.2432,1.0637,2.5122,18.0417,5.0,7.1429005,41.3735,6.5714,10.4418,16.428802,14.750001,36.740303,,8.0,16.3507,7.8020005,12.500001,5.4667006,4.375,,7.8571005,15.000001,10.833301,,14.0776005,18.0,7.9778004,8.0,22.566101,61.666702,6.3636003,25.8507,21.6361,4.3820004,23.1341,2.0833,,38.451103,4.9091005,,17.578901,15.000001,12.2998,4.7184,12.767401,8.763401,45.439304,,11.303801,12.640401,18.3215,27.62,23.214302,,5.8824,5.2697005,9.5648,,,15.789501,3.2727,5.7895,,31.750002,5.2000003,22.466501,8.333301,17.333302,10.0,10.689701,11.7692,3.5000002,33.3333,1.815,5.0943003,16.0,,22.2865,2.5983002,4.0196004,5.8286004,8.7303,20.2259,11.8421,12.7692,6.2857003,4.5161004,12.631201,3.1250002,5.0
1984,9.1667,6.4615,26.7442,10.0,18.012402,5.4409003,5.2000003,,17.0414,12.000001,13.684201,16.436802,5.7143,12.3708,8.6667,3.9474,,5.8571005,15.000001,18.078802,25.414803,4.0,8.106601,9.5,47.8548,7.3300004,18.518501,46.773003,17.365002,21.6867,13.443401,15.7143,,27.661701,21.904802,35.7722,,6.8750005,,,5.3333,2.0,4.4965,19.3929,,3.6842,1.3657,2.5155,19.5,5.0,7.4667006,48.6729,6.7143,10.615201,17.388,15.750001,36.2032,,7.7500005,26.025501,7.1264005,12.500001,5.2500005,4.4068,,8.6667,14.444401,10.821901,,12.156301,17.391302,5.8754,7.9533,28.009802,60.000004,6.3636003,28.7879,14.526001,4.3889003,19.831303,2.2805002,,50.477802,5.0,,17.5729,15.102001,12.4383,4.0883,13.159101,8.707001,45.907303,,12.1243,12.777801,18.0127,20.633902,19.9841,,6.3529,6.4291005,8.1105,,,15.789501,3.2500002,6.0526004,,20.733301,5.157,24.027502,8.333301,18.400002,10.0,10.3448,11.884601,3.5000002,30.000002,1.0333,5.0943003,25.000002,,23.7422,2.6014001,3.9216003,11.542901,12.906,19.0191,12.8205,12.8571005,6.2325,5.0,14.224501,3.1250002,4.96
1985,9.0,4.2857003,24.645601,8.75,18.484901,5.5360003,5.2000003,,17.038101,12.000001,13.684201,16.6667,6.7742004,11.984401,8.6667,4.0,,5.9286003,13.425901,19.1781,21.785002,4.0030003,7.9907007,12.500001,42.857105,7.5200005,20.0,50.439804,19.154802,22.443901,13.124901,11.761401,,30.213501,21.014502,34.9985,,6.8323,,,5.3333,2.0,4.4976,16.171202,5.0,3.8158002,15.519501,2.5,26.8889,5.0,7.3636003,52.557503,6.7143,11.959001,17.7063,23.000002,40.909103,,7.5000005,18.9091,12.756401,12.500001,5.1111,4.4886003,23.982801,8.0,26.500002,10.810801,,13.261901,17.5,5.8795004,7.9533,25.2282,60.000004,6.3636003,27.0567,21.153801,4.4444003,20.537302,1.8987,,43.9523,5.0,,16.6667,15.050501,12.3666,4.1927004,13.1956005,8.689401,46.380203,,11.5598,12.702701,18.0048,21.626303,19.999802,,7.9885006,5.65,9.557501,,,15.789501,3.2353003,6.0000005,,22.2222,5.2960005,26.2882,8.333301,18.933302,10.0,10.6667,12.1538,3.5000002,26.6667,0.99000007,5.0943003,24.725302,,23.950302,2.605,4.1346,10.8824005,14.3176,19.7101,13.500001,12.5333,6.2605004,5.5556,13.965301,3.2353003,5.0
1986,9.1667,2.1111002,23.030302,8.75,17.3327,5.5231004,5.2000003,,18.5262,12.156901,13.684201,15.769201,7.6316004,12.1996,8.6667,3.8889,,5.9859004,17.3763,19.5257,20.055,3.9821002,7.6968,5.0,43.689304,6.425,18.5,54.2204,13.001301,24.9377,13.689901,11.596701,,20.7145,19.458101,42.0179,,7.037,,,5.6667004,2.0,4.8182006,19.052902,6.0000005,3.8462002,18.098902,3.1250002,26.333302,5.0,7.5652003,52.1059,7.1429005,16.1879,19.034,13.500001,39.661804,,8.0556,14.854901,6.2469,12.500001,5.2632003,4.5455003,19.7381,7.6923003,26.6667,10.6667,,15.153601,18.1818,5.8646,7.9533,22.412302,61.5385,6.8182006,26.643902,21.3351,4.5556,21.896801,1.9280001,,42.581104,5.0909,,15.882401,15.000001,11.913701,3.2923002,13.654401,8.9381,39.423203,,13.0901,12.2283,18.0352,24.3542,19.934101,,7.7111006,5.65,9.4132,,,15.789501,3.2414,5.7500005,,18.411802,5.0214,26.919401,8.333301,18.125,10.0,10.6667,12.278501,3.7500002,26.6667,0.92,5.0926003,24.137901,,19.998701,2.6047,4.1905003,11.0831,13.634701,19.985,15.301301,12.048201,6.2778,5.8876004,15.9571,3.3333,5.0769
1987,9.333301,1.6556001,22.090902,8.75,20.3012,5.4504004,5.2000003,,16.659801,11.818201,12.963,17.1429,8.75,11.955701,8.6667,3.9474,,6.0000005,13.261401,19.1853,21.5741,3.9812002,8.0846,4.2105002,33.6948,5.8026004,22.500002,53.769703,13.8583,27.431402,12.5023,11.8778,,19.9707,19.467802,42.3774,,6.9939003,,,5.6667004,2.0,5.3500004,19.1263,8.0,3.9744,16.955,3.4595,24.333302,5.0,6.7857003,56.4732,7.1429005,13.9639015,19.282803,7.26,51.034504,,7.7778,14.952001,6.5541005,12.500001,5.5789003,4.6023,23.135,7.5000005,16.2499,10.4167,,10.852401,21.625002,5.7923,5.7400002,24.1332,61.5385,6.6667004,24.757902,21.405401,4.5405,17.4932,1.8829001,,40.576702,5.1364,,13.939401,15.000001,12.935901,3.5649002,13.6291,8.939301,54.404003,,12.6461,13.297901,18.0412,30.253302,19.1042,,5.4778,5.65,11.2025,,,15.789501,3.1667001,5.8750005,,17.7049,5.0235004,24.533802,8.333301,18.75,10.0,10.6667,12.34,3.0000002,33.3333,0.95000005,5.0,27.515701,,23.788502,2.65,4.3396,11.940001,10.893001,19.924902,14.375001,12.000001,6.2162004,6.5043,14.6991005,3.3333,5.1128
1988,9.333301,1.8222001,24.059502,10.500001,20.095001,5.2021003,5.2000003,,15.892901,10.9167,12.884601,17.5,9.9086,11.497201,8.6667,4.1667004,,6.0135,12.8971,22.148302,13.551401,3.8199,7.9293003,4.1899,34.950104,5.8045,30.000002,52.401604,16.210201,25.000002,11.473401,13.0312,,20.2476,22.839901,40.306103,,7.0905004,,,5.6667004,2.0,4.9791,19.981901,9.0,3.9744,19.9162,3.7838001,21.5135,5.0,7.1000004,56.012302,6.2500005,13.606501,11.9798,7.8090005,43.7237,,8.4375,33.829304,6.4,13.000001,5.7895,4.4186,43.478302,7.8788004,15.605801,10.144901,,13.3381,25.300001,5.7215004,4.9733,23.7272,60.000004,6.8333,26.1327,21.463402,4.6237006,17.5697,1.6667,,38.801605,5.1818,,13.6,16.0473,13.666,4.4482,12.410901,8.9075,53.805504,,12.371901,14.030601,17.793402,29.382402,19.2521,,5.1111,5.65,7.5006003,,,15.789501,3.2500002,6.2500005,,18.0,4.6818,26.633402,8.333301,18.75,10.0,10.6667,12.353801,3.0000002,25.333302,1.0,5.0,26.158401,,22.9092,2.5794,4.4037004,13.8568,11.587001,20.785002,14.6386,12.000001,6.2133,6.3472004,14.125901,3.2632,5.0360003
1989,9.1667,5.2353,22.7352,11.1111,24.652102,5.2555003,5.2000003,,16.2763,10.7692,12.549001,15.686701,9.946901,11.851701,8.6667,4.0556,,6.0667005,12.6691,24.348303,11.9483,3.8212001,7.965,5.0,34.345104,5.8044,31.6667,61.160103,13.935,23.611101,10.592501,12.810401,,19.7185,24.3062,42.1809,,7.1951003,,,5.6667004,2.0,4.4087005,14.872601,9.6,3.9744,19.766,3.6571002,26.864902,5.0,7.1818004,51.7904,6.8207006,17.146502,19.258402,13.793301,45.136604,,8.125,12.045001,6.2583003,12.615401,5.6000004,4.2353,46.7853,7.6471004,19.250301,10.4167,,10.740701,28.692303,5.4335003,6.5067005,22.4687,60.000004,7.0000005,28.014803,13.333301,4.7312,17.822802,1.8000001,,45.9295,5.2727003,,13.8788,15.400001,13.703901,4.5872006,12.963701,8.9226,54.505,,10.7932005,14.024401,17.622301,38.6044,19.559,,5.8889003,5.0,7.3955,,,9.210501,2.9333003,6.1905003,,17.4167,5.2154,22.1305,8.333301,18.75,10.0,10.6667,12.1970005,3.0000002,26.6667,1.6,4.9565,20.833302,,20.487501,2.6088002,4.4144,13.4321,11.920001,20.8271,14.5066,12.000001,5.7043,6.3189,14.7377,3.2500002,5.1724
1990,10.2191,6.0625005,21.8806,12.000001,22.752401,5.3345003,4.98,,16.031,10.4412,11.000001,10.170401,7.6667004,11.7361,8.333301,4.418,,6.0526004,13.3817005,25.1847,21.1004,3.8213003,8.095201,5.0,38.383102,5.6270003,30.000002,54.687702,14.772701,23.055601,15.5130005,32.1216,,21.326302,28.406002,44.8502,,7.3350005,,,6.813,2.1794,4.4084,14.305401,10.0,4.3959002,18.7351,3.3333,24.808302,5.0,7.0556006,49.5624,6.8116,18.202501,19.597301,13.7256,30.914001,11.578901,7.9788003,15.898201,5.9569,12.000001,5.4762006,4.717,49.6279,8.032101,23.291101,10.0,,10.6667,29.9412,5.2714,8.4375,26.606602,57.453804,6.6380005,28.938803,17.5286,4.9444003,17.7817,2.0,,41.300804,2.1212,14.9516,13.9466,14.620401,13.986201,4.7667003,13.406501,8.895901,51.193703,,11.3515005,14.285701,17.608902,38.682503,20.090101,,4.6809,3.7886002,6.932,,,15.789501,3.2,5.176,,17.741901,6.1878,23.127401,9.890901,20.0,12.000001,10.213,12.746401,2.8000002,31.111101,1.5000001,5.1818,26.239101,,21.3096,2.6028001,4.7458,14.238901,12.347,21.114502,13.835701,12.000001,6.1783,6.3957005,16.0384,3.1174002,5.2000003
1991,4.4256005,6.4444003,21.9932,10.833301,20.7306,5.4693003,5.1498,,16.009201,,11.1111,10.143001,7.6748004,11.7447,6.3936005,4.3851004,,6.0000005,14.903701,28.931501,20.0,3.8214002,8.0,5.0,43.6437,5.9182005,30.000002,51.497,16.1641,27.777802,14.306401,17.841402,,21.313402,27.771803,40.838,,7.2619004,,,5.9637003,1.7008002,3.7475002,18.7891,10.4167,3.8500001,17.4297,3.3939002,25.249,5.0,6.8816004,55.627304,6.7692003,18.3011,20.7425,15.360701,41.808804,12.8205,8.375,20.3187,5.4492006,11.8421,5.4545,4.9133,,8.0556,24.9167,10.2041,,45.9378,28.000002,5.5234003,15.041201,25.6677,62.8744,6.1327004,25.955803,18.078001,7.1291003,17.7972,1.5250001,,54.1482,2.0954,16.100601,14.1176,,13.9221,3.9446003,13.489501,4.2436004,44.756203,,11.5491,14.186001,15.810901,33.871002,9.371,,6.9891005,6.5038,6.4435005,,,13.171101,3.0000002,5.6818,,16.6667,5.5556,23.615803,5.6612005,20.0,15.000001,9.559,11.802901,3.0024002,34.5957,1.3980001,4.9573,26.738,21.000002,21.042501,2.6132002,,14.363901,10.1217,20.785402,14.424801,12.000001,5.0,6.9611006,16.251202,3.3333,5.1613
1992,5.3719,8.0625,21.593401,11.3358,21.682302,5.6055,5.15,,16.363,,13.636401,13.315901,7.5117006,11.3378,5.5556,4.4014,,5.4645004,13.467001,29.556501,18.8889,3.7844,7.9167004,6.6667004,33.658802,5.9418,29.394402,50.368603,10.250001,17.1429,13.965701,32.0843,,21.602001,27.887001,41.782104,,7.1538,,,5.9995003,1.8195001,3.7475002,20.9873,10.6667,3.8052,18.7167,3.3333,24.204802,5.4,7.0000005,58.4957,6.5714,34.6357,20.0541,14.559501,42.2036,28.4286,8.125,8.2798,5.1077003,12.805201,5.4486003,5.0,,7.4435005,25.622402,10.281701,,45.9164,28.076902,5.5490003,15.151501,28.4101,65.0202,6.2051005,27.174902,18.4632,8.343801,17.77,1.4867,,54.913105,2.0897,13.944401,14.285701,,13.972301,4.5182004,13.7861,5.0754004,45.331802,,11.593901,14.202201,15.5845,31.6667,9.336801,,7.1072006,6.63,6.4495,,,13.439501,,5.1207004,,16.9997,6.3158,23.4097,5.6785,19.375,18.0,9.6523,11.6806,3.0079,30.6667,2.7900002,4.9901004,17.6678,22.000002,20.430601,2.5948002,,15.454501,12.338201,21.099302,15.163701,11.9686,4.8013,7.4914002,11.9505005,3.3333,4.6667004
1993,6.6658,7.4706006,20.338902,11.3201,24.712101,6.0988,5.1503,,16.2152,,15.200001,22.019901,7.9035006,11.159301,5.5556,4.4135003,,5.3524003,13.7791,30.204802,18.0,3.4889002,8.0,7.5000005,34.9523,5.7363,30.000002,37.129105,9.2299,14.705901,15.273601,31.958502,,21.7202,29.409801,40.3146,5.3511004,7.1859,,,5.9988003,1.9988002,3.7476003,20.531,10.227301,3.8095002,24.3192,3.3333,23.3286,7.8333,7.0216002,43.4204,6.5662007,37.3837,22.967701,11.0755005,23.5027,28.4286,7.8125005,21.387402,5.5000005,10.270201,5.5556,5.0947003,,8.1579,26.6667,10.4167,,45.895,32.1724,5.5912004,22.232101,28.056803,64.353905,6.2775,24.550402,21.3391,9.5696,17.393501,1.6565001,,35.5574,2.084,14.942501,14.444401,,13.9678,4.0585003,14.5123005,3.3142002,46.353203,,11.658001,14.191501,13.260301,28.953802,9.3951,,7.1148,5.1600003,6.4727006,,,17.1137,,4.9724,,16.6667,6.5000005,21.8862,5.6958003,20.0,20.0,9.745501,11.893001,3.0000002,39.0732,1.9738002,5.0024,16.6667,18.0,22.770802,2.5793002,,15.922601,10.097301,20.7782,14.835901,11.944401,4.5,9.496201,11.038901,3.3333,5.1250005
1994,8.5177,8.1176,17.203901,11.341801,25.036802,5.6894,5.1505003,,16.2201,,16.6105,23.835901,6.3900003,11.539201,5.5556,4.6667004,,5.2409,19.2162,32.006702,17.2727,3.4889002,7.9245005,5.0,34.6272,5.9474,26.000002,35.5524,8.131201,28.8462,14.000001,32.1739,,22.9851,32.8499,39.395603,5.4739003,7.2135005,,,6.1934004,2.0,3.7476003,20.077402,10.243901,3.6444001,23.6551,3.3462002,30.381,6.5333,7.4849005,37.486504,6.5634003,61.680603,24.231302,13.208701,45.226105,26.6667,7.5000005,15.118001,5.3846,12.727301,5.4894004,5.2023,,8.25,26.6746,10.6667,,45.873604,33.3333,5.3372006,32.021103,30.5307,62.500004,6.3150005,18.7686,15.389001,10.810401,17.431301,1.9172001,,34.706104,2.0784,24.175802,14.216201,,13.9643,4.0871005,15.661901,3.3126001,45.303402,,11.6861,14.195901,13.5943,26.878502,7.9130006,32.307602,7.3263,7.3529,6.4739003,,,18.5,,4.8172007,,17.0,6.5000005,21.111101,5.7131004,21.2,14.500001,9.8388,12.782001,3.0277002,27.604101,2.0,5.0148,25.000002,16.6667,22.351402,2.6072001,,17.584301,10.578,21.457,15.030801,11.9048,4.5,8.356901,11.428801,3.1753001,5.2469
1995,9.677401,8.3529005,20.625002,11.440701,25.1301,5.6287003,5.1507006,,15.969801,,14.272701,21.0336,8.8661,11.388901,5.5556,4.1667004,,5.1301003,16.4301,33.0874,16.480402,3.8601003,7.9280005,4.2667003,29.9955,5.8915005,29.092602,38.982002,9.195001,40.3846,15.000001,29.1026,,23.708101,34.455803,43.802303,5.5968,7.2377005,,5.1948,6.2500005,2.2857,3.7500002,15.494401,9.5238,3.9762,25.250801,3.3200002,37.1429,7.1920004,7.4222007,38.7109,6.5278,77.59221,23.7897,12.1066,48.0802,26.6667,8.125,16.073502,5.1128,10.031401,5.5000005,5.1634,,7.6378,26.621601,10.625001,,45.852104,31.034502,5.4762006,21.703701,27.6262,63.442303,6.6219,21.4286,20.6952,12.067401,17.6797,2.2,,37.059105,2.0729,23.932302,13.947401,,13.933201,4.0912004,15.5941,3.3109,45.483803,,12.481701,14.200001,14.8723,26.499502,7.7522006,32.307602,7.0400004,4.3875003,6.4581003,,,21.250002,,5.2000003,,16.9886,5.7659,23.116302,5.7304,23.125002,15.000001,9.9321,12.963,3.0307002,29.006302,1.4837,5.0272,26.956501,17.8976,21.9272,2.6225002,,16.573,10.727301,17.2792,13.975301,11.8971,4.6154003,8.531301,11.248501,3.0000002,4.8485003
1996,9.4193,8.8125,14.241501,11.538501,24.743801,5.2356005,5.1509004,,15.988201,,16.6105,26.510502,9.348001,10.391201,5.5556,4.1632004,,5.0201,14.4501,35.0324,15.808901,3.7357001,7.8769,3.5714002,29.1951,6.0000005,30.000002,36.628803,10.868501,33.3333,13.542001,30.605402,,22.969402,37.163303,39.9524,5.7196,7.3466005,,5.2331004,6.1932006,2.8444,3.7830002,15.122401,9.7325,3.8864,21.922901,3.3889,45.800003,7.1920004,7.1500006,45.284702,6.5714,61.687202,23.5137,22.867302,43.799103,33.3333,8.1818,13.6463,5.0,9.764901,4.6667004,5.2222004,,7.3333,26.394802,10.597301,,45.8307,31.571402,5.6818,20.1852,32.298203,62.713303,6.5385003,26.6646,18.478302,13.4656,17.8546,1.3567001,,55.534702,2.0674,15.082601,13.846201,,13.952701,4.1742005,14.9953,3.5995002,43.186604,,12.278001,14.192301,15.234001,24.895302,7.3418,33.551804,7.0800004,5.0,6.4769,,,24.000002,,4.1534,,16.9727,5.8696003,20.5112,5.7476006,22.000002,18.571402,10.025401,12.308001,3.0338001,42.58,1.6323001,5.0397005,27.982801,18.333302,21.655201,2.6593,,15.206201,10.1456,20.476402,13.7508,11.876801,4.6667004,8.405401,12.6905,3.3333,4.8824
1997,9.7277,8.625,23.716803,11.4165,20.813501,5.4886003,5.1511,,15.850902,,22.939402,35.9168,9.5471,10.159401,5.5000005,4.1127005,,4.9109,16.048801,36.0605,15.384601,3.7370002,7.6500006,3.6826003,31.248602,5.5702004,29.572,37.2454,6.4122005,29.687502,14.329101,25.2667,,23.153902,37.7661,47.810402,5.8424,7.2609,,5.2426004,6.1765003,3.5000002,3.7864,24.502602,9.599001,4.0465,21.9731,3.4,38.5714,6.1920004,6.8750005,42.328003,6.5789003,39.135605,29.843401,22.544302,49.484802,26.6667,8.125,13.647401,4.3942003,14.076701,4.6774,5.1766005,,7.4286003,25.6462,10.588201,,45.809303,33.2857,5.7778,30.750002,25.2866,60.000004,6.3704004,28.701302,19.464401,14.763801,18.0032,1.7135,,41.4438,2.0619,15.384601,14.000001,,13.882401,4.4142003,15.014501,3.5861003,41.8249,,12.6422,14.112101,15.286,20.924402,7.2601004,39.951603,7.0819,5.2882004,6.4258003,,,20.4697,,3.0000002,,16.9612,6.3131003,21.952402,5.7649,21.1765,42.500004,10.1186,13.076901,3.0370002,21.433302,1.6543001,5.0279,23.529402,17.639301,23.265501,2.5025,,16.171902,10.1411,21.6123,14.243501,11.857201,4.8851004,8.388401,12.222901,3.0743003,4.8190002
1998,9.6875,8.5556,24.1411,11.4286,21.2786,4.7429,5.1513,,15.769001,,19.8889,35.0592,9.5108,10.265901,5.9091005,4.0,,4.8027005,19.7707,36.768105,13.9711,3.7370002,7.3167005,3.5453002,30.238802,5.734,29.684301,44.735104,9.5786,40.625004,14.3181,22.1686,,26.4022,38.5675,44.5112,5.8822002,7.55,,5.2520003,6.1111,3.1667001,3.7889001,18.8151,9.323701,4.2381005,21.689402,3.3000002,41.4,7.1920004,6.5309,38.4544,6.5379004,44.407104,32.826103,16.2817,45.4732,25.282803,8.0,15.269501,4.3942003,14.943901,4.6987004,5.1808,,7.2500005,23.2857,10.643001,,45.7879,31.875002,5.7778,28.454502,22.965302,61.5014,6.4519,25.212301,20.135801,16.082,17.833302,1.9825001,,45.175804,2.0566,16.198,10.0,,13.8821,4.5927005,15.0959015,4.4614,32.0122,,11.6105,14.100901,10.038701,20.836102,7.149,39.947803,7.2429004,4.6667004,6.4785004,,,19.873402,,3.2222002,,16.6667,6.3829,17.463802,5.7822003,22.352901,37.931004,10.211901,12.8358,3.0000002,37.2154,1.6411,5.0488,26.823101,18.4615,23.1347,2.4972,,16.5652,10.0614,18.0181,14.7278,11.8393,5.0,8.6468,20.6256,2.5,4.7059
1999,9.6667,8.0,20.5882,11.333301,19.742802,5.1233,5.1515,,14.317,,20.1802,34.0539,9.800501,10.564,5.5556,3.9048002,,4.6954,20.6907,38.1084,9.3911,3.7370002,7.9998,3.8243003,34.240303,5.8227005,29.8565,43.2265,7.6384,42.187504,14.3061,33.260605,,33.016502,32.365402,40.873104,6.4211006,7.1429005,,5.2611003,6.2143,3.0000002,3.7913003,20.203701,9.830501,4.4444003,22.378302,3.3333,52.171402,7.1920004,6.0667005,20.1657,6.4444003,47.8437,34.306103,26.128002,45.276703,24.239101,8.0,21.628801,4.3942003,14.580001,4.5938,5.2222004,,7.7778,24.1852,10.5556,,45.766502,32.558804,5.7609,33.037003,23.055101,61.351704,6.5265,27.2462,19.8684,17.751501,17.5806,1.9935001,,43.9537,2.0513,16.285702,11.803901,,13.907401,4.3708,16.091202,4.5955,40.840103,,12.2825,14.1071005,15.102901,20.380802,6.3922005,49.745304,7.2154,5.1282005,7.0613003,,,17.1875,,2.9474,,17.034601,6.0714,25.5296,5.7995005,22.9412,40.131603,10.305201,12.8378,3.0464,16.875,1.6273001,5.0694003,27.709902,18.667301,23.717302,2.9646003,,19.405201,10.1576,17.246801,13.5336,11.818201,4.6587005,8.752701,21.040401,2.8571002,4.808
2000,9.677401,8.4706,20.5882,11.4286,19.117802,5.5448003,5.1518,,14.1343,,13.000001,34.1907,10.243901,10.7925005,5.4737005,3.8714,,4.5893,19.8247,39.141003,7.2573004,3.7370002,7.9997005,3.8273003,32.7988,5.9115005,29.752302,39.3302,8.7341,26.562502,14.2938,28.412401,28.278301,21.590801,34.485302,44.694103,6.6667004,7.5000005,,5.2700005,6.3158,2.8571002,3.7991002,27.326101,9.8255005,4.4249,22.130302,3.3750002,52.472504,7.7791004,9.3220005,20.889902,6.4500003,50.952003,30.0986,29.0097,35.0008,23.3202,8.160001,10.0058,4.7619,13.831201,4.7517004,5.1577005,,7.4000006,23.871902,11.000001,,45.745102,30.5641,5.8,31.300001,25.896803,63.636402,6.4286003,33.9994,17.3824,19.375,20.7254,1.7586001,,26.267801,2.0461001,16.410301,12.210401,,13.862101,4.6478,15.023001,4.8012004,51.067,,12.888101,14.087001,14.981901,21.9239,5.3381004,39.957603,7.1429005,4.6429,6.1371,,,17.1429,,2.9,,18.2609,6.0465,22.319,5.8168,23.1765,40.131603,10.371501,12.988501,3.0529,22.2222,1.4200001,5.1250005,37.1014,17.8571,22.464901,2.3094,,22.2572,10.0,17.1107,11.4193,11.802701,5.0,8.698501,21.5041,3.1818001,4.8571005
2001,12.280701,8.3125,20.833502,11.250001,30.534903,5.1639004,5.1520004,,14.121301,,13.26,21.199802,9.3461,12.104901,5.5000005,3.9111004,,4.4843,21.521801,40.3304,9.5221,3.7370002,8.0003,3.9809,28.785501,5.7146006,29.774902,39.1276,10.655701,35.0,14.281501,27.994402,33.7487,26.539001,41.0148,45.867104,5.7538,7.1470003,,5.2785,6.3625,3.2,3.8048003,25.287401,9.7726,4.2997003,19.186,3.4167001,40.6494,8.097301,8.4043,22.968302,6.5909004,55.905502,30.480303,25.887001,41.316902,24.2464,8.0,11.6806,3.7500002,13.977401,4.2332006,5.1279,,7.6667004,24.2722,10.9027,,45.7237,33.8095,5.7843,31.058802,28.542402,66.66671,6.0645003,29.677902,20.370401,20.0,23.421303,1.5967001,,32.8725,2.0411,16.7931,12.4006,,13.8541,4.7127004,15.719401,4.8038,38.606003,,13.083301,14.101701,15.004701,21.4262,5.8423,29.177301,7.0725,5.3684,4.9114003,,,21.582802,,2.7273002,,16.9811,6.1364,19.8614,5.8341002,21.8889,31.000002,10.4811,13.366301,3.0604,20.0,1.5920001,5.1140003,40.0,18.571402,22.830801,2.5967002,,21.063002,10.0,17.886402,11.255,11.7763,5.0,8.8776,19.545301,3.2,4.8333
2002,15.000001,10.0769005,20.9302,11.1111,24.899801,5.3433,5.1865,,14.558901,,12.8,17.4407,9.6156,13.3002,5.4286003,3.9233003,,4.3806005,22.416302,44.899002,8.9521,3.7370002,8.0024,4.0,28.196802,5.7991004,29.782402,38.466602,7.6246004,36.2069,14.269401,31.709303,35.0068,24.4377,41.5348,44.529102,5.8621006,7.0765004,,5.2867002,6.4215,3.5000002,3.775,23.255802,9.822201,4.2999,22.4046,3.4167001,49.839703,8.4586,8.117701,39.843105,6.8444004,58.653202,27.9916,28.667303,40.847504,24.028002,8.0741005,20.790802,4.4444003,13.729001,4.2319,5.0526004,,11.816001,26.7695,10.905601,,45.702305,36.3087,5.8252006,30.000002,29.354403,61.270504,6.4286003,31.1431,12.000001,20.0,20.5406,1.35,,51.148804,2.0361001,16.0678,12.6111,,13.8732,4.7219,16.044,4.8759003,44.558605,,13.253201,14.098401,15.035501,23.2884,5.0010004,29.2581,7.3684,5.0088,7.7603,,,21.527601,,3.0000002,,16.7727,7.2284,3.7057002,5.8505,22.2222,23.612902,10.588201,14.8238,3.0697,18.1818,1.5833001,5.2000003,39.832302,18.578001,23.6625,5.9483,,16.8587,10.0,15.9168005,11.439,11.7391,5.0,8.7798,32.9355,3.1940002,4.8194003
2003,19.117601,13.1538,20.788902,11.0526,24.8402,5.6692004,5.2151003,,14.327001,,12.5926,29.413002,9.4189005,13.346001,5.4545,3.9600003,66.0,4.2783,23.104902,42.9982,9.3258,3.7370002,7.2727003,4.2857003,29.0589,5.6481004,29.800802,45.531902,10.661501,36.428604,14.257401,31.7205,30.712402,27.602402,40.8732,41.684605,6.0224004,7.1111007,,5.2946005,6.4323,3.8095002,3.8018003,29.570501,9.5556,4.3384,22.3117,3.4444,46.943302,8.8008,6.9409003,42.0749,6.7391005,48.747303,27.791002,29.505302,36.3496,23.920502,7.931,17.4222,5.6792006,12.806601,4.2424,5.0719004,,14.444401,26.071201,10.921201,,45.6809,35.4209,5.8252006,27.500002,28.256502,69.2308,5.7303,14.064001,22.224302,20.7101,20.3846,1.5529001,,58.748,2.0313,16.7742,11.408701,,13.8858,4.7106004,16.0482,4.8114,43.3987,,13.159301,14.0323,22.2434,24.166,4.9621005,27.8777,7.4000006,5.1372004,6.6884003,,,20.397001,,2.8571002,,16.7727,6.0000005,15.975,5.9376006,19.6667,27.459002,10.625501,13.248301,3.0753002,16.6667,1.5741,5.2344003,43.650803,18.0,23.2355,4.8212004,,18.7747,10.0,16.4597,14.418401,11.626,4.9793,8.7775,37.120003,3.1812,4.7368
2004,17.777802,13.2143,20.8096,11.000001,23.684502,5.2885003,5.1923,,14.337901,,12.500001,31.745602,9.4821005,13.4073,5.5217004,4.0579,66.034706,4.1774,22.896402,44.9002,9.7151,3.7370002,7.3983,4.1667004,27.031301,5.6364,29.8665,42.9317,13.360401,27.4046,14.245701,31.256903,26.714302,27.071701,41.1435,43.0387,6.3366003,7.0000005,,5.3017006,6.4677005,4.0,3.8294,24.786701,9.942,4.3738,23.366802,3.3333,48.0727,9.2076,6.6033,42.238503,6.6667004,51.076504,28.399801,29.565302,49.692303,23.823301,8.064501,28.7879,3.7031002,12.684901,4.1875,5.0,,16.2222,30.571402,10.937901,,45.659504,36.346203,5.8654003,28.378101,29.988901,41.1178,7.1724005,15.928,22.727303,20.0,17.0,1.6880001,,55.978603,2.0268002,14.226401,11.9048,,13.863001,4.7077003,16.895302,5.511,42.3837,,13.5853,14.080001,23.237402,24.6079,3.4284,27.145401,7.1583,5.1471004,6.7965,,,24.4217,,2.8182,,16.7727,6.0119004,23.6107,6.2500005,24.777802,30.353401,10.695901,11.2751,3.081,15.150201,1.5655,5.2308,43.3333,17.8234,20.7541,7.8741007,,18.5926,10.0,13.838,14.3719015,11.6,4.9826,9.6815,34.9709,3.1921003,4.9809003
2005,18.4615,13.333301,20.830301,10.564501,25.6317,5.6028,5.2273,,16.685402,,12.500001,28.746902,9.5748005,13.647501,5.5000005,4.0,66.1358,4.078,23.5907,44.997,9.6256,3.7370002,7.3115005,4.0,26.6851,5.7522006,30.000002,39.598804,15.530001,28.356,14.234301,30.916302,23.1667,27.674501,42.812103,36.130604,7.5244,7.0597005,,5.3081,6.4417005,4.0,3.8687,26.756,10.0558,4.406,23.4132,3.3565001,52.107605,9.486401,7.6120005,43.2023,6.5789003,51.028503,33.165604,30.158302,46.219604,23.6197,7.9449005,25.000801,3.3636003,15.000001,4.3029003,5.1288,,14.800001,29.000002,10.918401,,45.638603,35.849102,5.7407002,30.770002,29.231602,68.908905,8.875,35.4233,22.226501,19.4737,15.000001,2.4433002,,45.877804,2.0224001,14.223901,12.0106,,13.8561,4.7267003,17.830902,4.519,42.2335,,15.076401,14.062501,23.231401,19.3902,3.8402002,29.697,7.4769,5.1136003,7.1781006,,,28.026602,,2.8636003,,16.973001,6.0000005,34.9004,6.0606003,21.3889,33.8095,10.7748,13.6892,3.2380002,13.3133,1.5578002,5.1852,41.666702,18.018301,16.807802,6.2336006,,23.8791,10.0,15.098401,14.315201,11.538501,4.997,9.9069,50.5045,3.2146003,4.75
2006,18.965502,17.0,21.046501,10.358901,16.7787,5.7409,5.2205005,,16.2777,,12.500001,26.932701,9.610401,13.785901,5.44,3.9700003,66.2319,3.9802,24.155401,44.9977,9.8638,3.7370002,7.2380004,4.0099,25.367802,5.7377005,30.000002,46.2759,13.169801,26.923101,14.223001,25.948301,11.000001,29.267101,43.012604,36.345104,7.4909,7.5000005,,5.3141003,6.5074,8.0,3.8272002,24.5305,10.0,4.4382005,21.5629,3.2258003,45.924603,10.0901,6.6000004,29.733501,6.5728,53.5082,34.7531,28.2311,45.328503,22.500002,7.9111004,29.063501,3.3333,15.000001,4.3333,5.2381005,,15.000001,29.133303,11.000001,,45.618202,36.642605,5.7273,32.2281,29.542803,65.2778,8.75,35.214603,22.392902,19.4872,15.200001,5.9894004,,54.6082,2.0182002,14.217701,11.6667,,14.4216,4.6783,17.907402,5.0282006,44.1682,,15.845401,14.603201,25.640701,20.6376,3.4865003,29.962502,5.0727005,5.2632003,7.2438,,,24.549902,,2.8571002,,16.9881,6.0862007,33.763103,6.2500005,21.8889,35.0,10.8556,13.252401,3.1729,11.564901,1.4545001,4.4199,45.5069,18.197601,21.215502,7.0202007,,19.037,10.0,14.8508005,14.361701,11.4800005,5.0575004,12.159,49.647503,3.1818001,5.8722005
2007,21.4822,17.0,20.9195,10.1348,18.281,6.5407004,5.2830005,,17.086,,13.994101,25.4387,9.5181,13.773901,5.5385003,3.1111002,66.323006,3.8841002,25.4295,45.000004,16.9999,3.7364001,7.1508,4.0,25.605001,5.7025003,30.434803,47.449802,13.6,27.519402,14.212701,26.5736,8.088201,30.405302,43.8307,37.4349,6.6215005,6.3378,,5.3846,6.5000005,7.9861007,3.9024,,10.0,4.4704003,20.6032,3.4010003,40.197502,,7.0268,29.7261,6.5556006,55.574303,36.2052,28.662,45.0535,23.7607,7.8903003,22.639402,3.5520003,15.000001,4.3333,5.2727003,,16.8745,30.000002,10.909101,,45.5979,37.391502,5.8036003,25.4571,25.968502,45.6327,8.34,,19.4526,19.5,11.484301,3.9186003,,61.229004,2.0,14.232201,11.8653,,14.2571,4.8285003,19.063002,4.3122005,43.964703,,17.1354,14.461501,27.826002,22.007902,5.0,29.249802,5.67,,7.0684004,,,22.857101,,2.9091003,,17.0069,9.001,37.275303,4.6154003,22.2222,38.0,10.938601,14.613501,3.1550002,7.1429005,1.4737,3.8491004,42.8814,18.6667,21.629301,7.6221004,,22.076,10.0,14.641401,14.263201,11.1538,5.2273,12.632001,49.3927,3.3120003,7.2774
2008,17.9816,17.0,20.886501,9.633,21.015001,7.0398,5.3704,,16.465601,,17.000301,26.7597,9.4903,13.639001,5.5717006,3.2,66.4133,3.7906003,24.6529,45.317604,17.0,3.7370002,7.0595,3.9778001,27.454601,5.6915,31.0512,42.5012,11.9933,22.6,14.552901,24.257801,9.213201,31.092802,44.7669,40.3904,6.6864004,2.9837,,5.3151,6.7852006,8.75,3.9036002,,10.943401,4.5026,21.464,3.4,36.981102,,5.1167006,29.603601,6.1009,55.706104,36.9774,29.150402,42.593002,23.333302,8.0444,25.437801,3.6104,20.3819,4.7188,5.2062006,,13.9496,29.900002,10.909101,,45.577503,37.7815,5.7279,25.656301,27.6791,24.5785,7.6563,,20.8426,19.505001,12.023401,4.407,,49.569702,2.0117002,15.383,11.9097,,13.707701,4.8118,19.52,4.4424,43.8963,,19.807901,14.264701,30.091002,23.4402,7.8452005,30.4762,7.3846006,,7.0378003,,,28.3784,,2.8261003,,17.0153,9.327901,47.9849,5.7450004,21.111101,38.3333,10.833301,11.627001,3.1374002,5.0028,1.5221001,2.8125002,46.489803,18.419401,18.701801,5.8160005,,17.7303,10.0,13.973901,14.7368,11.006801,5.1731005,12.8732,49.451702,3.3902001,11.004401
2009,18.6627,15.000001,20.898,9.314701,22.547802,8.3901005,5.1585,,15.6048,,19.152401,25.774302,9.011701,14.1436,5.6101003,3.3517,66.50271,3.6990001,26.0741,39.2272,17.0139,3.7370002,6.5911,3.9614,27.859001,5.6802006,31.4347,27.200802,7.4287004,27.572,14.572201,32.640903,15.377901,35.3392,46.7994,38.6834,7.0929003,6.2176003,,5.3102,6.9767003,8.965501,4.3523,,10.877201,4.5348,21.279902,3.3960001,42.3424,,7.3122005,30.0316,5.6975,53.551003,34.362602,29.0296,46.755,23.698502,7.9947004,25.134201,3.5883002,24.137302,4.6364,5.1948,,12.796201,28.8722,10.9821005,,45.557102,39.2857,5.6128,25.529402,29.446802,41.026,7.0000005,,22.1053,19.5122,12.638901,2.7262,,65.5345,2.0094001,15.549401,11.8596,,13.7766,4.6853,19.7931,4.3632,43.9089,,20.1921,14.000001,34.4765,19.832201,7.8453,31.6152,7.5000005,,8.666401,,,21.3636,,2.7500002,,17.0236,6.4176006,41.908802,6.0000005,20.0,33.3333,11.3185005,11.475401,3.1207001,5.0,1.5137,3.6250002,47.189003,18.443802,15.104201,5.9203,,18.8539,10.0,13.4461,15.174201,10.852701,5.0003,12.901201,49.4407,3.45,13.567901
2010,18.833502,14.689701,20.9191,8.9847,26.178001,6.9858003,5.0887003,,15.168001,,21.366802,29.4332,9.1808,14.2875,5.6394,3.3160002,66.0,3.6094,26.755402,40.501003,17.295801,3.7436004,6.9517007,4.0103,25.863302,5.6577005,31.805101,46.9389,9.178,25.794,14.5943,33.486603,18.903101,36.778,45.398003,43.4999,8.4856,5.5727005,,5.3050003,7.5000005,9.589001,4.6916003,,11.1641,4.5670004,25.165201,3.3850002,40.305202,,11.9166,38.3823,5.2041,56.825603,35.8795,25.776001,44.816803,23.597502,7.1532006,23.612001,3.5204,18.968401,4.5428,5.1864,,14.202801,28.953901,10.882901,,45.5367,41.643303,5.5009003,27.628101,27.342302,41.894,7.1253,,22.0221,22.0109,13.764201,2.9169002,,47.199604,2.0072,15.6618,15.238201,,14.724701,4.6987004,19.894402,4.4452004,39.958202,12.8578005,20.250301,15.000001,37.130802,20.839802,7.5286007,32.728703,7.3750005,,5.9921002,,,23.272802,,2.5648003,,17.0319,14.949901,45.301304,6.0209002,19.777802,31.500002,11.6667,11.8695,3.5000002,4.965,1.5053002,3.5000002,47.465702,18.446802,21.4001,7.5512004,,18.1438,9.8518,9.7198,15.636901,10.6667,5.0168,12.930501,50.932102,3.4286003,16.1178
2011,25.260801,17.202301,20.9381,8.645401,18.1092,6.7768,5.0090003,,15.153901,,24.213402,28.178802,9.2346,14.5613,5.6598,3.2844,66.677505,3.5218003,26.9402,45.3069,12.244101,3.7478,7.1012006,3.9822001,26.002401,5.6441,32.852,50.579605,8.779901,25.226902,14.6168,21.250902,22.340902,38.691803,44.871002,37.8937,8.120001,5.3346004,,5.2996,7.6364,10.067101,5.2500005,,11.478701,4.5992002,26.9151,3.3855002,43.7057,,14.9096,38.382202,5.3,58.8799,35.7252,25.9416,47.9508,23.4932,7.2906003,24.507402,3.4524,24.287302,4.446,5.1852,,14.268001,30.003101,10.8341,,45.516304,44.261303,5.3846,29.037802,28.7907,43.308105,7.5705004,,21.215302,24.110302,10.5136,3.6791003,,53.249302,2.0051,15.233001,14.0796,,15.4266,4.7021003,19.668901,4.7008,30.634201,13.238901,20.361101,15.7143,39.7635,20.751001,7.8450003,33.7504,7.2732005,,6.2065005,,,24.911402,,2.4636002,,17.0402,39.2069,41.5934,6.0417004,20.3444,36.600002,11.889001,15.892501,2.8000002,3.6171002,1.4968001,3.5000002,45.817802,18.434902,23.062502,5.9086003,,19.488901,9.8848,10.1413,16.3682,10.533501,5.0242004,12.6293,51.303104,3.8235002,18.561401
2012,25.844301,17.5287,20.957,7.1429005,21.157001,6.6508,4.625,,15.1371,,24.199501,37.519802,9.0802,14.346201,5.9375005,3.2692,66.7629,3.4363003,29.283,44.954002,13.668501,3.7494001,7.0825005,3.9542,23.9827,5.6304,32.9655,56.781105,10.780001,25.649601,14.639201,42.556503,25.769201,33.250103,45.0595,40.507504,8.400001,5.1853,,5.2632003,7.7273,10.5263,5.1190004,,12.500001,4.6314,26.239601,3.3898003,43.618004,,20.935802,38.546803,5.1923,59.995903,34.161102,21.7607,53.008003,22.6667,7.1929,18.5895,3.3845003,20.823801,4.4928,5.1471004,,20.5922,30.333502,10.583301,,45.4959,41.1682,5.4351006,28.231302,30.3491,39.0623,7.5806003,,19.9922,27.142902,9.900801,3.8465002,,55.83,2.0,15.229501,22.716002,,16.1777,4.6919003,20.157501,4.3689003,36.3809,13.7377,20.3116,16.3889,42.2835,22.1951,7.7678003,34.5614,7.2875004,,7.3055005,,28.571402,24.550303,,2.2174,,17.0485,23.637701,45.046803,6.1224003,21.0526,49.800003,12.432401,12.6861,3.0000002,2.0860002,1.4732,3.6000001,46.2438,18.0,22.8057,5.7096004,,18.184502,9.948001,15.143901,16.5081,10.333301,5.0316005,12.667001,50.878902,4.25,22.512302
2013,24.4507,17.993502,20.976002,7.9454,23.233902,12.735201,4.8684,25.500002,16.0896,,24.101402,37.187603,8.857201,14.209401,5.6588,3.1863003,66.84771,3.3530002,30.804102,44.8289,14.000001,3.7523003,7.0344005,3.9261003,26.216002,5.6166005,32.895103,56.442802,11.0233,27.8932,14.661501,45.648605,25.769201,31.779902,45.892105,39.670303,8.221401,5.0363,,5.3031006,7.7681003,10.8,4.9897003,,11.9456005,4.6636004,27.014101,3.3924,47.035805,,23.373901,35.303604,5.1566005,59.668304,34.642002,31.201101,53.198803,23.810001,7.5654,52.4444,3.3165002,22.850302,4.4976,5.1539,,21.988802,30.611803,10.7672,,45.475605,32.7689,5.4198003,28.1401,28.960302,46.1954,7.6000004,,20.321402,28.760502,10.6582,3.9888003,,46.754105,2.0012,15.340501,14.2643,,16.5822,4.7062006,20.588402,4.2423,40.1164,12.8177,19.385801,16.9317,44.650105,20.9526,8.0,36.836605,7.3064003,,8.316501,,28.570902,24.7691,,2.3532,9.8366,17.056902,16.150902,39.3852,5.9992003,20.834902,73.5,12.052001,25.7381,3.0000002,1.2420001,1.4823002,3.4519,46.139603,18.477001,22.334902,5.7043,,18.1923,9.9392,15.365001,16.832401,10.1625,5.0389004,12.557901,55.205803,4.25,24.771101
2014,27.435902,18.230902,20.984001,7.3603,21.057001,8.2806,4.9100003,25.2381,16.6949,,23.703001,36.3655,15.230901,14.524301,5.7647004,3.107,66.93201,2.8889,30.081402,44.634502,16.0825,3.7551003,6.8894,3.6063,23.975801,5.6027,33.136105,56.277103,13.958701,27.300001,14.6835,43.1694,25.2595,37.090103,46.6542,40.0074,8.863701,4.8873,,5.3178,7.8331003,11.000001,4.9852004,,12.079101,4.6964,37.023304,3.3950002,47.996902,,26.2429,56.000004,5.0477004,60.198,37.0367,31.508501,53.086605,24.214302,7.9355,43.0908,3.1932,27.7056,4.5194,5.1653,,22.189402,33.846703,10.840301,,45.4549,40.798,5.4041004,28.706501,28.833101,30.3027,7.9488,,19.0366,30.603,10.4841,4.0141,,56.551903,1.996,16.1926,12.7966,,17.037802,4.7063003,21.3277,4.2562003,39.021103,12.803301,31.4067,17.4225,47.745102,21.480001,9.0,38.4,7.3876004,,4.4020004,,25.971401,25.221802,,2.3845,9.8374,17.0575,16.4711,35.5887,5.9421005,20.844301,76.0,12.148601,37.973003,3.0000002,0.84400004,1.4549001,3.321,47.1017,18.675303,22.5641,6.3168,,18.7701,9.8681,14.822801,16.2329,9.9636,5.0677004,12.5605,57.119003,4.2232003,27.0365
2015,28.3019,18.8623,20.977001,7.0714,21.3797,4.6915,4.8752003,25.2632,16.642302,,22.4121,24.672401,14.856201,14.344801,5.7241006,3.0606003,67.0158,3.2331002,25.976501,44.458504,15.933801,3.7579,6.8208003,3.0276003,25.808102,5.5623,33.440002,46.6752,10.7679,27.300001,14.705201,43.1249,23.1306,38.7864,47.7535,42.560802,9.0367,10.0,,5.3149,8.007601,11.000001,5.2073,,12.374401,4.7344003,37.333603,3.3976002,50.573402,,19.647402,56.000004,4.7362003,60.101604,35.548702,30.588902,47.6987,23.775803,7.8631005,52.446804,3.1976004,21.2482,4.5671005,5.1862006,,28.401302,36.122105,10.791901,,45.437504,39.748104,5.3511004,28.920301,29.169,31.848402,8.9333,,16.9549,29.059803,12.692,3.9906003,,56.714302,1.9967,16.3738,11.666401,,16.1396,4.6898003,21.2796,4.1903,37.9842,12.7823,31.918001,16.4296,48.5214,23.460302,8.996901,40.250004,7.4303,,4.6193,,22.879301,25.657902,,2.2078001,9.897401,17.059101,21.9645,34.6167,5.9434004,20.683802,76.85451,12.417001,27.128601,3.0376003,0.5236,1.4641,3.2131002,46.3344,17.7749,19.447,7.9205003,,16.199402,9.887501,14.9995,16.4561,9.865201,5.0832005,12.410601,57.017002,4.1590004,29.282803
2016,27.372902,22.9482,20.995401,5.6432004,21.324402,7.2775,4.8560004,25.500002,16.8243,,23.768301,29.273901,15.1021,14.285501,5.6910005,3.0158002,67.0993,3.1963003,29.986902,44.442,15.457401,3.7607002,7.1103,2.7779,25.231201,5.5751004,31.0011,57.0119,12.1428,26.236902,14.726601,42.489605,25.0187,36.208202,43.2807,45.2119,8.5157,10.0,,5.3177004,7.6361003,11.000001,5.3596005,,11.651701,4.7659,32.216503,3.3918002,48.271603,,20.6499,56.000004,5.1417003,59.890003,34.643303,32.4301,53.8614,23.525002,7.7028003,44.706703,3.2662,20.3572,4.3428,5.1688,,27.839201,47.2737,10.7945,,45.4169,39.321003,5.6602006,29.1667,30.448402,30.292902,6.9,,16.8348,29.447903,13.8831005,4.078,,61.960503,1.9914001,16.5042,11.666401,,16.060001,5.1229,21.356802,4.6906004,37.600803,12.9103,32.0592,16.334301,48.787502,25.1912,9.199901,36.0,7.4754004,,4.7083,,20.1762,25.902802,,2.3538,9.748,17.057802,24.055801,30.643803,5.9507003,20.733501,84.904305,12.6057005,22.616802,3.0676003,0.78730005,1.4669001,3.3324,49.144703,17.781502,16.4082,7.7233,,11.520401,9.844001,15.153801,16.177301,10.207201,5.6070004,12.3213005,56.980305,4.1951003,32.012302
2017,26.1842,40.7984,21.013802,4.191,29.454,7.8379,4.8419003,24.545502,16.5921,,24.4466,35.1679,14.346701,14.2728,5.6915,2.9717002,65.9234,3.1613002,31.8201,44.386803,15.210001,3.7635002,7.0092006,2.8132,25.303802,5.5915003,28.5851,59.6439,12.290001,27.6872,14.7475,42.059303,24.686602,39.745804,45.111603,46.420605,8.3241,10.0,,5.3199,7.6242003,11.220501,5.4877005,,11.824401,4.7939,33.5,3.3905,51.7089,,28.204302,51.814102,4.9251003,60.190605,35.4384,31.288403,46.875004,23.493101,7.5972004,47.421703,3.4112,18.4871,4.3202004,5.1648,,41.8854,35.610603,10.7931,,45.4067,39.1572,5.5568,29.398502,28.8656,24.6682,8.582701,,17.049301,29.384602,12.715301,4.1641,,65.8088,1.9861001,16.2666,11.7628,,16.5652,5.8119,22.304401,4.7076,44.3347,12.3345,32.9178,16.831501,49.3753,26.824701,9.200001,38.230804,7.522701,,7.3114004,,19.7511,26.133001,,2.3578002,9.158501,17.0629,23.5296,32.2002,5.9569,20.7478,102.50001,12.7451,20.168001,3.0725002,0.44670004,1.4393001,3.3341002,54.099003,17.7858,22.527,5.7479,,7.9474,9.8236,15.541201,16.3033,10.347301,6.5069003,12.308001,57.280003,4.2509003,35.115604
2018,24.384401,45.445004,21.0081,0.93780005,29.9696,6.6023,4.8346004,25.454502,16.496302,,24.941902,33.204304,15.179801,14.6786,5.6897006,2.9207,65.871605,3.1280003,33.8105,44.4365,15.774201,3.7585,6.8853,2.9117,26.1577,5.5625005,26.347403,52.093105,12.200001,26.318201,14.726201,41.9604,24.431301,40.2619,44.1007,42.489502,7.5896006,9.995901,25.433302,5.3226004,7.5855002,11.380401,5.5759,,11.935101,4.8202004,49.4444,3.3906002,56.3647,,12.7193,48.554802,4.8298,59.9879,34.8507,32.483803,47.3684,,7.5558,49.4229,3.3057,19.439302,4.3121004,5.1655,,41.997604,36.6875,10.783401,,45.362602,38.035004,5.5361004,29.513102,29.980803,23.751001,8.101101,,14.904501,29.3477,13.6651,4.2583,,63.275604,1.9823002,16.137201,11.708301,,15.9623,6.7173,23.363802,4.4972005,55.859303,13.539901,33.348503,16.2154,49.4949,21.571402,9.283901,40.857105,7.5714,,12.4413,,19.430101,26.2912,,2.2985,11.445901,17.060001,23.274902,28.228302,5.9613,20.6346,107.00001,12.885401,21.1892,3.0721002,0.8011,1.4316001,3.3219001,65.5053,17.9532,23.060501,12.0628,,11.7327,9.8086,16.0459,16.242401,10.4448,7.7520003,11.8176,57.5955,4.3068,32.0008
2019,24.895502,49.642902,21.011301,0.8784001,28.2936,7.327,4.8254004,25.714302,17.058401,,25.1832,28.196001,14.9856,14.7868,5.6915,2.8678002,70.530205,3.0365002,35.2872,44.4919,15.821001,3.7571003,6.8206005,2.9959002,27.596302,5.5457006,23.6821,43.574802,7.1044,25.4286,14.7335005,41.900303,24.727802,35.9072,44.000004,44.008804,8.0051,10.0,26.590002,5.3221,7.5864,11.534901,5.6532006,,12.0451,4.8454003,48.4,3.3908002,54.407703,,29.999903,45.8548,4.7169003,60.085503,35.173203,32.765102,47.7612,,7.5548,45.623104,3.3203,22.308302,4.3175,5.1679,,28.388302,38.246803,10.780601,,45.3277,41.027603,5.5205,29.564901,30.147001,23.751001,7.5925,,14.303101,29.425802,15.1078005,4.3565,,52.9047,1.9785001,16.7854,11.712401,,15.879201,7.7113004,23.3127,4.5623,52.142902,12.839701,32.5432,16.133001,49.8319,24.196402,10.299401,34.9444,7.4761004,,11.7683,,19.543901,26.504803,,2.3435001,12.637701,17.0602,24.2667,23.6156,5.9707003,20.547,60.500004,13.030001,21.331402,3.0721002,0.76900005,1.4262,3.4846003,64.5998,18.0097,22.9736,11.253,,9.907201,9.7963,12.976201,16.419302,10.545701,9.2299,12.3317,57.867504,4.3580003,35.115604
2020,25.4526,50.000004,20.999401,0.41590002,30.393303,7.5807004,4.8339,25.555601,16.5972,,25.202301,30.434803,15.0506,14.591301,5.7083,2.8307002,67.9483,2.9883,35.182102,44.681202,15.9031,3.7577002,7.1101003,2.9173002,24.1732,5.5470004,22.212002,48.5997,7.2976003,27.590902,14.735701,43.846302,24.620201,37.498604,43.2577,46.1692,9.3623,8.0,18.3195,5.3233,7.8025002,12.003701,5.7809,,11.935801,4.6901,47.9,3.3913002,52.790802,,30.113901,44.817303,4.664,60.985203,36.34,32.177303,50.295902,,7.6134005,45.209805,3.3453002,25.742802,4.3571005,5.1713,,28.605803,39.5786,10.7679,,30.000002,38.807003,5.7258,29.431002,30.900002,23.833502,7.3927007,,16.3621,29.364101,14.4793005,4.3999,11.729,56.2654,1.9805001,15.2201,11.712401,,15.442701,8.6393,22.591803,4.5947003,58.183403,13.6251,31.745,15.758301,50.109802,23.482101,10.674001,34.829304,7.4217005,,11.353401,45.155605,19.658302,26.703302,,2.3531003,15.530101,17.061,25.7007,5.8164,5.971,20.552502,36.25,13.152401,21.718601,3.0676003,0.76390004,1.4375001,3.4076002,65.28001,18.0144,24.024601,10.3881,,10.267401,9.8153,15.2348,16.603401,10.2881,10.689501,12.313601,59.9607,4.4059,36.0
2021,25.567902,56.382305,20.9526,1.0743,29.143303,7.6113,4.8313003,25.481802,16.706802,,25.531101,31.461601,15.0478,15.008301,5.7288003,2.7874,58.771103,2.9405,35.9793,44.4998,15.6498,3.7559001,6.8928003,2.8592,23.69,5.5426,18.259302,54.965103,6.8398004,26.2381,14.7318,43.1059,24.597301,39.671303,38.177303,44.957104,15.536301,8.0,19.939001,5.3204,7.8066006,11.915201,5.8851004,,11.972301,4.7846003,14.700001,3.3907,53.998104,,30.4727,43.837303,4.5902004,59.8279,35.7814,32.475803,51.6264,,7.6294003,50.699703,3.3241003,27.695803,4.3726,5.1645,,28.556902,40.534,10.777201,,30.000002,38.0634,5.5937004,29.0597,30.200602,13.241301,6.9,,16.0902,31.1685,12.489201,4.3348002,14.068801,58.8339,1.9813001,16.7045,11.718301,,16.513401,6.4397006,22.7282,4.3129,52.429504,13.233401,31.8686,16.855902,50.354504,22.312502,10.785701,36.5769,7.4691005,,11.4272,50.454502,19.4514,26.340302,,2.3352,21.960901,17.060402,26.876902,12.2988,5.9599004,20.4342,35.5,13.306801,22.228802,3.0590003,0.7781,1.4522,3.4043002,71.9075,18.0531,22.412,10.134701,,10.991301,9.8428,14.986402,16.9086,10.304701,7.3884,12.8756,60.346603,4.2874002,38.0
2022,26.665,51.800003,20.959402,1.4598001,30.751001,7.6811004,4.8301005,25.510002,16.653801,,25.7817,27.298903,15.3395,15.1,5.7376003,2.7429001,52.681004,3.0000002,36.0312,44.514202,13.7834015,3.7569,7.0406003,2.8094,24.057001,5.5333,18.0781,55.260803,7.9165006,26.681803,14.733601,43.9724,24.649302,35.033,37.071102,39.243,10.967901,8.200001,20.690802,5.3209,7.8386006,12.052901,5.8989,,11.984701,4.7729,13.4545,3.3916004,56.124004,,31.909002,43.202503,4.5236,60.1007,35.854603,32.473103,54.610603,,7.6283,50.315105,3.3296003,28.5877,4.3724003,5.1636004,,28.1585,40.4886,10.775201,,30.000002,39.440804,5.6127005,29.079102,30.755302,13.3395,6.9986005,,15.5276,30.2982,11.988401,4.3886003,14.8297,53.324604,1.9790001,16.422802,11.721601,,15.8203,6.6508,22.899302,6.4937005,50.999,13.882501,31.914701,16.152601,50.2633,24.534502,23.279701,37.273804,7.4882007,,11.5151005,52.093002,17.763802,26.4662,,2.3502002,20.377,17.0606,27.754902,9.761401,5.9620004,20.3692,28.142902,13.4448,22.3791,3.0570002,0.77870005,1.4490001,3.4320002,70.21361,18.0441,24.047602,10.2396,,10.843901,9.8373,14.264701,17.4234,10.294801,7.6987004,13.007001,61.0105,4.3013,38.0
2023,27.495802,51.596603,20.966301,1.9731001,29.500902,7.7508,4.8317003,25.5312,16.9302,,26.032303,23.462502,15.100701,14.9516,5.7464004,2.6983001,30.593502,2.8248003,36.714104,44.528603,13.012501,3.7579,7.07,2.7596002,24.194302,5.5239,16.714901,54.629105,8.6394005,28.619001,14.733701,49.039604,24.622402,39.250202,37.1857,53.097702,12.103001,8.0,19.4917,5.3215003,7.8706007,12.1906,5.9448,,11.9643,4.749,15.333301,3.3926003,56.884304,,33.0089,42.966805,4.4570003,60.373505,36.835003,32.3754,59.222702,,7.6271005,68.4819,3.3329,36.682003,4.3722005,5.1628,,29.491901,40.5859,10.773401,,30.072,38.634502,5.6439004,29.0986,30.7345,13.336201,5.5659003,,15.728701,30.651901,10.4283,4.4424,12.898901,53.3124,1.9767001,16.6629,11.7185,,15.834201,6.7628,23.316902,7.4289002,54.429302,13.904401,31.733402,16.2043,50.949802,26.478601,13.759701,34.841602,7.5074,,11.793501,53.8585,18.0376,26.5921,,2.3537002,21.443901,17.0607,28.632902,9.301901,5.9641004,20.304302,88.8,13.582801,22.3727,3.055,0.77580005,1.4463001,3.4146004,68.3447,18.0351,23.3707,10.4901,,11.042201,9.8316,14.450701,17.9386,10.279901,7.8559003,12.8001,61.6744,4.3157005,38.6966
