Date,AGO,ARG,ATG,BDI,BEN,BFA,BHS,BLZ,BOL,BRA,BRB,BRN,BTN,CAF,CHN,CIV,CMR,COD,COG,COK,COL,COM,CPV,CRI,CUB,DMA,DOM,ECU,FJI,FSM,GAB,GHA,GIN,GLP,GMB,GNB,GNQ,GRD,GTM,GUF,GUY,HND,HTI,IDN,IND,JAM,KEN,KHM,LAO,LBR,LCA,LKA,MDG,MDV,MEX,MLI,MMR,MOZ,MTQ,MUS,MWI,MYS,NCL,NER,NGA,NIC,NIU,OWID_MNS,OWID_PYA,OWID_WRL,PAN,PER,PHL,PNG,PRI,PRY,PYF,REU,RWA,SEN,SGP,SLB,SLE,SLV,SOM,SSD,STP,SUR,SYC,TCD,TGO,THA,TLS,TON,TTO,TWN,TZA,UGA,VCT,VEN,VNM,VUT,WSM,ZMB,ZWE
1961,3.5714002,12.581,3.3333,9.024401,3.7838001,6.0000005,8.333301,,11.5686,13.073201,30.0667,5.7200003,,3.2727,11.750001,3.0065002,5.3211,6.4776006,5.0526004,19.697,5.6522007,5.0,7.5000005,4.1487,3.5556002,10.0,5.0140004,8.7401,10.285701,,5.0,7.5000005,7.5000005,10.0,5.0199003,,2.6667001,9.0909,3.0625002,7.2727003,,5.3214,4.0,7.5707006,7.1861005,10.7976,7.6364,11.577201,10.0,5.5556,3.9394002,7.6665006,5.7875004,,20.0,6.6667004,10.500001,3.4667,15.000001,6.9545,7.0000005,9.2593,6.9767003,8.2331,9.466701,3.9310002,10.0,10.0305,7.9867005,7.4043,7.9111004,14.7235,5.1972003,9.9623,2.3083003,14.200001,16.875,10.0,5.9524,3.9762,12.5762005,7.9245005,2.7618003,8.0,10.0,,10.0,8.309401,5.7467003,3.7500002,15.909101,17.3942,3.0000002,5.0222006,8.9589,16.117401,4.9123,3.5331004,12.000001,10.011901,7.9069004,,10.0,6.2500005,2.9286003
1962,3.1875002,12.154301,3.0000002,9.024401,3.9024,5.4,8.064501,,10.497701,13.442201,31.884602,5.9294,,3.15,11.764701,2.8409,5.3097005,6.5926003,5.0526004,20.0,5.6522007,5.0602,7.6000004,4.294,3.6000001,10.0,4.9333,9.2279005,10.1666,,5.0,7.5000005,7.5000005,10.0,5.0199003,,2.6667001,9.0909,2.9412,6.8,,5.5315003,4.0,7.8578,7.1396003,10.672901,7.6786003,14.643101,7.3333,5.5556,3.9412003,8.1993,5.8598,,20.0,6.8571005,10.4966,3.6667001,16.5,8.9841,7.0000005,9.375,7.0000005,8.0606,8.7665,4.0345,10.0,9.9676,11.2143,7.5461006,8.0,13.499101,5.1301003,10.0,3.2508001,14.000001,16.875,10.0,6.0001006,4.1207004,14.183201,8.0556,2.7610002,7.8182006,10.0,,10.0,8.5922,5.8933,4.0,15.909101,17.0575,2.6667001,9.375,8.950001,14.902501,5.0,3.9962,11.875001,12.542901,7.3141003,,11.6667,6.2500005,3.0000002
1963,3.2500002,12.118501,2.8000002,9.024401,3.9286003,5.2000003,8.4615,,11.000401,13.7523,29.607101,5.1489,,3.1000001,11.1765,2.2381003,5.2991004,6.6667004,4.9474,20.312502,5.6338,5.0602,7.6667004,4.3019,3.617,10.0,5.0690002,7.8526006,9.884201,,5.0,7.5322003,7.0000005,10.0,5.0800004,,3.1667001,9.0909,3.0588002,8.0,,5.7425003,4.0476003,7.3083,7.1134005,10.672901,7.7193003,13.400001,7.3333,5.6667004,4.0,6.3575,6.0000005,,20.0,7.0270004,10.452001,3.4667,15.000001,10.1,6.9744,9.0155,7.2727003,8.402201,9.7166,4.0,10.0,9.8192005,12.101701,7.6078,7.9825006,13.644501,6.5720005,10.0,3.2508001,14.0845,16.129002,10.0,4.4934,4.5,13.6028,8.1818,3.0129,8.0909,9.705901,,10.0,8.494,6.0133,3.9167001,15.8696,15.165901,2.6000001,10.758201,8.9792,12.525001,5.0847006,3.9860003,12.3529005,13.664901,7.3055005,,13.200001,6.3043003,3.0000002
1964,3.3000002,11.5481,2.6667001,9.0698,3.8889,5.0,8.9552,,10.997601,14.194401,30.6087,5.4774003,,3.0500002,11.1111,2.2273002,5.3018003,6.5957007,5.0,20.0,5.6000004,5.122,8.333301,4.3125,3.617,10.0,5.1032004,7.8143,9.884201,,4.9231005,7.5466003,7.5000005,10.0,4.6154003,,3.3333,8.4615,2.9444,8.0,,5.9523,4.0476003,7.7655005,11.569701,10.975,7.7586,18.75,10.0,5.6000004,3.9429002,8.202701,6.0055003,,20.0,7.0000005,10.5074005,3.6000001,15.000001,9.5238,6.9744,9.6053,7.5000005,8.6381,9.174701,4.125,10.0,9.8233,11.8086,7.9044003,8.0258,9.944301,6.5279,10.0,3.1555002,14.0388,16.129002,10.0,12.026501,4.7273,13.5618,8.3929,2.9636002,7.8333,10.0,,10.0,7.6797004,6.1333003,3.8667002,15.833301,14.877701,1.8658001,10.500001,8.9576,13.967701,5.1667004,4.1042004,11.578901,12.6203,7.0552006,,12.6667,6.1304,3.0070002
1965,3.3333,11.128201,2.5714,9.0698,4.0816,5.2000003,9.285701,,11.498701,14.2818,30.434803,5.6000004,,3.9,12.2222,2.2026002,5.4,6.8310003,5.0,20.325201,5.6338,5.2500005,8.6667,4.3291,4.0,10.0,5.05,10.133,10.0291,,5.0,9.333301,7.0000005,10.0,4.0,,3.3333,8.4615,3.0000002,8.0,,6.1639004,4.0,7.2083,12.637501,11.272401,7.7966003,16.6667,10.0,5.6667004,3.9429002,6.2107005,6.7548003,,20.0,7.1429005,10.5136,3.6000001,15.000001,9.6071005,7.1053,9.619901,7.5000005,7.8658004,9.8697,4.1176004,10.0,9.899501,11.6408,7.9358,7.9920006,10.949901,6.7625003,10.0,3.2362,14.000001,16.129002,7.5000005,12.0205,3.9742002,12.7656,8.771901,4.0,8.1667,10.0,,10.0,8.6276,6.1333003,3.6111002,16.0,14.5866,2.3685,10.277801,8.965401,14.384701,5.2459,3.6212,11.818201,12.2904005,7.2727003,,12.500001,6.3182006,3.0070002
1966,3.3333,11.562501,2.5,9.0698,6.044,5.4,9.7222,,11.998501,13.8836,28.000002,5.6000004,,2.4508002,11.578901,2.6823,5.3982005,6.8841004,5.1064,19.1781,5.9155,5.122,9.136701,4.3459,4.0,10.0,5.0933,10.0178,9.884201,,5.0,8.3441,7.2167006,9.0038,4.0,,3.1538002,8.3571,3.0000002,8.333301,,6.3744,4.0,7.4240003,12.793401,7.3849,7.8333,16.8182,12.500001,5.6667004,3.8889,5.8932004,6.0163,,20.0,7.2093,10.796401,3.6000001,15.000001,18.315802,6.9,8.964001,7.5000005,6.9588003,9.211,4.1429,4.5,9.830501,11.5971,7.9606004,8.0,12.1871,6.9415,10.0,3.4625,14.088201,16.3462,10.0,10.0051,3.7551003,12.786501,8.965501,4.15,7.6923003,10.0,,10.7143,6.3242006,6.2533,3.1818001,16.153801,14.671201,2.4538002,10.1667,8.968901,15.156701,5.3226004,4.1475,11.9048,12.5098,7.1942005,,18.75,6.2069,3.0345001
1967,3.3889,11.913401,2.5,9.0909,6.0000005,6.0000005,10.0,,12.000001,14.243402,28.000002,5.6000004,,2.5877001,12.000001,2.5794,5.4032006,6.8794003,4.8438,19.718302,5.9028,5.2500005,11.4933,4.3560004,4.2000003,10.0,5.05,11.8966,10.1666,,5.0,8.6175,6.8615003,10.0,3.5000002,,3.1538002,8.6667,3.0526001,8.333301,,5.9585004,4.0426,7.0516005,13.1621,11.1737,7.8689003,10.952401,13.750001,5.6667004,3.9189,5.3769,6.031,,20.0,7.2727003,10.0438,3.5000002,15.000001,16.814802,7.0000005,8.9956,7.6087008,7.1787004,8.957201,4.0789,4.8,10.001401,11.530801,8.0206,7.9964004,12.1555,5.8476005,10.0,3.5196002,15.000501,16.6667,10.0,10.0,3.7844,12.786501,8.9831,4.2105002,8.230801,10.0,,10.4545,5.5000005,6.3467007,3.2143002,15.892901,14.779201,2.0838,10.0,8.9567,15.658701,5.6000004,4.2016,12.000001,9.012,7.1941004,,18.75,6.1667004,3.0345001
1968,3.4333003,11.044901,2.8571002,9.0909,6.0714,6.0000005,10.256401,,11.997601,14.6148,30.000002,6.2500005,,2.6920002,11.6667,2.65,5.5003,6.8531003,4.7423,20.0,5.8175,5.2500005,9.780001,4.3539,4.2000003,10.0,5.0,8.7713,10.022,,5.0,8.4047,6.9231005,10.810801,3.8500001,,2.8000002,8.75,3.0000002,8.0,,6.8321004,4.0426,7.5532007,13.3786,8.2985,7.9032006,11.7941,13.333301,5.7778,3.9474,5.7923,6.4435005,,20.0,7.3333,10.2738,3.5000002,14.545501,17.214302,7.1000004,9.045501,7.6364,7.3731003,9.7572,4.2051,4.8,9.917401,11.387,8.303901,8.0169,10.731001,5.8281,10.0,3.5283003,14.935501,16.825401,7.5000005,8.9731,3.7147002,11.6667,8.9167,4.0938,7.9286003,10.0,,10.6818,5.512,6.0000005,3.1429,16.4286,15.395,3.331,9.888901,8.9761,16.2835,5.4545,4.0969,11.333301,8.4141,7.1111007,,18.75,6.1667004,3.0612001
1969,3.5333002,11.8815,3.7500002,9.0909,4.6318,6.0000005,10.625001,,12.500001,14.819301,26.6667,8.0,,2.8042002,11.538501,3.2491002,5.5011005,6.8630004,4.6186004,23.9726,6.129,5.0602,10.06,4.2526,4.4,10.0,5.0,11.2768,10.1405,,5.0,7.5000005,6.7143,12.500001,3.8500001,,2.8000002,8.823501,2.9524,8.0,,6.4276004,4.0,7.4407005,12.9175005,7.4068003,7.9365005,9.535701,13.000001,5.7778,3.9744,5.8365,6.793,2.0,20.0,7.5455003,10.5521,3.5000002,14.545501,17.071402,5.9269004,9.026501,7.7778,7.1670003,9.9779005,4.175,5.0,10.063601,11.452401,8.3486,8.066701,11.941401,5.4239,10.144901,3.4973001,15.000701,17.1429,7.5000005,10.0,4.5326004,11.2901,9.0,4.0642,7.8667006,10.0,,10.4348,6.3909,5.9750004,3.1250002,16.6667,16.3083,3.3399,9.444401,8.974701,14.607701,4.8951,4.6667004,12.6667,8.0425005,7.0455003,,18.75,6.1667004,3.0000002
1970,3.5556002,11.267401,4.0,9.031701,4.4,6.0000005,10.9756,,12.5028,14.553401,26.6667,8.0,,2.9197001,11.4286,3.3129,5.5027003,6.9287004,4.61,23.9726,8.0,5.0,10.595,4.165,4.4,10.0,5.0,10.6731,10.8648,,5.0,7.3810005,6.8571005,11.250001,3.9,,2.8000002,8.888901,3.0476003,8.0,,7.4327006,4.0196004,7.4948,14.7876005,8.6011,7.9688,10.750001,13.636401,5.8889003,4.0,5.9449,6.5715003,4.0,20.0,7.5000005,9.721701,3.6250002,14.545501,16.6,5.9807005,9.2903,8.444401,7.4733,11.909,4.1707006,5.2000003,10.3555,11.336201,8.486,7.9096003,12.8631,5.2423,10.0,3.5334,15.296201,17.460302,7.5000005,12.0028,4.1513,11.2825,8.7903,4.9505,8.1429,10.8696,,10.652201,7.7581005,6.1875005,3.1818001,16.129002,15.317,2.6373003,9.2973,8.9763,14.895801,4.8971004,4.7829003,12.500001,8.1632,7.213701,,18.75,6.2295003,3.0667
1971,3.5556002,11.523401,3.2432,9.0106,5.5755005,6.0000005,11.309501,,13.000001,14.594501,26.562502,7.9594,,3.0586002,12.000001,3.3353002,5.6013002,6.7638,4.75,26.863,8.0,5.0,10.67,4.281,4.1176004,10.0,5.1111,10.339201,17.1429,,5.0,7.3810005,6.9718003,10.0,3.7143002,,2.6667001,8.400001,3.0000002,6.6667004,,7.2222004,4.0385003,7.6024003,14.8598,8.4488,8.0,10.6429,14.166701,5.9333,4.0244,5.5035005,6.1970005,4.0,20.0,7.5676003,9.816901,3.8750002,13.200001,15.750001,5.8700004,8.75,8.444401,6.8218,10.1911,4.0,5.4,12.3166,11.305401,8.3634,7.9475,13.366401,5.1913,10.274,3.3895001,12.654,17.5,10.0,12.000001,4.4214,9.7727,8.593801,4.9518,12.000001,10.833301,,10.4167,6.6449003,6.0241003,3.2,15.151501,14.1443,2.8842,9.0426,8.9686,14.7209015,4.7644,4.7579,12.500001,8.0366,7.1324,,18.75,6.1905003,3.0323002
1972,3.5556002,10.0578,3.7250001,8.963201,6.1194,6.0000005,11.764701,,13.307701,14.5318,26.562502,7.8947005,,3.1772,11.875001,3.3429,5.5997005,6.7368,4.9898,36.314804,8.0,5.0633,4.7000003,4.418,4.2308,10.0,5.0,9.267,18.0,,5.0,7.5000005,7.0139003,10.285701,3.3333,,2.6000001,8.620701,2.913,6.6667004,,6.9908,4.4231005,7.0722003,17.036802,8.868901,8.0303,11.0526,15.384601,5.9333,4.0476003,5.3466005,6.2139,3.0000002,20.0,7.5758,9.863501,3.8750002,20.0,15.500001,6.0347004,10.785701,8.444401,5.1137004,9.968801,4.0426,5.4,11.717901,10.537401,8.421801,8.8423,12.400001,5.4472003,10.266701,3.4694002,12.9496,17.2727,9.7561,12.000001,3.6701002,7.8202004,8.538501,4.9,12.0748005,10.833301,,10.625001,6.8966002,6.0241003,3.2222002,18.4762,12.127701,1.3468001,7.8947005,9.9800005,15.617801,4.8264003,7.0677004,12.500001,7.8350005,7.2294,,18.75,6.1905003,3.0625002
1973,3.6744,8.7798,3.8333,8.9947,6.1911006,4.0,12.2093,,13.034901,12.609401,26.363602,8.0,,3.3382,11.764701,3.3602002,5.6012006,6.8560004,4.9,26.027401,8.0,5.0,10.52,4.7949,4.1818,10.0,4.4745,9.913401,18.743101,,5.0,7.1429005,7.0000005,10.0,3.4,,2.6429,8.675,2.8750002,6.6667004,,3.9770002,4.2308,7.8286004,17.5424,8.0397005,8.059701,9.160001,15.333301,5.5556,4.0698004,5.3411,6.2074003,3.5000002,20.0,7.5862007,10.2572,4.0,20.0,18.0417,6.175,11.275901,8.444401,6.558,9.896901,3.9216003,5.5000005,11.2335005,10.149301,8.1703005,8.6916,12.4088,5.3455005,10.5263,3.4652002,13.918301,17.575802,9.7561,12.220701,4.5957003,8.0,8.4848,4.9588,12.1667,10.833301,,10.4348,6.7173,6.0241003,3.0222,20.35,13.120401,2.8097,7.6923003,12.337001,15.882901,4.8339,4.4139,12.500001,8.036,7.3333,,18.75,6.1905003,2.8125002
1974,3.6250002,12.7692,2.25,9.056201,5.9845004,5.0,12.500001,,12.9145,12.360401,26.4706,8.0,,2.9725,11.764701,3.3767002,5.7000003,6.9474,4.9179,28.000002,8.5002,4.7059,9.0,4.4128,4.3273,10.0,3.0182002,8.6716,9.960901,,5.0,7.1111007,7.0000005,10.0,3.3333,,2.6154,8.85,2.8400002,6.6667004,,3.4219,4.2308,8.6328,17.4386,8.2678,8.088201,9.0,15.000001,5.6667004,4.0909,3.8748002,6.609,4.5,20.0,7.5000005,11.0028,4.0,20.0,15.941201,6.3500004,11.500001,8.333301,6.4213,9.5,4.0385003,2.9565,10.3556,9.9027,8.167601,8.778901,12.464601,6.3167005,10.5128,3.4615002,15.484301,17.878801,9.7561,12.5228,3.5945,11.1111,8.9552,4.9273,12.4248,10.8,,10.4167,6.5354004,6.1224003,3.1111002,19.6319,13.1846,2.8205001,7.5000005,12.3316,15.958401,4.8038,4.8452005,12.000001,7.4054003,7.3333,,18.75,6.1905003,3.0303001
1975,3.5526004,15.017501,2.5333002,9.084701,7.3151007,5.2000003,12.777801,,13.1015005,12.793901,25.714302,8.0,,2.9719,11.6667,5.5206003,5.6984,7.0158,5.5000005,24.1935,7.8734,5.0,8.333301,5.7135005,4.1000004,10.037001,3.9992,10.2276,10.008201,,5.0,6.6667004,7.0000005,10.0,3.3333,,2.5385,8.285701,2.8077002,9.0909,,3.1986003,4.2727003,8.897401,16.320702,8.547901,8.0,8.75,15.384601,5.6000004,3.6933002,4.7365003,6.4356003,4.0,19.1643,7.5000005,8.9553,4.0625,20.0,17.583302,6.1905003,10.1818,6.15,5.0312004,10.0,4.0548,3.0909,10.339401,9.538401,8.5981,8.866401,11.2591,8.255401,10.500001,7.8,14.794201,17.9104,9.7561,12.313801,2.9434001,11.192301,9.701501,4.9273,9.473701,10.7586,,10.0,5.4146004,6.2500005,3.4043002,19.130001,14.933001,3.0769,7.3171005,12.3421,15.036,7.8286004,4.84,12.400001,8.4826,7.4207006,,18.75,6.2319,3.0000002
1976,3.6111002,10.213301,2.5882,9.1977005,7.8539004,5.3,13.043501,,13.85,12.1526,25.277802,8.0,,2.9310002,12.2222,5.3659,5.7005005,6.9070005,6.7956004,25.000002,7.9113,6.2857003,8.75,6.6168003,4.2333,10.125001,3.6440003,10.5001,12.000001,,5.0,7.2760005,7.0000005,10.0,3.1667001,,2.4615002,8.5556,2.7778,10.0,,2.9897,4.2857003,9.008,16.9344,9.1273,8.1757,6.6667004,15.454501,6.1111,3.6870003,4.945,6.4367003,4.0,16.9536,7.5000005,8.735401,4.125,7.3333,17.333302,6.3571005,10.0,7.5000005,8.972701,10.185201,4.0550003,3.1818001,10.5176,9.4818,8.8444,8.956,11.226001,10.4412,10.487801,7.438,14.773001,17.9412,9.7561,11.977701,2.6798003,11.1429,10.2941,5.1176004,9.470301,11.066701,,10.4167,6.1995,5.7143,3.4681003,19.0296,15.065401,3.3333,7.2115,12.500001,16.291601,8.596401,5.5404,12.200001,7.8786006,7.8597007,,12.500001,6.2338,3.0303001
1977,3.6111002,8.551401,2.2,9.0909,7.3564005,5.4,13.157901,,12.7952,11.918701,25.277802,8.333301,,2.9508002,12.1053,5.0622005,5.8001003,6.9005003,5.5000005,23.3871,9.036201,4.9333,11.250001,5.0368,4.3667,10.0,6.2436004,7.2058,14.000001,,5.0233,7.806,6.9966006,8.0,3.3333,,2.3846002,9.0,2.7500002,10.0,,2.7942002,4.386,9.1582,16.524101,9.2243,7.7215004,7.5000005,15.7143,6.3333,3.5417001,5.8129,6.6205,3.0000002,16.403902,7.5000005,9.3393,4.1875,3.4667,17.3846,6.2045,10.277801,8.0,8.686001,10.0,4.0552,3.1818001,10.7606,9.249801,8.935401,8.8662,11.333,9.7971,10.588201,7.3420005,14.8028,17.714302,10.0,11.982301,3.9714,11.000001,10.8696,4.9444003,10.119,11.400001,,10.400001,5.6404,5.3333,3.5417001,15.1933,14.2551,3.2468002,7.0048003,12.500001,15.580401,11.982201,5.5403,11.8,6.7446003,7.6723003,,12.500001,6.1905003,3.0303001
1978,3.6111002,8.4651,4.1667004,9.183701,6.5149,6.1111,13.247401,,14.3406,11.848701,23.000002,8.333301,,2.9841003,12.500001,5.1799,5.8016005,6.6241,5.9184003,23.3871,9.4285,5.0,12.000001,4.2393,4.0,10.125001,4.0104003,7.0530005,16.0,,4.9783,8.0638,7.0045004,8.0,3.0000002,,2.3846002,8.6842,2.7241,10.0,,2.6131003,4.5,9.3297,15.8758,9.1049,7.7500005,6.2500005,15.277801,6.5556006,3.5200002,7.8815002,5.8336005,2.5,15.5718,7.5000005,9.352301,4.25,5.2000003,17.571402,6.3636003,10.303,8.571401,7.8527007,10.909101,6.0000005,4.0,10.5256,8.93,9.044201,8.4043,11.402401,11.7261,10.2151,8.2326,15.274701,17.7465,10.0,9.3556,4.7053,11.000001,11.4286,4.4500003,10.200001,11.1,,11.1111,7.6415005,5.0667005,3.5714002,17.7397,15.5115,3.4722002,6.5534,12.500001,15.007601,11.128901,3.8373003,12.200001,7.3354,7.6031003,,10.6667,6.2222004,3.0058002
1979,3.3824,8.551401,4.3,9.171401,6.4892006,7.0000005,12.1053,,12.7366,11.824501,24.864902,8.1818,,3.0323002,14.000001,5.2543,5.7998,7.0000005,6.3158,23.3871,8.6101,4.8571005,12.000001,3.4720001,4.0,10.7867,5.0758,9.115001,18.0,,4.9792004,8.032001,6.9982004,8.0,3.0000002,,2.3846002,8.473701,3.3690002,10.0,,2.8715003,4.0382004,9.5537,16.736101,11.369801,7.8750005,6.0000005,15.000001,6.6667004,3.4615002,9.973901,5.8852005,3.0000002,13.3901005,7.5000005,9.2931,4.0230002,2.7,20.2222,6.1277003,10.2941,8.6667,8.0049,10.4348,8.0,3.8462002,10.6078005,8.8199005,9.0067005,8.4726,11.487401,10.6007,10.315801,8.2279005,14.936501,17.777802,10.0,16.400002,3.1656003,11.000001,11.971801,4.5,11.8286,11.064501,,11.1111,6.9949,5.0,3.6000001,9.5063,13.968401,3.3846002,6.4286003,12.500001,15.305201,12.542201,4.2706003,12.000001,7.3653,7.4166,,10.6667,6.2105002,3.0000002
1980,3.3824,9.6391,3.9167001,9.0909,6.5857005,8.1429,11.500001,,12.150001,11.640501,24.4737,8.292701,,3.0667,14.601801,5.2332006,5.9001,7.0000005,6.8750005,23.333302,10.353401,4.8529,7.5000005,3.3938003,2.7,11.213301,4.9842005,9.1091,19.0,,5.0,8.0765,7.0022006,9.0,3.0000002,,2.4615002,8.529401,3.3333,10.625001,,5.5587006,3.9683003,9.717901,16.6107,11.667001,7.8882008,8.0,15.1111,6.6667004,3.4615002,9.7883005,6.0756006,1.0,9.474901,7.392,16.1422,4.1379,2.7,17.2,5.84,10.312501,8.4375,7.7143,9.583301,11.184701,3.8462002,10.7143,8.8028,9.1267,7.0719004,11.346901,9.3051,10.312501,8.251901,14.966801,17.8082,10.0,11.9143,3.4018002,11.000001,12.500001,3.8000002,11.842701,11.062501,,11.250001,7.2808003,5.0,3.8182,10.3255005,14.748901,3.4921002,6.2642007,12.285701,14.9381,10.728901,6.8609004,12.000001,8.5708,7.5028,,10.6667,6.1765003,3.2432
1981,3.3824,9.1927,5.6316004,9.2041,6.1451006,9.200001,11.000001,,10.6765,11.859401,24.4737,8.225,,3.1324,15.2174015,5.339,5.8997006,6.8476005,7.0926003,22.2222,10.3865,4.8529,10.0,3.5272002,3.6285002,10.6625,5.183,9.1073,19.0,,5.0426,9.833301,7.0036006,9.0,3.0000002,,2.5385,8.705901,3.2,11.1111,,5.1988,4.0,9.586,18.2921,11.179901,11.9048,7.28,15.2174015,6.6667004,3.4615002,9.3746,5.8139,4.0,9.027,7.5280004,9.554701,4.1379,2.7,25.000002,5.5660005,10.285701,8.0,7.2346005,9.1667,11.1983,3.8462002,10.699201,8.891701,9.258401,6.1140003,11.033701,8.403901,10.2041,8.3,11.2748,17.5342,10.2326,11.9816,4.3327003,11.000001,13.0137005,3.4643002,11.839801,10.7353,,11.1111,2.9940002,5.0,3.9474,8.632901,14.273901,3.5385,6.3636003,12.424201,14.025201,12.942201,9.7871,11.200001,7.5330005,7.8255005,,11.333301,6.1682005,2.7778
1982,3.4118001,9.0756,5.6667004,8.88,6.4603,9.200001,11.000001,,12.6688,11.344001,24.359001,7.9623003,,3.5417001,15.3191,5.2543,6.0011005,7.1664004,7.338701,18.636402,9.0831,4.9254003,8.0,3.8267002,3.1172001,10.712501,6.6658,9.231001,19.0,,5.0,8.6348,7.0070004,9.0,3.0000002,,2.5,7.7500005,3.2143002,11.1111,,8.138801,4.0625,9.811701,16.3738,10.339601,5.2000003,6.3333,15.000001,6.6667004,3.3704,9.6851,6.05,4.0,17.4222,7.3692007,10.7903,4.0556,2.7,13.333301,5.3818,10.7143,7.2500005,6.5223002,9.360001,11.330001,3.8462002,10.866301,8.7096,9.2159,7.2771006,11.396401,7.5235004,10.3,8.123501,13.990001,17.1429,10.2326,12.943401,3.7175002,11.000001,13.5135,3.3784,11.8286,10.742901,,11.1111,7.2219005,5.0,4.0,3.3751004,16.3614,3.7097,6.3636003,12.500001,14.146701,11.251201,9.4471,10.0,7.701,7.8268003,,11.6667,6.2037005,3.2432
1983,3.3714,8.6875,4.4,9.061201,6.7016006,9.200001,11.0526,,12.082001,10.5996,24.000002,9.571401,,3.6190002,15.833301,4.8794003,11.431201,7.1638002,7.1568003,15.384601,9.0023,5.0,9.5,4.6671004,3.1428,10.712501,5.5166,9.6898,19.0,,5.0,8.2286,6.9942007,9.0,3.0000002,,2.7143002,7.3684,3.193,11.481501,,7.6925006,4.0769,9.913701,17.708601,10.417001,10.0,3.8182,14.000001,6.0000005,3.4074001,13.041401,6.0638,3.6667001,11.250001,7.5000005,12.257001,4.1111,3.1429,15.384601,2.421,10.7714,7.3684,6.6000004,9.045501,12.186501,4.0,11.029901,8.742701,9.3301,7.056,11.1717005,6.5620003,10.2941,8.1889,14.443801,17.575802,11.000001,11.0002,2.742,11.000001,13.6,3.3871002,12.814301,10.750001,,11.1111,6.4227004,5.0,4.1429,3.5258002,18.655401,4.0,6.7917004,11.764701,14.7995,11.7116,8.707001,8.888901,8.0130005,8.4665,,12.000001,6.2044,3.6842
1984,3.4324,8.9216,5.0,9.290901,6.9415,9.2004,10.0,,8.4707,11.8236,24.000002,12.500001,,3.7500002,15.833301,5.4408,14.429001,7.1853004,7.1568003,13.9286,9.067401,4.1009,11.2676,3.9707,4.3893,10.4778,5.8905,9.970401,12.000001,,5.0,8.8,6.9526005,14.000001,3.0000002,8.0,2.8929,6.7143,3.2056003,11.1111,,8.0,4.0769,10.490701,18.428902,11.663901,5.0,6.2000003,13.6,5.0421004,3.2857,12.022201,6.0924,3.5714002,8.7277,7.3556004,11.7691,4.1111,3.2,16.1765,3.1743002,10.8571005,7.5000005,9.400001,9.3725,11.5537,4.1818,10.709001,8.4893,9.428401,7.0116005,11.150401,7.3989,10.288501,8.1345005,15.123701,17.1875,10.0,10.5181,2.9588,11.000001,13.815801,3.8462002,14.8513,10.756801,,12.000001,6.4605002,5.0,4.2667003,5.583,14.968801,4.1935,6.6667004,11.364301,14.469401,10.984,7.4040003,7.8571005,8.0083,8.788,,12.333301,6.1947007,4.1026
1985,3.4250002,9.1408,5.5000005,9.0,6.8852005,8.289401,10.5263,,9.1421,12.378901,24.000002,12.500001,,3.8047001,15.000001,5.6138,15.953501,8.05,7.1564,12.121201,8.867701,4.1033,11.000001,4.9068003,3.3127,10.711101,5.9945,10.3011,12.000001,,5.0,7.9323,7.3944,14.892701,3.0000002,9.0,2.8000002,7.7500005,3.1973002,11.1111,,8.0,4.1538,10.881401,18.546001,11.3,12.704901,2.125,14.000001,6.1642003,3.3214002,10.960501,6.11,3.5714002,9.307301,7.2214003,10.741701,4.0,,13.913001,2.608,10.6667,7.6471004,9.8,11.246501,10.909101,4.4,10.7811,8.0394,9.820701,7.1124,10.534401,8.2453,10.3810005,7.6345005,15.347201,17.096802,7.0588,10.3992,3.9529002,11.000001,14.285701,4.5833,14.785501,10.810801,,11.6667,6.5934,5.0,4.5,7.6634,13.994101,4.5,6.2975,11.0556,14.746301,10.9586,9.005501,7.1429005,7.8652005,8.7755,,12.6667,6.2069,4.1414003
1986,3.4878001,12.0076,5.5556,9.2333,7.0167007,6.4507003,10.5263,,10.500001,12.464401,24.000002,12.345701,,3.7225,15.2174015,5.5066004,14.809901,8.05,7.1959004,11.1111,8.7078,4.0,11.6667,6.0000005,3.3206003,10.711101,4.2518,5.9271,12.000001,,5.0294003,7.4282007,7.3553,15.1421,3.0000002,9.333301,2.9,6.2000003,3.2,11.3605,,8.022,4.1176004,11.379001,17.716002,12.3023,8.526501,5.1667004,14.000001,6.3846,3.3214002,9.8585005,6.7400002,3.5714002,10.037701,7.3500004,11.2311,4.0,,18.4211,2.9941003,10.694401,7.8125005,7.6538,11.313201,10.943401,4.6667004,10.6306,8.9503,9.629001,7.2149,10.8513,8.156501,10.283001,7.8207006,14.4051,16.129002,6.1765003,9.5458,3.7356002,11.000001,14.7436,5.1364,15.114301,10.815801,,11.1111,4.0137,5.0,4.4776,7.3375006,12.6645,4.5001,7.6087008,10.750001,13.0006,11.346401,8.0172,5.8621006,7.7825003,9.158901,,15.000001,6.2043,4.25
1987,3.5000002,10.1575,5.1667004,9.1548,6.5967007,6.6785,10.5263,,10.347501,12.145901,24.000002,11.764701,,3.2101002,14.3478,5.6522007,14.153201,8.058001,7.1609,10.0,7.9220004,5.0058002,12.400001,8.0,2.861,10.55,5.6124,5.8567004,11.2953005,,4.9722004,6.9982004,7.3164,15.154301,3.0000002,10.0,2.9333003,6.1000004,3.2026002,8.5211,,7.9570003,4.2647004,11.7468,18.147001,12.415001,8.5,4.6000004,14.444401,7.9984,3.2414,9.1288,7.0000005,3.4,8.721201,7.2207007,11.408401,4.1111,,17.8125,2.6112,10.6301,8.0,7.5472007,10.7733,10.980401,4.4444003,10.586201,10.0171,9.7421,7.3188,11.135501,8.509201,10.476201,8.0724,16.899101,16.8966,6.1765003,9.3905,3.7449,11.000001,15.000001,4.0964003,15.0334015,10.55,,11.1111,14.018201,5.0,4.3571005,7.8751006,14.2661,3.65,9.0909,11.0308,14.0635,10.232901,8.9884,5.1724,7.8710003,9.1616,,15.000001,6.1932006,4.0952
1988,3.7500002,10.0,4.625,8.975401,7.4270005,1.8352001,10.588201,,10.1751,12.299701,23.809502,11.764701,,3.2018,14.130401,5.4874,12.4726,8.06,7.1611004,9.501201,8.612901,5.0057006,12.000001,13.888901,2.8162,10.0476,6.1004,5.9062004,10.5003,,4.9500003,7.4324,7.2780004,15.207701,3.0000002,10.532401,2.9333003,5.6818,3.0769,11.333301,11.8,7.9570003,4.0,11.8773,20.1807,12.227,9.285701,9.851901,13.636401,8.566501,3.2414,9.837901,6.5601006,2.8000002,7.4079003,7.3379,11.6022005,4.0,,15.000001,2.1817,10.6267,8.2143,8.1818,11.461801,11.000001,4.75,10.3787,11.485801,9.8878,7.2758,10.875901,8.5943,10.377401,8.0918,16.954,17.741901,6.0000005,4.9443,3.4067001,11.333301,15.060201,4.1464,14.390701,10.804901,,12.000001,11.8141,5.0,4.6667004,6.7728,14.421301,3.8914,10.952401,9.7467,14.289901,10.252501,9.060901,8.093801,8.030601,8.936501,,15.000001,6.1962004,3.9545002
1989,4.0,10.0,5.0,8.3647,8.025701,2.96,10.588201,14.717001,10.326501,12.5613,16.9231,11.764701,,3.0941002,14.666701,5.5061,15.771501,8.067,6.3526006,13.333301,8.8476,5.0056005,11.9497,13.953501,2.6411002,9.920501,6.2046003,5.1732006,8.7861,,5.0476003,7.4439,7.2397003,11.68,3.0000002,10.500001,2.9333003,5.9091005,3.1390002,9.5648,11.217401,7.9418,4.0,12.158201,19.3847,11.7222,9.899,6.3,12.400001,6.3866005,3.2414,9.1934,6.6501,3.1429,7.5244,7.2133,10.3931,4.1111,,15.000001,2.1252,10.5263,8.4615,8.4211,10.6136,11.020401,5.0,10.261201,12.723801,9.957001,6.3582006,10.831901,8.6663,10.5238,8.0059,16.994001,18.0,6.0000005,4.4357004,3.6510003,21.000002,15.294101,5.9949,15.708201,10.4651,,10.0,11.7353,5.0,4.6154003,7.3090005,15.230101,3.8000002,11.9048,10.742901,14.528201,9.2328005,9.1008005,7.1032004,8.106,9.0843,,13.157901,6.1944003,3.913
1990,4.1177006,10.0,5.0,8.896901,7.9771004,2.96,10.6667,14.9118,10.825401,12.552901,16.4286,12.500001,,2.8432,13.913001,5.5059004,16.4386,8.066601,6.5048003,32.0,9.353201,4.5333,12.0192,13.829801,2.7941003,9.947401,6.4479003,5.4593,5.4307003,,4.7574,8.417001,7.2011003,13.7833,3.1221004,10.5051,2.5,5.7826004,3.14,9.5648,10.900001,7.9680004,4.0244,12.0691,20.538101,11.910201,10.8498,5.4545,12.823001,7.2729,3.1667001,8.771701,6.6512003,4.5556,7.5504003,7.2500005,9.5769005,4.8612003,,13.571401,2.3536003,9.729701,8.333301,8.8688,11.6533,11.0417,5.0,9.095301,12.236401,10.0183,4.9611,9.3413,8.674701,10.556601,7.9233003,14.797601,15.406201,8.0029,2.0126002,3.5159001,20.0,15.6977005,6.0800004,15.888901,10.4545,,10.0,12.5641,5.0645003,4.6667004,7.6875005,13.915901,4.2181,10.8043,3.4522002,14.015201,13.2021,8.301001,6.3067007,7.9811006,8.8621,,13.6,6.2040005,3.9916003
1991,4.0295,10.0,5.0,8.9785,8.3042,6.6667004,10.0,8.7931,11.2728,12.616401,16.560001,12.159101,,3.3604,14.359,5.195,16.220001,8.0001,7.373,30.400002,9.455501,4.8131003,12.0141,14.668401,3.2382002,9.9333,7.774,4.7217,6.5015,,5.1628,10.663,7.163,15.245501,2.8176003,10.503501,2.4707,5.4854,2.9167001,10.1973,38.824104,7.6776004,3.9881003,12.0946,21.892502,12.0268,10.0,5.0909,12.985001,6.4286003,3.1298,9.2373,6.6523004,3.3333,7.8776007,7.2604003,10.1568,3.7965002,,13.571401,2.3432,10.312501,7.8341002,9.715401,10.1936,11.0638,5.0527005,9.9147005,20.0212,9.8283,6.4604,11.017,8.6051,10.566001,7.9375005,14.7228,17.7132,6.2500005,2.64,2.4752002,10.0,16.2213,6.1133003,15.276201,10.4651,,10.0,15.444401,13.2796,4.6552005,7.7872005,13.7453,3.778,19.7625,3.5143,12.954,12.346901,8.3008,6.2857003,9.0926,8.985701,,12.2845,6.2000003,4.0
1992,4.2295003,10.0,4.7450004,9.2046,8.3778,7.5000005,9.587201,8.9027,10.0476,12.001901,17.3571,12.000001,,3.4473002,14.551001,5.0067005,13.633301,8.001801,7.3874,33.25,9.108401,4.9263,11.6667,15.000001,3.9812002,9.923201,5.4098,3.6875002,5.0781,,5.1111,10.2591,7.1253,15.3091,2.8352,16.6629,2.4829,5.6000004,3.1957002,11.675,38.937103,7.7191005,4.0326004,12.222,23.246302,15.1186,10.246201,9.375,12.735401,6.281,3.0968,8.845301,6.7059,3.0000002,9.319401,7.4000006,9.2347,3.3284001,,14.000001,2.0140002,10.333301,7.0000005,10.900001,10.593101,11.087001,5.1429,9.8883,17.4811,9.7526,6.8373003,10.484701,8.7363,10.660401,7.8500004,14.514701,17.7385,5.21,2.6100001,2.1496003,9.8577,16.6667,6.78,17.2692,10.256401,,10.0,14.413901,13.235901,4.5464,6.8864,14.033201,3.9799001,16.463802,3.5333002,15.765701,10.402101,8.0,6.2816005,8.502001,9.0483,,12.298901,6.1689,4.0
1993,4.2295003,10.0,4.6929,8.9833,8.4933,8.273701,9.0909,8.505401,9.6155,12.0628,27.720001,11.842201,,3.4472,14.732201,4.9475,13.184001,7.805701,6.5638003,23.333302,10.1888,5.0337005,12.307701,17.3892,3.0204,9.9481,6.0006003,3.6265001,3.1099,,4.9286003,11.230901,7.0876,14.750001,2.8528001,16.6629,2.4945002,5.6799,3.1806002,16.878801,39.050102,7.1257005,4.0244,12.3323,23.043001,18.664902,10.2936,5.2339,12.485801,6.1250005,3.0906003,9.340501,6.7718,2.7778,8.173901,7.3250003,9.165,4.1681004,2.5161002,17.230803,2.8781002,11.1111,6.5383,11.650001,10.5935,11.5556,5.1201005,9.020801,17.5702,9.850201,8.5416,10.3956,8.724,10.6667,1.5017,13.7713,17.7302,4.7444,2.4250002,2.7673001,8.0747,16.8421,6.0125003,20.0,10.154401,,10.0,13.008201,13.192101,5.1169,6.8565,14.0491,5.4096003,17.297302,3.4691002,17.314402,10.400001,8.506801,6.2897005,9.4005,8.812901,,12.313401,6.2000003,3.9394002
1994,5.8596005,10.0,4.6408,8.788401,8.145101,9.0415,8.0,7.4648004,8.566401,13.2173,19.688501,11.6667,,3.0988002,14.903001,5.0454,12.703701,7.7226005,7.6068,20.555601,9.4651,5.1576004,12.078701,22.449001,2.6058002,9.7561,6.0160003,4.0870004,9.3367,,4.5814,11.5776005,7.0505004,13.275001,2.8704,16.4789,2.5186002,5.7692003,3.2084,13.163001,39.1632,6.7911005,3.7500002,11.5946,24.5277,19.538502,9.129701,6.5000005,11.5325,6.1541004,3.0794,8.926701,6.7429004,3.1715002,7.5260005,7.3436003,9.416401,3.6899002,2.4754,16.6667,3.466,11.200001,6.0665,11.890901,10.5928,11.2088,5.1320004,10.564501,13.6815,9.801801,8.5381,10.598801,8.8808,10.8571005,15.780001,13.979401,17.5969,5.0,1.1778,2.4925,6.8510003,16.560402,5.8675003,20.1298,10.0,,10.0,13.5039015,13.1483,4.1089,5.8795004,13.807301,3.8896003,12.903201,3.4556003,17.3946,10.3999,6.5000005,6.2977004,10.828901,8.4406,,12.327901,6.1477003,4.0078
1995,5.1000004,10.0,4.4444003,8.7141,7.8369,9.774701,7.8235,7.6966004,9.0266,13.0631,17.7826,11.6721,,2.8918002,15.064401,5.2881002,11.866701,8.138101,7.8623004,19.746601,9.8583,5.3261003,11.851901,11.998301,3.006,9.6582,6.2154,3.6456003,13.773701,10.727301,4.7955003,11.992401,7.0131006,12.961901,2.8880002,16.0872,2.5174,5.9259,3.2084,6.1391006,39.2762,6.1317005,3.9546003,11.660501,25.277502,20.501802,9.556001,6.6035004,10.976901,6.0345,3.0742002,9.0241,6.8867006,2.125,10.961,7.4061003,9.3197,4.2395,2.5,14.000001,3.4669,11.500001,5.6005,12.950001,10.6671,11.195701,5.1343,10.964401,13.7516,9.8599,9.1463,10.570201,8.4425,10.6667,14.750001,14.6506,17.1429,7.4074,2.4667,3.1801002,6.0340004,16.3636,6.9680004,16.023201,10.0,,9.9659,14.946001,13.104501,4.5,5.9168,13.024401,3.9802,12.963,3.4800003,17.221,10.2066,6.6988,6.2500005,9.938001,7.8947005,,12.342401,6.1346,3.9474
1996,4.8077006,10.0,4.5564003,8.577901,8.718201,10.462001,7.6865005,11.1228,9.034201,11.7588005,17.1429,11.538501,,2.9228003,15.2707,5.5621004,11.55,8.114201,8.1266,17.6471,10.1765,5.2746005,12.115401,12.998901,3.2776003,9.473701,6.0748,3.7844,15.489301,10.6331005,4.8315,12.039201,6.9762006,12.0417,2.9056003,16.2308,2.5263002,6.0075,3.1918,6.1391006,39.3893,5.6866,4.0,12.015,23.852802,20.869902,11.134401,5.3582006,13.725501,6.4998,3.0625002,8.752901,6.7441006,4.875,7.7192006,9.0,11.370401,4.7674003,2.5,14.000001,4.5875,11.4286,5.1396003,12.986501,10.6646,11.3043,5.1288,11.4875,13.864701,9.7583,9.5572,10.7672,8.368,10.6667,15.440001,13.859501,18.333302,7.4089003,2.7580001,2.6397002,5.0,15.833301,5.8563,15.8831005,10.0,,10.0,16.9764,13.060801,4.5694003,5.6909003,14.1581,3.9565003,13.043501,3.4878001,18.9226,10.189701,6.7015004,6.3153,10.4835005,7.5011005,,12.356901,6.1254,4.0606003
1997,4.4205003,10.0,4.5479,8.6182,10.3262005,11.094901,7.576,14.583301,9.374901,12.820001,17.1053,11.7563,,3.0458002,15.393301,6.6913,10.655601,8.114,8.2143,14.705901,9.208301,5.3936005,12.1197,12.999401,2.5974,9.5296,5.9409003,3.7578003,8.1548,10.626101,4.7956004,11.877701,6.9393,11.230801,2.9232001,15.85,2.5,6.0714,3.1918,6.1391006,39.502304,5.0064,4.1383,12.171801,22.1117,18.888401,9.4938,7.6809,11.4466,6.5173,3.0547001,8.656401,6.7542005,4.6667004,9.6021,10.0,11.151901,5.3820004,2.5,15.384601,5.7249002,12.333301,4.6794,15.058101,11.881801,11.2766,5.1172004,9.9696,13.812,10.0965,10.0666,10.855401,8.4938,10.6667,14.05,14.1787,17.881,10.833301,2.4699001,2.3356001,,16.0,4.9919,13.142901,10.0,,9.901,16.2653,13.017,6.0349,6.2338,14.6976,4.01,13.157901,3.5000002,18.4312,8.5968,6.6988,6.3317003,10.359701,9.4473,,12.437401,6.1978,4.1026
1998,5.5728,10.0,4.5254,8.882,10.5017,11.668301,7.5000005,10.625001,9.086801,12.3522005,17.1429,11.851901,,3.038,15.5095005,7.2776003,9.0041,8.114,8.205701,15.526901,9.0321,5.4063,12.131801,13.1356,3.0865002,9.518401,6.2593,4.9242005,13.6843,10.619101,4.8899,11.3891,6.9024,9.25,2.9159,15.2381,2.5294,6.1767006,2.8134,6.1391006,39.615402,4.6582003,4.3,12.1925,25.281502,19.1949,8.0569,8.106,11.3736,6.5319004,3.0444,8.5535,6.7000003,3.6762002,11.7046,10.950901,11.148001,5.5557003,2.5,15.000001,5.4939003,14.166701,4.184,15.972301,10.7461,11.2766,5.1012006,11.0426,14.095,9.8511,10.570701,10.9191,8.0544,10.6667,2.4545002,14.2539015,17.8987,12.500001,2.4659,4.9527006,,16.1872,5.1643,13.142901,10.0,,8.8,11.008401,12.973201,6.4822006,6.0595,14.928,4.0135,13.333301,3.5426002,12.140201,7.0767007,9.0,6.3465004,12.4863,7.7003,,12.4898,6.2000003,4.2308
1999,5.9821005,10.0,4.5054,8.8212,10.4541,12.180201,8.0,8.6582,9.7631,13.279501,17.1875,12.0156,,2.9421003,15.957401,7.7406006,13.659401,8.114,9.0,15.512501,9.7882,5.3649,12.131401,10.813401,4.1775002,9.5,6.4588003,4.0,13.082001,10.6121,4.9115005,12.2528,6.866,10.240001,2.9401002,15.221001,2.5,6.2459,2.2731001,6.1391006,39.7284,4.012,4.3333,12.1763,23.952301,19.0186,10.2106,16.3188,13.6538,6.5099,3.0303001,8.5460005,6.9994,3.9,13.663401,9.4328,11.394001,5.7964,2.5,13.875001,5.4563003,15.000001,4.1022005,18.189001,9.5998,10.8421,5.0824003,11.137501,14.018101,10.047001,11.3808,10.9259,8.4532,10.909101,6.7738,11.8406,18.0,16.0,2.6747,5.1000004,3.8259,16.153801,5.1834,12.4202,10.0,,9.1321,16.779802,12.929501,9.234301,6.0593,15.492901,6.4444003,13.168701,3.5143,18.6611,8.2143,13.000001,6.3605003,13.323701,8.580001,,12.500001,5.7107005,4.2119
2000,8.299201,10.0,4.5311003,8.9953,10.711801,12.631201,10.0,11.061001,9.903701,13.481501,17.241402,12.142901,,2.9810002,15.966401,7.7431006,13.299201,8.114,9.0,15.439001,9.993901,5.392,12.106201,11.625001,4.8704,9.534401,6.5367007,3.4909,12.4333,10.605201,4.9303,12.2812,6.8299003,8.5,3.0000002,15.233001,2.5505002,6.3081,2.2705002,6.2162004,39.841503,3.9900002,4.3300004,12.5305,26.9087,18.104801,6.9454,9.6075,9.726001,6.5746,3.0255,8.433001,7.0036006,2.0714,11.328401,11.5886,10.072801,5.7911005,2.4911003,15.1,15.460501,14.1176,3.7282002,23.216902,9.700001,10.833301,5.0626,11.071,14.228901,10.375401,13.017301,10.9285,8.3998,10.909101,7.6241007,13.4763,17.9006,17.5,6.8153,4.8883,3.5942001,16.4286,6.7627006,12.347901,10.0,,9.023701,15.838501,12.885701,10.6913,5.6535,16.857,4.7619,12.9571,3.4826002,17.8225,6.5976005,12.384001,6.3553,12.564401,8.3598,,12.491501,4.9409003,4.375
2001,9.407201,10.0,4.4727006,8.9591,11.2622,13.024501,10.230801,14.034801,9.694301,13.5418005,17.2,12.094401,,3.0396001,16.0417,7.7457004,8.1918,8.114,9.0,15.364701,10.4108,5.4128,12.0866,11.0543,5.1221004,9.5381,6.9763002,3.8000002,12.8921,10.598201,4.947,12.3436,6.9892006,10.200001,2.9851003,15.454501,2.5685,6.3661003,1.4288001,6.1823,39.954502,3.9716003,4.4613,12.940701,26.699802,18.8566,7.7681003,10.468101,4.0994,6.6207004,3.0219,8.556001,7.1320004,4.5,15.320801,8.990901,10.685101,7.1627007,2.48,14.307701,16.9416,15.7143,3.3666003,21.027302,9.601201,12.307701,5.0434003,10.716801,14.0383005,10.678801,12.936701,10.7528,7.9355,10.4167,7.7822003,14.6786,17.826101,22.727303,5.7907004,4.9613,3.3625002,16.528101,6.2660003,12.479401,8.823501,,9.677401,19.758501,12.841901,11.4779005,6.2332006,17.532402,4.0047,12.856501,3.5733001,18.851902,6.5613003,13.500001,6.3827004,12.762401,12.005501,,12.490001,5.3827004,4.2667003
2002,11.0071,10.0,4.5,9.1456,12.053101,13.365701,10.0,13.636401,9.821401,13.794901,16.5417,12.000001,,3.0642002,15.8816,7.7482004,7.6626005,8.114,9.0,15.294401,10.31,5.447,12.065801,7.9808,8.404401,9.5428,6.9924,4.0153003,13.8107,10.591201,4.9621005,12.248901,7.1520004,10.8271,2.9978,15.134601,2.5884001,6.4228,1.391,6.1176004,40.0675,3.4738002,4.4,13.249101,27.274601,18.8575,7.3441005,6.3272004,7.0815005,6.591,3.0171003,8.5284,6.7157006,4.1667004,15.098801,11.589201,11.562901,4.8556004,2.4805002,10.7692,14.963501,17.241402,2.9759,20.283302,9.9013,10.7928,5.0266004,10.965,13.903601,10.802701,12.0731,10.733701,7.8304005,10.4167,8.6713,17.160902,18.0,20.4167,7.9036007,4.9963,3.1308002,16.6667,6.1662006,12.812,9.382701,,9.6798,18.724401,12.798201,11.248701,5.7004004,17.0694,3.5714002,12.684701,3.4714,20.724302,7.8395004,13.500001,6.3636003,12.469401,13.1691,,12.488001,5.5554004,4.2679
2003,9.566701,10.0,4.0,8.522201,12.840901,13.6636,10.1217,14.7831,9.985701,13.443601,17.1667,12.3037,,3.1350002,16.0,7.7507005,7.1193004,8.114,9.1435,15.000001,10.650001,5.4979,12.0288,10.976901,7.1500006,9.5486,7.3110003,3.9938002,12.223901,10.5843,4.9761004,12.685,7.3187003,11.250001,3.0108001,15.200001,2.6097,6.4678,1.5204,6.0667005,40.180603,3.2648003,4.3709,14.8841,26.213501,19.2071,7.9015,13.205401,5.8478003,6.5333,3.0131001,8.7078,5.6466002,3.0809,13.126101,11.5238,11.246401,5.8816004,2.5,14.444401,15.7453,20.217402,2.3115,17.8971,10.4023,10.6042,5.0139003,10.387401,13.886201,10.7515,13.638901,10.870701,7.754,10.0,9.200001,16.417301,17.9167,17.391302,7.4775004,5.0393,2.8991003,16.703302,6.2296004,12.3542,9.5067005,,9.8413,21.17,12.754401,12.982,5.8586,19.2962,4.1525,12.799701,1.8561001,21.908,4.5737004,13.4568,6.5000005,13.629601,14.275101,,12.4851,5.8,4.1860003
2004,12.5605,10.0,4.1667004,8.1842,13.0502,13.9293,10.333301,16.760601,10.1125,13.6343,31.7,12.553201,,2.9768002,15.5102005,7.6980004,6.6145005,8.114,9.1392,15.070201,10.855901,5.4916005,12.027101,11.477701,5.9900002,9.555201,6.5505004,3.9602,16.750801,10.578401,4.9952006,12.4228,7.4892006,12.000001,3.0372002,13.990701,2.6198,6.5589004,1.4308001,5.9567003,40.293602,3.8661003,4.4737005,15.467901,27.0436,18.415401,11.1,16.0861,6.8098,6.4725003,3.0079,9.5411005,5.5178,2.4182,14.167701,17.8976,15.2626,6.0017004,2.496,18.75,16.164402,20.250002,2.157,16.841301,11.001101,7.9485,5.0181003,11.339001,13.8448,11.1085005,11.947801,11.071701,7.973201,10.0,9.200001,17.973902,18.0286,15.909101,5.7198,6.7374,2.8428001,16.8966,6.2836003,10.081901,9.5446005,,9.7146,20.487803,12.713,9.255501,5.8369,20.277802,3.9217002,12.7622,4.6748,20.4081,4.6559,13.5135,6.5455003,11.740601,14.9786005,,12.475,4.3809,4.3678
2005,11.7628,10.0,4.3377004,7.5230002,12.8648,14.408201,10.634701,10.0,10.1876,13.605901,20.917002,12.7623005,,2.9771001,15.384601,8.0485,10.5771,8.114,9.1582,14.963401,10.6912,5.5142007,12.033701,5.432,5.4601,9.5625,6.6559,4.4199,14.620401,10.5736,5.0197005,12.7560005,7.6636004,12.000001,3.0770001,12.902301,2.7339,6.6608,1.3587,5.8509,40.4067,4.0,4.3956003,15.922401,30.497803,17.632,9.100901,17.869001,7.5831003,6.4038,3.0008001,9.5186,7.6239004,2.3200002,12.609901,14.6798,12.730101,4.3155003,2.3000002,14.7143,14.2995,22.2857,2.0735002,15.946701,10.990201,8.8416,5.0407004,10.993901,13.835401,11.1366005,11.8296,10.839201,8.1919,10.0,9.3061,16.5,18.0622,14.285701,6.7561007,10.8083,2.9619,16.7422,6.3700004,12.5043,9.586401,,9.843801,19.761902,12.673901,11.3227005,5.9768,17.1804,3.9290001,12.755401,3.0196002,20.715601,6.1113,14.4083,6.5014,11.3198,15.784301,,12.4446,5.8667006,4.3535004
2006,11.7201,10.0,4.0,8.786401,12.868901,14.563001,10.625001,14.058801,10.191001,14.046301,18.75,13.8246,,2.9793003,16.2264,7.3898,10.7548,7.9843,9.3191,14.9096,10.363901,5.5367002,11.6667,5.6457005,5.6499,9.5706005,7.2182007,3.4279,12.5053005,10.5688,5.1087003,12.200001,7.8422008,10.967701,3.1173003,11.4286,2.8623002,6.7619004,1.2866,5.5677004,40.519703,4.0196004,4.4078,16.282902,32.1132,18.621302,9.5856,22.6532,10.3371,6.0241003,3.0433002,9.595901,7.6035004,2.0,13.7648,18.017801,13.187501,6.3907003,2.4468002,16.4286,17.3116,23.333302,2.0053,16.222301,12.0003,9.545501,5.0726004,10.466801,13.875701,11.865901,16.556501,11.1287,8.587701,10.0,9.6,16.0,18.0939,13.333301,6.4378,6.1673,,16.681501,6.3700004,12.5016,9.6471,,8.0,20.0,12.634901,5.6766005,5.6183,21.091002,4.0432,12.6667,4.2386003,20.293802,6.2006006,12.997401,6.5058002,11.744401,16.3773,,12.400001,7.0659003,4.3699
2007,11.538701,10.0,4.4627004,8.7275,13.6688,14.713,10.5556,17.2105,9.8435,14.009901,17.92,14.287901,,3.0000002,16.2313,7.3,14.000001,8.114,9.5008,14.9125,10.833701,5.5609,11.875001,8.221201,6.6063004,9.5817,7.5588,4.5107,9.598001,10.0,5.1064,12.764001,8.0249,,3.0000002,10.170401,2.8418002,6.8734,1.2145001,,40.614002,5.1254,4.4118,16.6362,32.2204,18.668303,7.4185004,20.509302,21.191101,6.7949004,3.0294,9.748701,7.5811005,2.0,12.274501,16.2236,13.4286,4.9902005,,14.1176,18.7722,16.1565,1.1024001,15.156301,11.2026005,9.583301,5.0,9.7567005,13.765301,11.942201,14.9951,11.1848,8.9258,10.0,8.333301,16.0,18.151001,,5.4550004,5.0338,3.2003002,16.6667,6.3700004,12.887001,9.6341,,6.8182006,25.471,12.5958,4.926,6.1007004,22.922302,4.0113,12.597401,3.2481003,19.953402,6.6733003,12.883401,6.4167004,11.8836,16.5344,,12.333301,7.5706005,4.3146005
2008,14.808401,10.0,4.6136003,6.4718003,11.843901,14.8401,13.994201,13.217401,9.8283,14.1371,19.1922,14.733701,,3.0000002,16.2963,7.6884003,14.000001,8.1108,9.969201,14.913901,10.9215,5.5869,12.0734005,11.9685,6.4582005,9.595901,7.5141006,5.1231003,9.020401,10.595501,5.0702004,13.514501,7.5231004,,3.2734,11.001801,2.8665001,7.0018,1.1424,,40.7083,5.7405005,4.3939,18.095001,33.5407,18.599302,13.735801,20.429802,17.4705,6.8919,3.0556002,10.0556,7.6713,2.0,14.357901,16.022001,13.2851,4.0254,,13.636401,19.076,15.2025,2.051,13.8791,11.800401,8.070101,5.1892004,9.5556,14.290001,12.085401,19.402302,11.3363,9.173201,10.0,7.8436003,12.9971,18.1907,,4.8700004,8.1345005,3.3194,16.875,6.1915,12.89,9.624001,,4.6429,25.165201,12.556801,5.2179003,6.0518003,21.254803,3.5511003,13.201,5.0238,21.3602,6.4368,7.2252007,6.5423,12.1586,16.804901,,12.500201,9.120001,4.4223
2009,15.175901,10.1695,4.742,4.1867003,14.715701,14.9476,17.903902,13.120001,8.6426,13.8613,19.8045,15.184001,,3.0000002,16.3636,6.6774,13.952801,8.1248,9.848001,14.914401,10.689901,5.6129003,11.969701,11.734501,5.3,9.6064005,7.7183003,3.1191003,10.6228,10.626901,5.0912004,13.807401,8.489901,,3.3891003,10.4568,2.8969,7.1509004,1.0991,,40.8025,6.5876,4.4266005,18.746101,34.343304,18.6352,11.6431,21.8137,14.7075,7.8358,2.8066003,11.6401005,7.5058002,2.0,14.344001,18.074902,13.795401,4.5215,,14.666701,20.2912,22.279001,2.1568003,15.9918,11.767901,8.7123,5.2794003,9.9576,14.638201,12.160701,15.8086,11.6481,9.4646,10.0,7.4228,14.500001,18.230001,,6.8308,8.1909,3.4386003,17.058802,7.84,12.502201,9.6121,,5.0,27.683102,12.6041,3.9423003,6.2447004,22.6781,3.4677,13.5901,2.5626001,20.402601,5.4712005,7.1829004,6.5773,11.889701,16.7989,,12.5856,9.6738,4.4679003
2010,15.578201,10.1,4.8684,4.8222003,12.055201,15.038401,22.1795,17.125,8.773901,13.949901,19.892601,15.610801,,7.102,16.366901,6.6000004,14.063601,8.0923,9.9151,14.914301,10.609401,5.6388,12.4053,12.8861,5.5615,9.7312,8.4606,3.2033002,11.491501,10.6583,5.1266003,15.433001,8.490001,,3.5048003,10.1724,2.9267,7.3235,1.0972,,40.8968,6.3483,4.4555,20.217402,34.7555,18.5271,5.2521005,20.995302,25.0797,8.020201,2.6162,12.0631,7.4144,1.9055,13.157901,15.391901,13.495201,4.5444,,13.205901,20.4311,13.4298,2.2514,21.778402,12.215501,8.8492,5.3897004,10.251,15.028001,11.7686,11.930301,11.765,9.656401,9.968201,6.9830003,14.785201,18.2635,,13.960001,7.1902003,3.5578003,16.8571,8.2300005,12.484301,9.598901,,4.7418,25.256,12.5095005,5.3753,6.1679,18.573,4.5518003,13.9905,3.0428002,20.8977,5.2096004,6.1471004,6.6143003,9.815701,17.2602,,13.666701,11.517,4.5132003
2011,13.364901,10.0,4.9958,4.8175,17.3771,15.114902,22.512802,15.85,8.793,14.623001,19.9286,16.0032,,7.0292006,16.3636,6.6900005,14.5720005,8.1022005,10.106501,14.9138,10.703901,5.6648,15.230201,16.533901,5.9763002,9.7553005,7.8686004,2.8346002,11.0795,10.6896,5.1553,16.012402,8.490001,,3.6202002,9.937,3.0000002,7.5226007,1.0952001,,40.991104,7.7259,4.4413,20.295502,36.477,18.8896,11.230901,21.741402,23.869902,7.952,2.4222,12.096701,7.392,1.8780001,12.735201,15.5171,12.910001,4.6383,,12.500001,21.540802,12.791201,2.3177001,10.751401,11.2108,7.8727007,5.5238,10.268401,15.3321,11.839001,12.711101,11.8328,9.987901,9.927501,6.5920005,13.5323,18.286802,,13.985701,7.4922004,3.6769001,16.8539,8.2300005,14.571901,9.584701,,5.3551,22.8356,12.500001,13.2047,6.5603004,19.299501,3.8377001,14.4171,3.7699,23.442501,6.2808,4.9111004,6.6594,12.702701,17.7327,,12.4968,12.579401,4.5577006
2012,10.0073,10.0,5.7500005,4.2092004,14.716101,15.179201,22.300001,15.5556,8.1503,13.6118,19.9647,16.6667,,6.9358,16.285702,6.59,11.5388,8.132,10.1195,14.913501,9.6365,5.6908,15.2571,12.650201,6.5000005,9.780701,7.5083003,4.5419,10.517,11.250001,5.184,16.748901,6.9200006,,3.8532002,10.0611,2.9565,7.5000005,1.0933001,,41.036602,7.0134,4.4489,21.401802,38.581802,18.8866,12.727301,22.5882,24.124601,7.6584,2.1667001,12.166,7.6133003,1.7164001,12.233001,15.6483,12.6933,5.3750005,,12.500001,22.388302,27.5589,2.7577,16.0606,7.9585004,7.6993003,5.7143,9.983901,15.813101,10.911201,16.004702,12.1015005,10.232901,9.9051,7.9541006,9.8,18.636402,,13.8571005,8.2403,3.7961004,16.6667,15.880001,11.5775,9.677401,12.8205,5.1697006,24.1965,12.500001,7.3652005,4.0837,21.913301,3.9346004,15.000001,10.1505,23.4759,5.7228003,3.2973,6.78,12.232401,17.6445,,11.7143,13.849401,4.701
2013,14.051701,9.945901,5.2208,6.8749003,14.716101,15.233001,22.225302,15.785701,8.0445,14.0795,20.000801,16.216202,2.1646001,6.7774,16.087702,6.5339003,14.789401,8.1303005,10.219901,15.000001,9.963301,5.7168,7.8683,12.682401,7.0354004,9.806201,7.4585004,2.5112002,10.2951,10.5556,5.2126,18.270401,6.9,,3.8333,9.709201,3.0435002,,1.0914,,43.6679,7.5901003,4.4565,22.4601,34.9594,18.779501,14.247001,21.0323,27.7567,7.7624,2.1552,12.6527,7.7609005,1.5876,14.6398,15.483201,12.014501,4.6115003,,13.702701,22.8041,15.532101,2.2192001,19.9719,7.0323,7.8931003,6.0000005,9.976701,15.929201,10.841401,15.738401,12.102501,10.875501,9.880501,5.8366003,16.0,18.1818,,13.5443,8.0283,3.9152002,16.216202,10.8,15.492801,9.473701,1.5244001,5.0333,29.860802,12.2222,6.5981,3.5172002,21.8232,3.9910002,15.384601,7.9800005,24.465601,5.5057006,3.5006003,6.5816,12.513401,17.933401,,11.8571005,18.5764,4.6000004
2014,10.106001,9.9208,5.306,7.3629003,13.709201,15.277801,22.2026,16.2404,7.9522004,14.827701,19.836601,16.381601,2.0730002,6.9388003,16.0683,6.4731,13.944701,8.1335,10.370201,14.514401,11.0801,5.7428,11.224901,15.000001,6.3431005,9.831201,7.6092005,5.9294,10.0733,10.6640005,5.2206,20.023901,7.9097004,,3.8805,9.3701,3.0685,,1.0779,,48.9212,7.9849005,4.4566,23.354801,35.655502,18.398901,13.4713,23.1772,26.9501,7.4796004,2.1286001,12.675901,7.7852006,1.5354002,13.131801,14.498701,12.830901,4.7524,,15.032301,22.5876,17.02,2.1931002,20.011902,7.6554003,7.025,6.1996,9.8765,15.984901,11.077001,15.9868,12.2106,11.718401,9.8669,1.963,17.0,18.3237,,13.0748005,6.9978004,3.8150003,16.1243,10.8555,16.2572,9.472701,4.1073,4.9146004,27.956902,12.248401,5.4393,4.0805,22.2551,3.9780002,15.3901005,7.3935003,25.2737,6.2374,3.3013003,6.8667006,12.4687,18.4707,,12.2565,18.389902,4.6143003
2015,10.1331005,10.0163,5.4272003,8.1,12.0432005,15.315001,26.685902,16.2143,7.6739,15.244501,19.770302,17.599401,3.6723003,6.9388003,16.488901,6.3731003,12.604701,8.1373005,10.529,15.079301,8.779401,5.7687006,11.2486,15.000001,6.3523,9.855401,7.0986004,4.2002006,25.000002,10.708,5.2063003,18.7801,7.9100003,,3.9835002,9.3455,3.0973003,,1.064,,36.7041,8.4671,4.4824,22.950901,21.024,18.4562,14.098701,24.3377,31.5706,7.3804,2.1541002,13.5924015,7.7246003,1.5701001,12.6358,15.158501,12.7086,4.4738,,12.5915,22.504002,19.812302,2.6015,23.535402,7.2659,11.662401,5.9503,12.219501,15.848701,10.6911,16.018202,12.124201,12.157001,9.878,4.9377003,17.4069,18.385801,,11.151701,8.1945,3.5916002,16.7032,11.2613,15.944401,9.556001,14.7425,4.8,25.340502,12.320701,5.8037004,3.9169002,22.5676,3.9742002,15.0481,8.423901,25.212101,5.3762007,3.2,6.7820005,12.316401,18.9085,,12.374801,23.8192,4.6829
2016,6.4436,10.036401,5.5831003,11.237801,13.062301,15.333301,23.3542,15.775001,6.7851005,15.0668,19.812601,16.5547,3.6726003,6.9388003,16.5592,6.2573,14.110001,8.417901,10.1183,14.9638,10.4138,5.7947006,11.873501,15.000001,5.8512006,9.8786,7.2501006,5.0278,25.000002,10.683401,5.2063003,18.960001,7.9500003,,4.0927,9.4208,3.1151001,6.55,1.0509001,,40.450302,8.3623,4.4671,24.6257,21.2941,19.2381,12.2886,22.045902,31.79,5.6797004,2.1461003,14.242801,7.6723003,1.5605,12.246401,15.3016,11.6436,4.6727004,,12.838901,21.888802,19.4276,2.7841003,23.367802,9.076301,8.0444,5.9963,11.8872,15.954701,11.1561,16.168701,11.915701,11.991,9.8476,5.8652005,17.400002,18.4276,,10.1236,10.9161005,3.4713001,15.574902,11.655901,13.114401,9.5347,14.780901,5.6192,26.028502,12.278501,14.0115,3.7995002,22.0165,3.9814,15.286,5.7802005,20.7742,5.2272005,2.651,12.986001,12.202701,19.165802,,12.4167,26.794102,4.7065
2017,8.240201,10.030401,5.0507007,7.3969,12.9097,15.333301,23.788902,12.456501,6.8835,14.608801,19.862902,16.815601,2.3538,6.9388003,16.562801,6.1065,14.31,8.142,9.978901,15.130401,11.776501,5.8207006,12.1546,15.000001,6.0349,9.900701,7.3378,6.0045004,25.000002,10.685201,5.2127004,20.729301,8.0,,4.1831,9.982901,3.1304,4.4,1.0399001,,39.691303,8.3402,4.4695,24.649902,20.959803,19.368502,11.541301,22.5441,32.102802,8.8255005,2.1246002,13.870001,7.6725,1.4441,12.580001,14.708901,11.489901,5.156,,13.285701,21.4134,17.237001,2.9177,23.071302,9.073701,7.6829004,6.0456004,11.963901,15.932501,10.9427,16.321001,12.2047,11.971001,9.818001,6.1657004,17.400002,18.465801,,8.683201,11.487101,3.4298003,16.0564,15.0078,17.8061,9.5118,14.444301,5.3,26.873701,12.224001,8.2566,3.9011004,21.871101,3.7869,15.2381,2.6588001,21.444601,3.3482,2.2396002,19.600101,12.107201,19.281801,,12.4111,34.346302,4.7365003
2018,9.246901,10.0225,4.9191003,8.0695,13.6028,15.454501,25.588501,11.762701,6.8547006,14.7018,19.883902,16.8836,3.0769,6.9388003,16.5664,5.9261003,14.411301,8.144701,10.1468,,9.848701,5.8404,14.901901,10.9108,5.7563,9.8826,7.4086003,6.0279,25.008001,10.683001,5.2229,21.3367,7.9913,,4.2672005,10.343801,3.1484,8.3,1.0450001,,31.604002,8.4986,4.4707003,23.1135,28.612701,20.105402,15.359001,21.137701,32.0945,8.865001,2.0969,14.4503,7.6837006,1.5220001,13.012001,16.774801,11.8247,8.3611,,12.160701,22.724201,17.7542,3.0097,23.4592,9.4038,9.015401,6.1052003,12.0326,16.049501,11.2691,16.4867,11.867201,11.961801,9.7825,6.5638003,18.0,18.5035,,12.237201,11.908701,3.2574,16.1734,12.3688,17.2875,9.4871,14.349001,5.2742004,28.368101,12.173401,8.109301,3.9808002,22.0419,3.7478,15.380001,4.6406,20.831402,8.5126,2.6969001,26.954502,12.52,19.194302,,12.3948,34.849102,4.7628
2019,9.521001,10.018001,4.8461003,8.1384,14.1731,15.454501,24.5876,16.111101,6.7524004,14.7235,19.900402,16.9855,3.6303003,6.9388003,16.5737,5.7700005,14.230901,8.1468,10.342501,,10.893201,5.8580003,9.6302,11.388401,6.0657005,9.8876,7.5682006,5.1366005,25.000002,10.690401,5.2343,22.2821,8.3,,4.3457003,11.4181,3.1683002,5.7333,1.0326,,45.101105,8.7033,4.4674,24.590902,30.527601,20.872501,14.1765,20.709301,31.676601,7.2846003,2.0622,13.649701,7.6974,1.5054001,12.924001,11.907201,11.8681,7.7997007,,12.767901,23.5427,17.224802,3.0832002,28.347301,5.8271003,9.045501,6.1634,12.076701,15.969901,10.189701,16.613302,12.3293,11.8269005,9.7445,6.1944003,18.0,18.538502,,14.478401,11.818201,3.2023003,16.181002,13.590501,15.517501,9.469501,15.207001,5.5309,27.599302,12.1278,8.162701,3.9498003,22.4136,3.6380002,15.299601,3.9058003,21.0741,8.2598,2.7537,27.904802,12.297901,19.6511,,12.399301,31.816902,4.7852006
2020,9.9381,10.020901,6.0941005,7.8833003,12.0146,15.464401,24.5452,10.534201,6.9948,14.9918,19.8747,17.3207,4.7149,2.653,16.662401,5.7182007,14.3789015,8.152,10.485901,,10.6182,5.9028,9.6226,9.8581,6.2650003,9.8908,7.7459,4.2959,20.0,10.697901,5.2481003,22.967001,9.04,,4.2388,11.3513,3.0899,14.450001,0.97800004,,47.582603,8.52,4.4863,25.591402,35.0289,21.250301,14.358901,22.527,32.056503,9.0621,2.1317,15.2178,7.743201,1.4893001,12.677701,15.5556,11.897201,10.8381,,16.1081,24.2311,16.467001,3.141,29.7726,5.7795005,9.9813,6.4127007,11.5288,15.9856,10.164901,16.8006,12.359,11.8887005,9.7361,5.9617004,17.9964,18.573301,,14.5956,13.9566,3.7097,16.0177,14.499001,16.0083,9.4956,15.3948,5.3059,25.843,12.099501,8.8393,3.9381003,20.3229,3.5356002,15.3043,17.3877,21.2577,7.1737003,2.0068002,28.069302,12.317301,20.0277,,12.3998,32.6446,4.7617006
2021,9.7025,10.021701,1.6312001,7.6494,11.6547,15.610401,24.800001,11.394701,7.2937007,14.9868,19.7917,17.4216,3.1406002,5.1018,16.6711,5.5690002,13.9855,8.1471,10.462501,18.0,10.347301,5.9188,9.4361,11.454901,6.2500005,9.8872,7.7827005,5.5056005,20.0,10.7047,5.2538,23.784,9.1,,4.2946005,11.265201,3.0872002,8.35,0.9990001,,43.310802,8.7412,4.4749002,26.9916,37.929,20.247301,11.632001,23.8017,32.701603,8.658401,2.1283002,14.976401,7.7388,1.5054001,12.872201,12.464201,12.085401,6.7000003,,12.625001,24.9796,14.204901,3.2479,27.208601,5.8358,9.9812,6.5186005,11.814901,16.0144,10.227,16.543901,12.407901,11.8448,9.730401,5.8288,18.000101,18.603,,14.6456,13.813401,3.8432002,15.9188,19.5727,16.6734,9.524,15.094701,5.3694,26.44,12.0648,8.8141,3.9778001,21.0776,2.8242002,15.327201,20.269802,20.9197,6.2696004,1.8472,29.2,12.3673,20.1422,,12.3942,35.538002,4.7700005
2022,10.153201,10.022401,5.2939,7.7265005,11.1853,15.659501,24.576502,13.892301,7.3599005,15.026501,19.8094,17.5397,1.8096001,6.9608,16.7032,5.4484,12.684201,8.1497,10.5056,18.0,10.5921,5.9431005,9.119401,11.4918,6.1346,9.8886,4.852,8.267,16.4916,10.7103,5.2617006,24.441902,9.150001,,4.3255,10.925701,3.0805001,3.3000002,0.9911,,41.469402,8.653701,4.4762006,26.894701,36.122105,20.836102,15.049801,23.4472,27.121601,8.277401,2.1330001,14.603201,7.7548003,1.5000001,12.225901,15.678901,13.688001,7.1000004,,14.500001,24.4772,15.558301,3.3478003,26.879303,6.0145,14.569401,6.6122007,11.534801,16.009901,10.1691,16.647402,12.5176,11.836201,9.713,6.1263,14.2613,18.632301,,14.6428,13.672901,3.8928003,16.0366,18.0874,17.1447,9.521901,16.101301,5.4019003,27.764002,11.7958,8.347,4.0131,21.4619,3.4027002,15.310201,5.9441004,20.911001,6.4420004,1.7082,28.400002,12.359,20.092701,15.950801,12.472401,11.700001,4.7723002
2023,10.044401,10.023001,3.2776003,7.7444005,13.479401,15.712001,24.677902,12.343301,7.3401003,15.4101,19.8271,17.6578,2.4710002,6.9388003,16.427101,5.3278003,12.1571,8.1523,10.5488,18.0,10.541901,5.9674,8.311501,10.3575,6.1419,9.888901,5.4934,6.2957006,17.693901,10.532201,5.2696004,25.1092,9.0105,,4.3313,11.0148,3.0655003,4.2000003,0.9832001,,41.412804,8.6373005,4.4791,26.5659,35.771103,20.235601,15.626501,23.687801,29.435402,8.6562,2.1487,16.2111,7.7708,1.4982,12.2581005,14.7209015,13.1301,8.708501,,14.7353,24.2416,16.6769,3.4476004,29.051502,6.3459,14.553201,6.7058,12.017501,15.9639015,10.3571005,16.751001,12.653401,11.217901,9.8238,5.4690003,17.974,18.4318,,14.190101,14.122701,3.9457002,15.990701,16.838902,16.949001,9.5198,16.9987,5.3591003,28.901201,12.225901,8.254001,3.9282002,20.646801,3.5911002,15.313901,8.286,21.312302,6.4585004,1.6286,26.2,12.2888,20.255802,15.952401,12.4966,11.700001,4.768
