Date,ABW,AFG,AGO,AIA,ALB,ARE,ARG,ARM,ATG,AZE,BDI,BEN,BFA,BGD,BHR,BHS,BIH,BLR,BLZ,BMU,BOL,BRA,BRB,BRN,BTN,BWA,CAF,CHL,CHN,CIV,CMR,COD,COG,COK,COL,COM,CPV,CRI,CUB,CYM,CYP,DJI,DMA,DOM,DZA,ECU,EGY,ERI,ETH,FJI,FSM,GAB,GEO,GHA,GIN,GMB,GNB,GNQ,GRD,GTM,GUY,HKG,HND,HRV,HTI,IDN,IND,IRN,IRQ,ISR,JAM,JOR,KAZ,KEN,KGZ,KHM,KIR,KNA,KOR,KWT,LAO,LBN,LBR,LBY,LCA,LKA,LSO,MAC,MAR,MDA,MDG,MDV,MEX,MHL,MKD,MLI,MLT,MMR,MNE,MNG,MOZ,MRT,MSR,MUS,MWI,MYS,NAM,NCL,NER,NGA,NIC,NPL,NRU,OMN,OWID_KOS,PAK,PAN,PER,PHL,PLW,PNG,PRK,PRY,PSE,PYF,QAT,RWA,SAU,SDN,SEN,SGP,SLB,SLE,SLV,SOM,SRB,SSD,STP,SUR,SVN,SWZ,SYC,SYR,TCA,TCD,TGO,THA,TJK,TKM,TLS,TON,TTO,TUN,TUR,TUV,TZA,UGA,UKR,URY,UZB,VCT,VEN,VGB,VNM,VUT,WSM,YEM,ZAF,ZMB,ZWE
1960,,3.129,,,,,,,,,3.881,0.009,0.06,,,-0.027,,,6.5,,,,,,,10.088,0.027,0.427,,0.023,,,0.015,,-0.179,,,0.837,,,,,,0.027,11.02,0.328,,,0.956,1.0,,0.015,,0.243,,,,,,1.61,4.853,0.439,1.567,,,,1.978,0.663,0.074,3.498,,,,2.759,,4.277,,,6.277,,,,5.305,11.309,,0.789,,,2.907,,0.407,,0.061,,,,,6.543,,,,,,0.325,2.6,0.724,,,0.009,0.782,3.817,1.697,,,,6.772,2.79,-0.402,0.697,,0.004,,3.563,,,,6.328,0.567,2.435,,-0.032,,,,11.928,,,,11.165,,28.3,9.167,2.226,,0.01,0.064,1.59,,,,,,,,,0.394,4.882,,1.583,,,0.011,,,,,,,0.144,
1961,,6.191,,,,,,,,,3.577,0.63,0.382,,,,,,9.4,,,,,,,14.757,0.341,2.606,,0.552,,,0.128,,1.16,,,1.462,,,,,,0.024,14.735,0.682,,,1.251,0.894,,0.352,,0.23,,,,,,1.454,5.422,0.336,2.068,,,,1.58,3.009,0.032,2.954,1.384,,,8.212,,3.914,,,9.365,,,,14.845,8.796,,0.798,,,5.452,,0.22,,0.615,,,,,3.54,,,,0.635,,2.895,4.813,1.028,,,0.409,0.684,4.009,2.017,,,,6.145,1.894,-0.616,0.234,,0.004,,3.22,,,,5.885,-0.012,1.176,,0.001,,,,12.152,,,,12.61,,30.919,8.333,1.78,,0.985,1.655,0.969,,,,,0.015,10.846,,,1.394,4.825,,0.138,,,0.117,,,,,,,0.144,0.001
1962,,3.034,,,,,0.22,,,,5.246,1.589,1.142,,,,,,17.25,,,,,,,13.1,0.919,2.435,,1.431,,,1.883,,0.993,,,1.957,,,,,,2.751,18.049,0.898,,,1.546,9.169,,1.544,,0.408,,,,,,0.882,4.782,0.111,1.535,,,,1.615,1.236,0.096,3.66,1.694,,,5.813,,3.358,,,8.297,-0.193,,,41.841,5.499,,0.909,,,3.334,,0.698,,0.251,,,,,4.505,,,,1.366,,2.178,6.414,1.116,,,0.822,0.636,2.903,1.575,,,,8.822,1.978,0.234,0.618,,,,0.888,,,,8.848,-0.596,0.739,,0.121,,,,11.709,,,,10.667,,17.41,3.769,2.337,,1.559,2.422,1.148,,,,,0.099,8.031,,,1.524,6.465,,0.202,,,0.977,,,,,,,0.944,
1963,,4.781,,,,,0.149,,,,2.678,1.684,1.043,,,0.01,,,11.941,,,,,,,12.395,1.535,2.404,,1.182,,,3.343,,1.482,,,1.612,,,,,,5.149,10.199,0.898,,,1.368,3.602,,2.243,,1.182,,,,,,0.848,3.844,0.276,1.812,,,,2.028,0.572,0.226,3.28,0.427,,,6.184,,3.258,,,6.514,-0.072,,,17.305,3.134,,0.882,,,3.515,,1.129,,0.019,,,,,7.012,,,,0.964,,2.296,8.755,0.519,,,0.772,0.406,2.73,3.264,,,,10.517,2.857,0.275,0.4,,0.004,,2.292,,,,5.25,-0.142,1.126,,0.066,,,,14.097,,,,18.635,,14.109,4.571,0.234,,1.511,3.228,1.028,,,,,1.699,8.241,,,0.907,3.826,,0.566,,,0.488,,,,,,,0.829,1.282
1964,,5.658,,,,,-0.02,,,,3.136,6.717,3.72,,,0.026,,,4.306,,,,,,,18.872,11.824,1.902,,4.349,,,9.758,,0.708,,,2.169,,,,,,2.335,7.83,0.854,,,0.808,2.529,,7.543,,1.173,,,,,,0.949,2.848,0.012,2.38,,,,2.165,0.082,0.476,2.434,0.456,,,5.852,,1.623,,,4.911,-0.058,,,6.784,1.743,,0.679,,,3.57,,6.133,,-0.117,,,,,5.184,,,,5.393,,0.986,17.505,0.661,,,2.562,0.826,2.804,3.929,,,,9.831,1.55,0.483,1.234,,,,2.151,,,,5.569,-0.021,1.447,,0.049,,2.69,,9.498,,,,14.383,,23.182,6.267,0.365,,4.254,6.277,0.821,,,,,1.69,7.03,,,1.225,3.838,,0.114,,,-0.716,,,,,,,2.833,0.594
1965,,5.251,,,,,-0.197,,,,3.096,6.187,4.122,,,0.026,,,5.325,,,,,,,20.196,10.52,1.765,,4.325,,,8.128,,0.699,,,2.603,,,,,,9.026,4.787,0.886,2.501,,0.972,3.092,,6.32,,2.268,,,,,,1.053,3.513,0.175,2.353,,,,2.169,0.357,0.362,2.896,1.039,11.34,,7.421,,1.12,,,6.967,-0.077,,,14.471,0.522,,0.888,,,3.652,,6.305,,0.231,,,,,4.649,,,,3.647,,0.956,15.206,0.774,,,2.255,1.332,1.697,2.433,,2.921,,8.45,4.302,1.117,1.425,,24.211,,2.121,,,,5.483,0.016,2.034,,0.227,,4.853,1.668,11.75,,,,13.612,,25.367,9.688,0.23,,4.424,5.158,1.119,,,,,2.204,9.402,,,1.017,2.323,,0.16,,,0.182,,,,,,,1.067,0.352
1966,,3.558,,,,,-0.031,,,,5.724,4.924,3.903,,,0.017,,,5.864,,,1.243,1.074,,,31.368,9.911,1.769,,3.631,,,11.604,,1.551,,,2.016,,,,,,5.421,4.35,1.057,1.856,,1.095,2.796,,5.991,,2.936,,8.159,,,,0.753,4.148,0.099,1.822,,,,2.761,0.172,0.128,2.414,0.999,11.481,,4.904,,1.272,,,5.747,-0.075,,,14.713,0.103,,1.706,17.417,,3.464,,5.3,,0.154,,,,,5.727,,,,8.127,,1.93,12.583,0.988,,10.488,3.148,1.118,2.197,1.698,,0.912,,5.755,2.385,0.74,0.635,,22.003,,2.011,,6.222,,9.528,0.012,2.539,,0.209,,2.711,2.273,19.545,,,,2.373,,15.574,5.813,1.564,,4.421,3.99,0.84,,,,,1.38,8.17,,,0.793,2.597,,0.262,,,0.353,,,,,,,2.472,0.036
1967,,2.404,,,,,0.037,,,,6.234,5.317,4.37,,,0.201,,,12.426,,,0.611,0.355,,,29.452,12.62,1.357,,3.249,4.866,,8.0,,1.705,,,1.889,,,,,,5.769,3.272,1.076,0.591,,1.127,1.803,,6.098,,2.645,,6.404,,,,1.055,4.913,0.099,1.523,,,4.139,2.776,0.44,0.126,1.521,0.91,8.307,,3.075,,1.451,,,5.178,-0.07,,,9.297,0.085,,2.514,18.622,,2.067,,4.565,,0.137,,,6.255,,3.052,,,,4.413,,2.186,11.598,0.733,,6.45,3.341,1.424,1.819,1.685,,0.969,,6.541,1.838,0.742,1.123,,22.332,,2.517,,6.851,,8.394,0.016,0.925,,0.582,,2.14,1.504,5.317,,,,2.222,,14.485,13.176,0.38,,4.387,4.358,1.067,,,,,0.792,8.534,1.269,,0.884,2.276,,0.354,,,0.296,,,,,,,4.709,0.03
1968,,2.086,,,,,0.01,,,,7.629,4.043,4.969,,,0.013,,,12.837,,,0.664,0.518,,,23.914,9.197,1.087,,3.605,5.408,,8.617,,2.005,,,1.577,,,,,,4.08,3.155,0.883,0.435,,1.621,3.906,,4.978,,3.849,,14.244,,,,1.053,7.254,0.049,2.599,,,4.672,1.753,0.101,0.062,1.164,1.567,7.939,,4.62,,0.961,,,3.81,0.0,,,5.536,0.216,,2.937,16.897,,2.875,,4.711,,0.094,,,8.155,,2.77,,,,6.973,,4.68,19.886,0.78,,7.319,4.789,1.365,1.75,1.412,,0.035,,4.898,1.304,0.609,0.764,,22.915,,2.071,,7.008,,9.349,0.014,1.933,3.799,0.317,,3.232,1.08,11.154,,,,9.867,,11.271,15.375,0.308,,4.774,5.631,1.069,,,,,0.666,6.168,1.003,,0.829,2.176,,1.565,,,0.197,,,,,,,1.979,0.155
1969,,1.895,,,,,0.057,,,,8.388,4.006,5.031,,,0.015,,,14.87,,,0.378,0.707,,,16.096,10.594,0.918,,3.765,3.92,,6.604,,1.683,,,1.652,,,,,,2.85,3.083,0.57,0.153,,1.404,5.058,,6.342,,3.724,,8.156,,,,0.805,7.904,0.041,1.911,,,3.993,1.558,0.182,0.112,0.9,1.174,6.759,,3.897,,1.3,,,4.295,0.014,,,5.037,0.193,,2.552,15.747,,2.151,,4.336,,0.068,,,6.89,,5.005,,,,4.221,,2.432,10.659,0.863,,6.274,5.358,1.325,2.323,1.374,,0.022,,3.809,1.517,0.541,0.849,,21.855,,2.584,,7.609,,9.339,0.036,0.485,4.473,0.906,,2.138,1.221,10.771,,,,9.302,,10.641,8.063,0.506,,5.011,4.684,1.019,,,,,0.925,9.378,0.889,,0.744,2.389,,0.981,,,0.121,,,,,,,1.067,0.041
1970,,1.548,-0.001,,,0.522,-0.009,,,,7.519,4.453,4.801,,0.198,0.016,,,11.442,0.004,2.928,0.394,1.074,0.004,0.429,14.059,7.69,0.634,,3.703,5.828,1.882,5.743,,1.897,20.763,,1.246,0.033,,0.938,18.2,,2.38,2.577,0.674,2.143,,1.307,3.314,,7.739,,2.722,0.346,2.519,,,,0.778,6.874,0.037,1.991,,0.888,5.152,1.329,0.199,0.194,0.881,0.781,12.17,,3.627,,2.608,9.909,,2.996,0.015,58.185,0.971,3.631,0.108,,2.294,11.057,0.122,2.169,,4.324,1.412,0.086,,,6.24,7.244,4.083,,,0.002,2.52,,2.671,6.496,0.693,,6.37,4.867,0.374,2.197,2.693,,0.033,,4.236,1.309,0.763,0.619,,23.588,,2.267,,7.783,0.021,9.882,0.033,0.373,3.316,1.478,26.516,1.556,1.255,8.551,,,,12.193,,6.186,22.333,1.055,,4.735,4.788,1.043,,,,7.941,0.711,8.178,0.989,,1.79,2.645,,0.544,,,0.045,,15.981,8.5,1.957,,,0.745,0.034
1971,,2.378,0.0,,,0.399,0.011,,,,8.885,8.729,5.973,0.277,0.907,0.046,,,8.895,,2.846,0.309,1.881,0.02,0.269,13.473,7.814,0.255,,3.367,4.307,2.02,5.451,,1.362,21.0,,1.336,0.037,,0.819,14.392,,1.466,2.403,0.8,1.625,,1.46,4.508,,6.626,,2.385,0.289,6.537,0.054,,,0.615,6.223,0.081,1.661,,0.717,6.378,1.497,0.057,0.341,1.049,1.237,9.28,,3.811,,5.589,12.095,,3.252,0.016,54.855,0.262,3.4,0.072,,2.552,16.908,0.117,3.062,,3.93,4.474,0.044,,,7.574,5.628,6.957,,,0.003,4.537,,3.652,4.36,1.023,,9.234,5.909,0.321,1.389,2.586,,0.806,,4.018,1.434,0.599,0.862,,21.165,,2.466,,6.623,0.028,11.269,0.028,0.392,4.024,1.368,20.794,2.533,0.889,9.236,,,,12.049,,1.661,35.182,0.865,,6.022,4.815,0.851,,,,3.55,0.481,6.533,1.266,,2.039,2.277,,0.332,,,0.065,,15.624,12.308,1.893,,,1.307,0.033
1972,,3.383,0.002,,,0.24,0.005,,,,10.962,4.912,5.948,3.622,0.434,0.218,,,6.365,0.003,3.746,0.188,1.697,0.006,0.345,19.152,11.25,0.324,,2.699,4.565,2.074,5.718,31.0,1.212,20.837,,1.304,0.045,,0.822,15.0,,1.211,1.636,0.61,1.516,,1.349,2.765,,6.672,,2.803,0.124,8.414,,,,0.923,4.531,0.051,2.107,,0.828,4.664,0.864,0.053,0.367,0.953,0.92,13.661,,3.466,,9.444,16.84,,3.357,0.018,46.937,0.52,3.164,0.117,,2.364,12.815,0.036,2.014,,4.085,2.909,0.048,,,7.78,4.715,6.708,,,0.003,3.56,,3.31,4.379,1.02,0.004,10.84,5.827,0.205,0.961,2.823,,3.388,,3.284,0.857,0.52,1.823,,23.799,,1.968,,8.433,0.045,12.182,0.023,2.585,3.014,1.098,44.857,2.232,1.27,7.112,,,,14.313,,6.598,28.129,1.844,,5.228,4.635,0.658,,,,4.875,0.291,5.243,1.133,,1.762,2.77,,1.034,,,0.062,,18.072,12.571,3.585,,,1.206,0.034
1973,,3.146,0.003,,,0.02,0.033,,0.013,,9.074,5.254,8.43,5.198,1.525,0.076,,,6.311,,1.885,0.092,1.373,0.022,0.839,14.783,9.552,0.238,,2.633,3.726,1.856,5.1,28.333,1.279,26.697,,1.091,0.053,,0.745,17.55,0.281,0.833,1.449,0.78,8.892,,1.638,3.469,,5.893,,1.365,0.237,8.703,0.004,1.247,0.128,0.728,2.771,0.011,1.588,,0.733,3.809,0.915,-0.014,0.177,1.609,0.822,21.305,,3.946,,23.961,15.308,0.028,2.03,0.009,45.282,0.309,2.387,0.152,0.153,2.11,8.494,0.035,1.522,,3.186,2.148,0.024,,,12.586,7.47,9.804,,,0.002,6.393,0.25,3.371,3.678,0.598,,13.771,7.482,0.164,1.96,3.327,,7.414,,4.478,1.314,0.942,1.96,,16.021,,1.498,,11.682,0.044,13.479,0.021,1.217,4.303,0.698,30.605,2.492,0.864,10.012,,,,10.97,,5.443,21.595,13.564,,6.955,4.602,0.563,,,,3.829,0.184,5.134,0.321,,2.416,1.312,,0.431,,0.4,0.052,,14.499,11.273,3.477,,,1.999,0.028
1974,,2.221,0.007,,,0.005,0.034,,3.571,,11.116,5.937,12.86,4.243,2.947,0.079,,,6.761,0.006,2.542,0.142,0.876,0.011,0.836,11.796,13.111,0.095,,2.544,3.299,1.972,6.647,31.944,0.714,36.946,,0.981,0.136,3.429,2.2,20.906,8.732,0.563,0.977,0.437,15.107,,2.564,2.671,,1.736,,1.263,0.378,10.726,3.914,16.726,4.625,0.712,2.947,0.011,1.91,,0.999,2.644,1.241,0.02,0.028,0.706,0.873,25.401,,4.063,,48.99,8.373,7.66,1.285,0.003,32.033,2.878,2.678,0.076,9.325,2.383,8.628,0.008,1.504,,3.297,1.794,0.031,,,21.702,5.226,5.449,,,0.012,16.115,20.769,3.716,4.066,0.752,,9.741,13.217,0.096,1.54,2.354,,12.519,,5.308,0.824,0.633,0.984,,19.326,,1.657,,6.786,0.022,15.196,0.008,5.336,6.743,0.41,21.088,1.623,0.588,17.223,,,,13.816,,6.226,19.837,15.365,16.067,11.963,4.876,0.517,,,,6.383,0.187,5.094,0.142,,3.259,0.842,,0.127,,11.091,0.02,12.923,19.915,19.671,5.454,,,2.095,0.043
1975,,2.77,0.122,23.857,,0.028,0.023,,2.395,,11.522,8.004,9.537,5.428,1.918,0.08,,,8.217,0.004,1.959,0.124,0.902,0.01,3.088,14.349,14.523,1.541,,2.656,4.314,2.659,7.579,33.059,0.552,18.748,6.603,1.065,0.154,2.741,3.808,22.194,18.302,0.563,1.53,0.506,22.071,,2.894,2.898,,3.012,,4.455,0.434,6.991,7.259,2.076,5.5,0.84,2.1,-0.011,3.437,,2.674,2.297,1.635,0.003,0.593,3.028,0.703,34.97,,3.943,,13.911,9.433,3.265,1.145,0.003,16.752,0.317,3.136,0.011,9.495,4.198,11.347,0.004,3.025,,3.622,15.476,0.025,,,17.557,6.385,5.157,,,0.327,12.36,32.0,4.204,5.565,1.092,,7.92,13.212,0.084,1.31,2.533,0.021,7.781,,6.566,1.008,0.493,1.053,,23.713,,1.101,,10.397,0.032,15.882,0.006,6.156,5.061,0.206,45.51,2.497,0.915,23.23,,,1.333,11.605,,4.918,15.583,12.498,19.118,7.653,4.81,0.568,,,,7.535,0.186,5.11,0.128,0.625,5.121,2.2,,0.141,,18.121,0.014,17.286,10.115,14.182,11.866,,,3.792,0.102
1976,,2.689,0.467,18.333,,0.005,0.026,,4.38,,10.023,7.271,8.26,4.867,8.41,0.104,,,13.067,0.005,2.03,0.074,1.107,0.006,4.667,12.737,8.598,0.104,,2.386,5.274,2.131,10.131,41.75,0.453,22.354,19.488,0.576,0.338,3.043,9.713,15.205,10.31,0.615,0.835,0.507,18.752,,2.827,3.391,,1.2,,2.242,0.167,9.602,8.719,0.404,5.44,1.159,5.123,0.021,2.314,,2.723,1.776,1.703,-0.008,0.091,4.209,0.68,33.423,,4.638,,0.117,9.707,6.095,0.726,0.001,12.094,1.982,3.949,0.037,7.49,5.246,9.972,,2.648,,2.827,15.05,0.024,,,9.349,5.273,5.42,,1.027,1.236,28.797,25.923,2.369,5.239,0.588,,5.826,11.848,0.043,1.1,2.95,,7.268,,7.741,1.281,0.596,0.956,,16.178,,1.319,,10.608,0.042,12.423,0.003,4.399,4.203,0.175,36.472,2.241,0.742,12.503,,,21.182,21.998,,4.213,15.745,10.776,19.789,6.966,4.914,0.99,,,,10.3,0.159,5.048,0.246,36.75,4.121,0.858,,0.188,,13.394,-0.048,17.267,5.231,38.663,11.146,,,2.471,0.163
1977,,2.741,1.155,15.857,,0.144,0.027,,6.987,,8.872,6.509,9.817,8.039,1.966,0.075,,,8.509,0.013,2.156,0.046,0.795,0.004,3.766,10.454,8.854,0.079,,1.712,6.828,2.26,6.611,38.947,0.21,9.672,22.661,0.559,0.322,1.795,12.77,23.231,10.761,0.333,0.652,0.299,18.884,,2.037,3.237,,1.022,,2.837,0.355,15.179,13.328,0.808,4.771,0.774,2.745,0.013,2.022,,3.013,1.132,0.816,0.049,0.303,4.533,0.785,20.792,,3.708,,0.054,16.676,4.744,0.619,0.003,13.066,3.674,4.258,0.031,4.19,4.969,10.214,,5.538,,2.569,20.278,0.023,,,10.495,4.611,10.555,,0.897,1.397,23.533,22.571,2.687,5.592,0.558,,9.315,7.36,0.03,0.807,5.123,0.021,14.069,,3.97,0.871,0.797,0.809,,15.642,,1.536,,10.496,0.027,12.781,0.009,4.099,4.15,0.188,27.417,3.784,0.888,47.179,,,5.846,14.958,,7.849,17.852,13.838,16.429,8.672,5.89,0.664,,,,14.4,0.071,5.032,0.159,34.0,4.386,0.571,,0.342,,8.061,-0.023,12.812,5.564,18.896,16.951,,,4.494,0.172
1978,,2.21,1.024,29.25,,0.007,0.026,,4.091,,12.401,6.495,10.716,7.242,3.013,0.111,,,14.015,0.023,3.152,0.07,1.339,0.004,4.216,11.656,8.325,0.024,,1.706,4.212,1.9,9.74,31.591,0.251,8.245,26.561,1.045,0.274,3.273,4.883,48.111,12.474,0.424,0.758,0.268,19.068,,2.316,3.194,,2.008,,3.07,0.796,19.988,15.901,1.283,2.977,0.53,5.422,0.013,1.668,,3.358,1.265,0.825,0.316,0.231,5.315,4.546,17.952,,4.801,,0.045,20.38,4.271,0.315,0.005,26.351,5.654,5.652,0.025,2.992,11.912,11.128,,3.29,,3.39,38.571,0.017,,,12.74,4.695,23.179,,0.78,1.74,30.86,8.625,4.288,5.757,0.51,,13.595,8.896,0.026,1.025,4.362,,2.308,,3.583,0.628,1.42,0.966,,15.152,0.488,1.18,,9.011,0.004,13.789,0.008,4.675,6.632,0.088,38.382,4.254,1.095,46.638,,,6.862,9.354,,11.937,20.463,10.194,11.583,10.996,8.906,1.073,,,,15.8,0.092,5.397,0.268,40.714,4.558,1.637,,0.108,,7.279,-0.038,6.5,6.498,18.97,13.805,,,6.988,0.232
1979,,2.627,0.932,22.5,,0.021,0.039,,3.037,,12.22,7.128,11.28,7.223,4.07,0.088,,,14.095,0.019,2.857,0.051,0.801,0.003,6.049,12.123,11.994,-0.141,0.009,1.842,4.964,2.561,8.151,31.0,0.143,9.023,23.035,0.779,0.249,0.627,2.303,8.95,16.455,0.829,0.351,0.422,9.276,,2.895,3.053,,1.372,,4.199,0.68,16.819,17.167,5.058,2.812,0.599,5.898,0.053,2.063,,3.051,1.462,0.89,0.006,0.063,5.46,5.066,44.174,,5.796,,19.147,18.49,3.052,0.2,0.004,18.856,2.595,8.634,0.012,1.401,9.222,12.839,0.002,3.44,,3.972,18.471,0.052,,,11.854,4.976,36.168,,0.69,2.288,18.477,7.316,2.646,8.022,0.615,,14.198,8.408,0.014,4.221,6.826,0.038,6.804,,3.61,0.53,1.621,0.86,,12.567,,0.719,,11.845,0.003,13.298,0.009,8.32,7.587,0.06,25.082,4.9,1.086,46.456,,,4.275,12.787,,11.351,21.297,21.299,8.923,8.457,8.842,1.435,,,,37.8,0.077,3.032,0.658,51.25,5.983,2.221,,0.097,,8.143,0.022,7.478,5.411,38.32,20.391,,,9.022,0.267
1980,,0.769,0.777,20.909,,0.009,0.054,,4.198,,12.576,6.293,10.907,6.77,7.211,0.118,,,7.398,0.029,3.298,0.047,0.711,0.0,7.825,10.382,13.765,-0.027,0.034,2.167,4.759,2.815,5.903,37.821,0.127,20.305,44.489,0.535,0.232,1.057,2.423,27.152,24.123,1.104,0.507,0.191,6.844,,3.008,3.027,,1.441,,4.311,0.988,22.211,20.603,18.837,3.532,0.536,4.75,0.038,2.28,,6.936,1.352,1.17,0.03,0.023,3.695,4.491,39.942,,5.605,,46.322,57.758,9.269,0.214,0.031,13.562,5.283,10.067,0.03,5.394,9.372,13.404,0.427,5.455,,4.45,56.514,0.034,,,15.311,1.182,28.595,,0.42,2.664,17.176,12.929,2.944,7.839,0.57,,16.749,6.681,0.014,7.293,7.7,0.054,3.831,,4.964,0.577,1.172,0.801,,12.798,,0.659,,12.08,0.006,12.26,0.008,7.556,5.921,0.123,24.44,8.464,2.411,79.728,,,4.442,10.514,,7.653,14.238,15.116,11.3,3.371,5.78,1.296,,,,18.378,0.065,2.846,1.407,61.375,5.929,9.163,,0.088,,11.975,0.033,16.464,11.474,42.288,16.038,,,8.829,2.809
1981,,0.646,0.953,20.231,,0.001,0.045,,6.15,,12.49,6.307,12.165,5.12,5.73,0.109,,,5.83,0.02,2.312,0.102,0.932,0.003,8.935,8.683,14.499,0.002,0.243,1.556,3.333,2.917,4.276,34.103,0.149,23.538,34.779,1.323,0.138,0.589,2.082,22.168,17.783,0.932,0.395,0.162,6.339,,3.264,3.278,,1.222,,3.423,1.199,31.34,15.99,34.1,5.459,0.453,10.228,0.031,2.263,,6.557,1.169,1.019,0.005,0.72,2.996,4.848,27.935,,6.749,,17.681,46.364,4.725,0.459,0.029,9.898,8.443,11.412,0.013,6.273,8.323,14.241,0.001,6.067,,4.988,32.487,0.044,,,15.17,3.627,23.659,,0.104,2.38,21.15,10.394,5.241,7.587,0.591,,15.434,9.104,0.018,3.603,7.171,0.048,3.589,,2.882,0.517,1.035,0.931,,13.25,,0.754,,11.877,0.009,10.826,0.014,6.098,9.904,0.164,14.621,5.483,3.544,54.782,,,6.977,10.717,,5.073,10.453,12.068,20.794,6.822,4.697,1.18,,,,26.152,-0.046,2.989,1.042,59.444,5.31,10.238,,0.088,,9.05,0.026,12.323,14.582,31.32,17.545,,,5.927,2.435
1982,,0.283,0.93,13.0,,0.01,0.036,,3.037,,12.465,6.315,12.052,6.919,4.293,0.091,,,6.797,0.006,2.113,0.081,0.726,0.005,10.514,9.688,12.073,-0.005,0.255,1.942,3.415,2.594,4.547,34.828,0.163,20.578,37.787,2.892,0.171,0.285,1.42,19.222,18.622,1.277,0.312,0.211,5.632,,2.526,3.025,,1.871,,3.447,1.052,21.957,14.983,39.886,5.125,0.509,5.826,0.025,3.016,,7.783,1.026,0.818,0.0,0.009,3.077,5.215,18.936,,7.845,,5.317,40.811,3.678,0.044,0.021,8.379,5.089,11.572,0.331,4.744,8.249,13.288,0.063,4.984,,5.12,12.524,0.087,,,15.979,1.825,19.159,,0.095,3.301,17.656,10.892,4.557,7.002,0.527,,17.531,13.215,0.016,3.213,7.36,0.032,1.845,,2.86,0.521,1.092,0.788,,13.61,,1.319,,14.015,0.011,10.596,0.029,8.736,7.302,0.135,14.261,6.432,5.697,61.463,,,12.3,10.983,,4.106,11.83,7.395,27.158,7.71,6.834,1.065,,,,26.462,0.06,2.645,1.03,77.875,4.884,6.106,,0.07,,6.829,0.028,10.27,11.524,27.559,16.835,,,8.682,3.013
1983,,0.397,1.128,13.765,,0.01,0.033,,1.832,,12.813,7.849,11.392,5.481,6.816,0.056,,,8.053,0.005,3.029,0.067,1.319,0.009,11.045,9.102,14.253,0.046,0.289,2.526,1.973,2.732,5.582,30.393,0.117,19.702,42.568,7.979,0.169,0.136,0.86,21.523,10.122,0.737,0.198,0.298,5.008,,3.857,2.888,,2.05,,2.696,0.477,20.19,15.007,27.122,5.843,0.638,3.621,0.03,3.399,,7.272,0.95,0.842,0.027,0.018,4.331,4.94,17.2,,6.842,,5.332,43.211,3.216,0.009,0.02,6.081,3.232,12.175,0.017,3.704,8.567,13.808,0.049,2.847,,3.966,19.86,0.102,,,17.222,3.486,20.644,,0.074,3.516,16.279,5.564,3.773,6.488,0.617,0.0,22.075,9.851,0.022,2.83,7.106,0.052,0.919,,2.345,0.547,1.875,1.126,,13.383,,0.781,,13.847,0.015,10.022,0.03,11.896,9.415,0.084,14.792,6.722,7.408,46.462,,,15.649,0.437,,4.573,10.152,5.273,15.674,10.572,10.696,1.053,,,,27.677,0.078,2.508,0.59,52.625,4.19,6.228,,0.115,,4.383,0.027,7.537,4.618,26.36,19.684,,,7.003,3.198
1984,,0.2,1.357,8.55,,0.008,0.031,,1.113,,14.134,7.341,12.576,5.701,5.567,0.535,,,6.715,0.006,2.273,0.093,0.421,0.017,13.262,9.044,20.97,0.065,0.305,1.937,2.593,3.616,4.67,27.379,0.136,23.196,47.344,5.94,0.152,0.112,0.737,33.805,15.159,1.477,0.233,0.432,5.541,,4.341,2.655,,2.256,,4.884,0.709,29.073,15.321,31.851,19.482,0.524,2.69,0.042,4.548,,6.442,0.821,0.79,0.005,-0.004,4.433,7.848,14.293,,6.821,,2.74,37.355,3.646,-0.038,0.017,1.904,2.821,14.217,0.016,2.364,7.298,14.784,0.034,2.365,,3.995,5.5,0.054,,,26.389,0.942,18.828,,0.103,3.85,16.692,4.333,3.311,10.314,1.027,,16.396,11.212,0.015,3.032,6.002,0.053,1.237,,2.034,1.059,1.403,1.098,,12.769,,0.932,,12.974,0.019,10.244,0.027,6.124,10.774,0.206,10.63,5.474,6.742,44.793,,,14.506,0.584,,4.704,9.697,3.823,14.02,12.216,11.104,1.092,,,,22.136,0.069,2.201,0.412,60.778,4.271,4.541,,0.129,,3.0,0.03,4.089,3.055,18.984,15.215,,,9.649,5.336
1985,2.846,0.492,1.037,10.6,,0.01,0.047,,1.209,,12.117,9.171,12.184,4.338,2.257,0.033,,,10.803,0.062,3.181,0.048,0.426,0.032,16.008,9.393,12.104,0.316,0.303,1.864,1.842,5.075,3.41,30.0,0.158,24.046,47.993,6.922,0.187,0.021,1.514,25.434,14.179,3.536,0.305,0.492,4.96,,7.419,2.773,,1.962,,4.392,0.538,19.139,15.345,29.5,21.241,0.796,2.784,0.059,4.678,,6.941,0.723,0.686,0.006,0.043,7.441,9.127,12.384,,7.2,,1.609,47.28,4.045,-0.009,0.016,1.511,3.499,9.525,0.017,2.595,7.374,18.363,0.031,6.035,,5.026,7.465,0.081,,,27.72,1.516,21.262,,0.241,3.377,21.689,5.116,2.549,6.832,0.783,0.395,17.002,21.29,0.015,3.107,7.189,0.1,0.801,,2.181,0.769,2.16,1.352,,10.823,0.041,1.07,,11.878,0.028,10.347,0.024,14.397,7.868,0.121,11.912,7.705,8.835,40.971,,,14.711,1.088,,5.1,12.667,3.865,10.091,17.417,10.672,1.168,,,,20.206,0.103,1.991,0.274,41.625,3.132,5.177,,0.176,,3.839,0.028,4.34,3.206,17.805,18.175,,,16.077,4.876
1986,10.158,0.08,1.604,9.281,,0.102,0.073,,1.927,,16.199,10.28,13.24,5.801,3.748,0.072,,,10.693,0.005,6.884,0.069,0.297,0.094,23.639,7.852,12.175,0.022,0.364,2.06,1.85,4.188,5.701,65.575,0.151,16.522,55.362,4.382,0.176,0.528,1.145,32.558,8.812,1.195,0.27,0.673,4.459,,6.272,3.25,,2.491,,6.398,6.114,47.383,21.506,28.732,13.154,1.743,5.779,0.046,4.892,,7.708,0.913,0.804,0.013,0.063,5.791,7.053,10.123,,6.328,,1.681,52.84,4.271,-0.015,0.019,2.283,2.144,11.08,0.045,3.61,7.956,14.52,0.023,2.253,,7.389,12.683,0.212,,,20.716,0.451,23.871,,0.225,3.93,20.662,8.378,3.783,11.288,0.736,0.928,17.201,16.095,0.055,4.445,9.128,0.083,1.432,,2.585,0.555,1.335,2.722,,9.962,0.035,1.511,,11.193,0.041,10.601,0.031,9.574,11.101,0.159,19.472,20.064,8.998,57.361,,,11.875,1.503,,6.213,13.399,5.705,14.111,15.138,11.699,1.07,,,,19.444,0.432,2.562,0.461,47.778,6.153,4.938,,0.498,,8.164,0.035,2.804,3.838,20.008,21.437,,,33.233,4.43
1987,4.421,1.612,1.421,10.225,,0.315,0.08,,1.811,,17.826,8.716,11.359,6.511,0.295,0.025,,,8.538,0.013,6.972,0.123,0.284,0.105,17.327,8.955,15.294,0.141,0.505,2.615,1.577,8.412,5.887,21.2,0.238,16.045,35.94,5.3,0.198,0.503,1.126,28.08,10.587,2.07,0.329,1.488,4.315,,5.802,3.041,,2.707,,8.285,7.74,41.316,25.592,60.489,9.197,3.452,9.031,0.039,4.23,,10.389,1.67,0.612,0.053,0.158,3.086,5.46,9.891,,7.245,,2.054,52.97,5.103,0.007,0.012,4.979,4.482,8.443,0.023,3.008,6.45,14.188,0.007,2.01,,10.882,12.849,0.125,,,17.399,-0.077,20.266,,0.156,17.772,15.305,6.918,3.357,16.019,1.199,0.75,18.994,16.336,0.124,4.322,10.911,0.125,0.582,,2.043,0.544,0.865,1.902,,10.408,0.101,1.636,,10.996,0.048,11.151,0.022,7.595,10.562,0.115,35.748,10.461,10.99,59.541,,,15.655,1.91,,6.384,9.622,7.493,12.089,17.501,7.063,0.925,,,,24.188,0.811,2.978,0.445,256.8,11.58,4.804,,0.229,,7.801,0.049,3.443,2.434,41.622,28.595,,,21.987,5.429
1988,3.326,2.76,1.66,7.88,0.271,-0.032,0.117,,2.224,,18.933,9.904,11.017,5.123,-0.08,0.054,,,7.965,0.002,9.429,0.083,0.103,0.153,14.593,6.07,16.547,0.216,0.614,4.566,2.261,6.879,4.541,18.344,0.213,14.469,31.091,4.259,0.227,2.273,1.044,22.696,10.518,2.168,0.304,1.267,4.305,,8.684,4.775,,2.973,,11.36,7.622,30.596,24.711,50.968,8.709,2.754,7.132,0.038,5.185,,5.256,1.946,0.664,0.066,0.011,2.478,5.291,7.968,,10.359,,1.563,38.756,8.337,0.005,0.021,11.711,4.006,6.454,0.023,4.457,8.195,13.444,0.015,1.95,,9.833,16.044,0.102,,,20.316,-0.134,26.089,,0.121,28.005,13.621,9.93,2.705,18.705,0.306,0.985,12.595,16.618,0.186,39.603,10.524,0.327,0.063,,3.095,0.391,2.003,1.855,,10.36,0.056,1.64,,12.162,0.029,10.282,0.019,6.729,9.673,0.088,31.042,10.172,9.762,41.195,,,26.554,1.832,,4.99,7.232,1.937,8.767,17.746,10.822,0.87,,,,15.14,0.149,3.28,0.319,99.786,13.948,6.069,,0.432,,8.968,0.046,2.826,2.888,26.78,17.553,,,14.309,4.309
1989,3.557,4.471,1.51,10.419,0.459,-0.014,0.287,,1.059,,18.818,18.297,10.187,5.04,-0.05,0.134,,,7.944,0.006,10.866,0.052,0.05,0.153,14.718,5.607,15.626,0.246,0.594,4.713,4.192,5.46,4.466,18.615,0.202,12.848,30.62,4.647,0.214,0.202,0.899,17.652,13.182,2.063,0.295,1.118,4.189,,6.229,3.485,,3.342,,13.937,10.757,36.951,21.844,69.407,5.678,2.898,15.465,0.06,4.725,,6.864,1.967,0.604,0.076,0.017,2.378,6.385,8.405,,13.182,,2.343,40.31,7.344,0.021,0.014,14.989,3.457,5.815,0.039,4.076,7.807,16.504,0.012,1.965,,11.629,15.744,0.054,,,20.494,-0.233,7.447,,0.185,22.948,18.046,11.286,2.753,18.034,0.375,2.42,12.888,13.566,0.663,31.045,11.755,0.078,0.271,,3.038,0.354,1.477,1.644,,9.554,0.047,2.089,,10.564,0.075,9.421,0.013,3.65,11.537,0.314,27.661,11.148,8.962,36.995,,,48.37,9.387,,3.666,6.33,1.41,8.959,17.596,10.641,0.958,,,,20.55,0.13,2.909,0.138,40.706,14.533,9.914,,0.382,,7.356,0.157,7.037,1.967,24.365,17.113,11.425,,10.221,3.774
1990,3.96,3.39,2.221,5.536,0.545,0.007,0.127,,1.065,,23.505,13.893,10.554,5.55,3.089,0.105,0.0,,5.636,2.1,10.501,0.047,0.116,0.11,15.409,3.941,17.552,0.348,0.561,7.454,3.77,6.501,9.344,14.795,0.222,10.462,34.071,4.076,0.185,0.394,0.692,44.711,9.97,1.345,0.555,1.031,14.484,1.355,8.131,3.816,,2.459,,9.689,7.798,33.308,20.645,50.192,5.188,2.494,57.014,0.051,8.845,,5.059,1.578,0.44,0.085,0.036,2.296,6.525,24.123,,14.394,,3.78,42.844,3.812,0.018,0.049,12.099,8.254,21.542,0.029,2.363,7.724,14.538,0.007,4.233,,10.529,8.067,0.071,,,17.973,0.194,7.371,,0.518,25.183,16.311,11.284,3.312,18.281,1.107,4.209,11.958,10.961,0.453,30.318,9.813,0.239,0.599,,2.327,1.614,1.601,2.297,,11.957,0.046,1.085,,7.821,0.039,11.344,0.012,2.742,11.283,-0.005,19.814,10.228,7.004,53.019,,,49.651,15.77,,4.568,9.383,7.916,10.545,18.046,11.391,0.944,,,0.039,23.205,0.365,3.304,0.88,26.632,19.392,15.687,,0.512,,6.712,0.168,5.206,2.979,28.018,21.124,3.581,,15.801,4.753
1991,2.89,15.235,1.712,8.736,30.793,-0.014,0.151,0.132,1.532,0.006,22.18,13.582,13.425,5.099,1.97,0.094,0.0,,3.715,-0.292,9.376,0.059,0.117,0.098,25.279,3.272,12.744,0.348,0.499,6.905,4.65,3.652,5.848,14.949,0.276,14.929,31.776,2.625,0.155,-0.037,0.693,22.186,8.316,0.819,0.489,1.246,14.373,,7.955,3.334,0.243,2.943,0.003,13.557,8.925,14.857,17.739,51.388,5.595,2.055,59.696,0.042,6.861,,4.937,1.614,1.028,0.184,137.433,2.532,4.473,23.589,0.408,11.783,,5.596,27.314,3.509,0.016,0.072,10.611,2.614,32.977,0.024,4.196,8.271,11.418,0.003,4.897,,14.709,12.685,0.095,0.272,,16.526,0.747,8.511,,2.93,28.425,10.492,14.794,2.321,17.137,0.617,5.804,11.706,11.168,0.469,60.716,9.508,0.603,0.117,,2.571,1.682,1.987,1.841,,9.399,0.055,2.176,,9.134,0.041,18.893,0.01,2.284,8.888,0.017,16.822,14.343,5.327,26.784,,,53.135,9.7,,4.316,5.861,4.563,13.889,13.99,8.92,0.738,,,0.315,12.652,-0.038,2.832,1.085,25.05,15.302,20.321,,0.382,,6.556,0.059,4.27,2.498,26.062,25.274,2.09,,29.334,5.816
1992,3.159,5.897,4.389,6.182,66.392,-0.018,0.119,2.11,0.943,1.67,28.932,16.455,12.956,4.614,1.675,0.094,0.401,,3.853,-0.254,12.062,-0.073,0.066,0.128,24.962,2.612,12.726,0.31,0.7,7.706,6.277,3.336,4.501,15.11,0.425,10.384,32.536,1.902,0.114,0.0,0.381,22.528,5.595,0.714,0.818,1.29,8.885,0.21,10.874,4.233,6.73,1.409,0.549,9.734,9.623,15.638,19.127,41.213,4.239,1.926,25.658,-0.039,6.831,0.0,4.477,1.575,0.855,0.096,25.201,2.679,3.791,8.569,0.046,11.266,0.91,10.006,28.011,3.494,-0.001,0.026,12.676,1.81,38.958,0.01,4.431,5.274,11.812,0.003,2.908,,10.133,12.43,0.096,4.886,,15.221,0.146,4.753,,7.808,54.834,9.515,10.985,1.393,22.071,0.361,4.108,12.243,10.458,0.56,47.192,11.38,0.672,0.329,,1.779,2.579,1.25,2.682,0.008,10.888,0.077,1.127,,7.086,0.037,17.282,0.035,8.663,8.673,0.038,17.12,21.993,6.357,95.009,,,66.388,19.76,,4.094,4.303,1.635,10.571,12.557,9.409,0.676,0.62,0.206,0.034,15.871,0.118,2.627,0.228,38.381,20.54,26.171,,0.519,0.012,6.715,0.059,3.022,5.941,21.676,26.719,1.447,,35.953,15.976
1993,2.334,8.404,8.769,5.663,22.205,-0.018,0.105,9.122,0.552,1.516,23.353,12.875,14.743,3.421,2.226,0.039,2.34,,4.256,-0.21,9.886,0.055,0.246,0.123,30.564,2.916,13.63,0.376,0.722,7.89,3.508,1.756,5.752,11.956,0.165,10.686,23.413,1.249,0.199,-0.051,0.516,27.491,3.728,0.033,0.677,1.027,5.31,14.468,12.074,3.783,28.5,2.692,3.945,10.71,8.733,11.535,16.104,35.342,2.615,1.94,24.234,0.025,6.138,,6.457,1.234,0.532,0.22,16.347,1.635,2.002,5.869,0.066,16.981,4.696,11.862,17.918,4.274,-0.009,0.007,11.685,1.73,55.605,0.009,4.167,5.266,12.248,0.003,2.548,,9.234,9.581,0.086,24.128,0.126,13.119,1.098,3.277,,14.422,42.783,18.99,15.297,0.808,16.506,0.148,4.659,13.988,11.005,0.566,21.963,8.162,0.808,1.071,,1.642,0.95,1.715,2.208,0.009,6.23,0.12,1.535,4.752,7.538,0.051,18.094,0.021,5.582,6.871,0.04,17.99,28.479,5.193,72.886,,,41.509,18.534,0.054,3.858,4.004,2.074,6.606,15.704,5.472,0.459,1.576,0.971,0.096,20.3,0.033,1.777,0.252,21.316,15.691,19.23,,0.772,0.061,4.924,0.072,1.368,1.97,19.5,27.897,1.471,0.187,28.715,10.055
1994,1.489,10.716,23.033,7.12,8.607,-0.013,0.063,14.59,0.696,12.482,34.038,16.403,23.025,3.976,1.799,0.032,37.449,,4.324,-0.526,9.296,0.051,0.138,0.129,30.301,2.111,20.188,0.285,0.556,21.139,8.631,4.771,24.017,10.569,0.115,12.094,29.475,0.852,0.169,-0.104,0.597,25.309,7.743,0.42,0.724,0.882,5.166,28.976,15.149,2.248,46.036,4.902,7.182,10.267,7.371,9.463,29.754,32.315,7.472,1.525,14.869,0.02,5.788,0.736,28.407,0.874,0.719,0.182,6.352,1.408,2.375,6.313,0.248,9.989,10.385,10.831,14.701,2.202,-0.025,0.016,12.402,2.297,34.835,0.014,4.899,4.4,9.579,0.005,1.976,,8.558,8.755,0.083,33.818,2.968,21.377,1.391,4.0,,17.257,42.461,14.382,18.58,0.414,27.392,0.093,3.717,13.44,19.155,0.413,15.9,9.418,23.167,1.244,,2.342,0.421,0.805,1.345,169.655,5.86,0.061,1.282,14.722,8.019,0.042,94.9,0.012,3.433,12.99,0.023,11.722,34.302,3.603,37.395,0.242,,42.314,10.003,0.209,4.118,2.543,7.75,8.399,18.113,9.281,0.401,5.076,1.002,0.048,14.307,0.444,0.717,0.156,30.636,15.063,19.139,,0.437,0.22,4.523,0.049,3.475,5.641,20.689,22.577,0.625,0.194,20.91,11.264
1995,1.977,6.57,8.728,3.5,7.414,0.008,0.058,14.437,0.385,4.954,29.044,13.203,20.703,2.642,1.725,0.113,59.434,,2.372,-0.081,10.429,0.035,0.024,0.091,27.455,1.908,15.336,0.227,0.479,12.109,4.304,3.992,10.331,9.681,0.2,10.426,23.862,0.403,0.214,-0.054,0.227,20.496,9.579,0.679,0.747,0.798,3.353,25.305,11.251,2.216,31.567,3.348,8.122,10.265,7.84,5.892,18.404,28.305,3.289,1.417,12.703,0.012,7.371,0.234,23.212,0.638,0.486,0.195,2.582,0.327,1.845,8.381,0.291,8.401,15.084,14.958,13.971,1.287,0.01,0.013,14.02,1.567,66.541,0.022,7.05,3.666,8.413,-0.058,1.324,,8.156,13.85,0.112,21.824,1.688,20.324,0.244,3.037,,10.749,36.01,11.414,14.134,0.584,21.393,0.126,4.644,12.437,11.736,0.446,15.127,8.637,5.271,0.56,,0.851,0.511,0.757,0.986,104.647,8.2,0.258,1.486,13.809,8.561,0.045,53.48,0.012,1.838,10.571,0.019,10.33,25.95,3.163,12.655,0.564,,91.402,11.136,0.245,3.244,2.532,3.292,2.668,16.31,10.542,0.504,5.501,1.228,0.004,15.042,0.478,0.439,0.189,32.348,11.611,14.636,,0.363,0.629,15.62,0.059,0.354,3.755,20.939,19.602,1.404,0.229,56.961,9.808
1996,1.434,5.432,9.074,2.462,6.929,,0.046,17.8,0.593,3.043,12.926,12.453,16.168,2.025,2.177,,33.222,,2.558,-0.148,10.573,0.031,0.25,,21.306,1.623,17.136,0.258,0.312,8.596,3.913,3.078,29.642,6.282,0.205,9.899,23.386,-0.002,0.233,-0.177,0.237,19.035,15.799,0.472,0.691,0.985,3.223,22.958,9.366,2.227,49.21,2.566,10.23,9.593,5.369,4.334,26.428,16.481,3.366,1.184,13.599,0.008,4.817,0.552,11.339,0.478,0.489,0.137,3.353,1.987,0.871,7.682,0.569,5.045,11.422,11.239,11.935,2.148,-0.024,,13.309,1.67,78.845,0.013,5.419,2.537,8.146,0.005,1.542,,7.437,6.176,0.073,51.807,2.296,17.948,1.873,0.807,,12.41,22.517,12.628,27.208,0.458,14.836,-0.475,4.628,10.983,10.255,0.376,22.173,7.316,7.222,0.561,,1.12,0.603,0.619,0.879,40.922,8.079,0.243,0.773,14.408,7.694,,34.014,0.009,2.518,8.847,,8.482,20.079,2.896,5.056,0.318,,38.852,12.701,0.381,1.905,3.704,1.682,1.786,18.521,7.606,0.466,10.666,0.987,0.013,12.916,0.288,0.684,0.138,43.083,9.263,11.25,,0.181,0.632,8.174,0.052,0.263,3.724,13.365,14.3,4.257,0.226,17.932,5.721
1997,1.661,7.656,5.251,2.142,7.286,,0.035,9.573,0.61,4.656,5.875,9.882,15.097,1.74,2.458,,25.03,,1.624,,8.129,0.026,0.24,,18.485,2.495,9.93,0.157,0.217,4.063,4.891,2.777,16.175,7.178,0.183,8.275,22.794,0.03,0.263,,,16.63,5.091,0.336,0.539,0.583,2.545,18.084,6.649,2.168,40.402,0.842,6.653,7.312,7.055,4.987,18.206,6.173,2.368,1.46,34.842,,4.989,0.167,8.382,0.381,0.399,0.177,1.083,,0.941,6.758,0.568,3.466,11.02,9.539,12.584,2.037,-0.028,,14.266,1.626,20.347,0.013,3.507,1.701,6.921,0.005,1.235,3.276,20.268,4.882,0.022,39.205,2.547,16.238,0.585,1.293,,15.702,19.804,11.444,101.786,0.995,8.878,-0.254,3.962,10.295,14.216,0.38,8.586,6.402,5.822,0.656,,1.132,0.534,0.711,0.639,23.839,7.342,0.858,0.897,14.323,7.872,,12.519,0.001,1.226,7.112,,8.068,14.167,2.644,3.804,0.379,,40.756,8.376,0.466,1.533,2.929,1.538,1.634,14.919,5.993,0.429,9.57,0.821,0.067,11.668,0.625,0.984,0.004,37.519,8.552,13.009,,0.157,0.96,1.773,0.009,0.345,3.226,11.186,10.853,5.709,0.299,15.047,5.686
1998,0.678,5.645,6.054,2.226,10.25,,0.025,9.947,1.298,2.698,7.768,8.404,14.28,1.905,3.317,,18.574,,1.625,,6.591,0.031,0.625,,17.081,2.164,12.71,0.134,0.243,8.047,4.609,2.18,4.394,6.656,0.185,10.979,25.149,0.222,0.317,,,15.425,6.302,0.517,0.909,0.675,2.304,22.508,8.308,2.308,33.473,1.125,5.485,9.603,7.033,4.841,16.64,7.641,1.481,1.199,11.404,,4.605,0.152,9.403,1.405,0.385,0.149,0.579,,0.272,5.324,0.964,2.974,12.521,10.057,14.045,1.868,-0.013,,17.078,1.959,15.787,0.02,0.787,2.068,5.188,0.008,1.162,2.302,11.324,4.85,0.006,29.913,2.826,12.084,0.551,1.121,,15.27,19.18,8.059,172.763,0.962,17.311,0.296,4.62,10.715,10.665,0.373,11.337,6.328,5.889,4.118,,1.379,0.29,0.903,0.698,53.365,10.181,1.026,0.713,12.797,7.748,,17.773,0.011,1.941,7.784,,6.362,16.724,1.74,2.818,0.556,,43.844,5.356,0.18,2.139,3.889,1.137,2.076,10.002,5.792,0.641,12.478,1.043,0.254,10.095,0.255,0.72,0.01,20.76,8.299,10.008,,0.109,1.062,5.738,0.045,0.185,3.951,11.616,13.411,6.609,0.344,10.502,6.663
1999,-0.439,5.254,8.106,1.667,14.852,,0.03,11.013,1.335,3.586,9.423,5.796,11.752,1.903,0.974,,23.758,,4.953,,6.426,0.025,-0.021,,20.006,1.166,11.984,0.097,0.223,3.813,3.908,3.165,8.538,5.248,0.375,5.768,23.454,0.025,0.213,,,13.714,3.245,0.877,0.298,0.835,1.776,21.564,8.205,1.88,45.522,1.168,8.376,8.076,4.787,4.37,9.31,3.892,2.28,1.551,8.885,,12.112,0.208,5.141,1.649,0.327,0.142,0.212,,-0.201,5.443,1.031,2.446,17.325,7.345,17.48,1.259,-0.011,,17.515,1.105,20.161,0.015,3.094,1.184,2.65,0.005,1.499,8.901,8.684,5.452,0.007,40.188,7.305,10.436,0.601,0.955,,16.688,13.288,11.047,131.968,0.953,17.459,0.198,4.698,10.292,7.093,0.276,12.83,5.791,19.848,0.356,,1.003,0.213,0.931,0.682,17.802,6.654,1.957,0.914,11.553,7.405,,17.388,0.013,2.409,8.246,,8.508,11.431,1.799,3.897,3.646,,39.314,3.983,0.137,1.782,2.087,1.611,2.292,12.259,3.269,0.827,10.656,1.037,33.661,9.379,0.42,1.149,0.005,14.741,7.908,10.153,,0.107,0.924,4.444,0.045,0.359,4.402,11.826,10.495,6.636,0.366,19.235,5.353
2000,,3.987,4.057,2.496,8.866,,0.027,10.953,1.154,2.716,10.543,6.977,6.064,1.772,0.684,,12.103,,1.492,,5.214,0.04,0.061,,10.239,0.563,8.396,0.067,0.146,3.603,3.782,0.954,1.41,4.068,0.207,5.5,18.029,0.178,0.151,,,12.741,5.198,0.264,0.384,0.961,1.367,25.179,8.406,1.717,40.788,0.276,5.556,12.42,3.573,6.593,21.391,3.146,3.472,1.366,9.512,,5.742,0.302,2.67,1.068,0.299,0.118,0.212,,0.163,6.473,1.078,4.087,15.012,9.778,14.471,1.017,,,14.073,1.144,8.722,,1.249,1.389,3.286,,1.059,9.072,7.16,3.055,-0.006,31.64,6.774,9.827,0.542,1.187,,16.393,15.814,12.472,93.758,0.441,17.784,0.056,3.866,,8.956,0.271,10.227,5.645,12.5,0.427,,0.564,0.229,0.816,0.604,28.151,8.325,0.694,1.036,14.204,,,15.651,0.012,1.935,7.297,,16.438,29.325,1.669,3.067,16.496,,49.92,3.871,0.3,0.741,3.788,0.928,1.9,9.579,3.351,0.566,13.565,1.303,44.907,7.932,-0.021,1.085,0.122,17.522,8.028,14.064,,0.095,1.368,1.539,0.068,,4.834,13.704,11.823,3.514,0.33,23.067,4.025
2001,,14.531,3.834,2.408,6.634,,0.06,9.692,1.038,4.151,16.116,7.679,12.301,1.651,0.818,,10.191,,2.043,,8.524,0.047,0.011,,11.01,0.541,8.239,0.081,0.113,1.876,4.466,3.492,3.753,4.255,0.418,7.3,14.014,0.094,0.175,,,10.154,6.252,0.479,0.344,0.786,1.33,37.96,13.491,1.597,55.042,0.197,9.081,12.384,7.163,8.039,15.136,2.252,2.358,1.24,9.67,,7.605,0.497,2.689,0.944,0.359,0.09,0.342,,0.673,4.928,0.71,3.679,8.828,9.55,9.977,2.389,,,12.037,1.132,5.131,,1.931,1.719,4.652,,1.146,7.49,7.016,2.636,0.013,42.854,6.726,10.652,0.041,1.942,,14.479,17.726,16.496,94.314,0.454,16.657,0.034,3.088,,10.109,0.244,16.146,5.768,26.889,0.045,,1.879,0.292,0.901,0.64,23.009,7.272,1.071,0.91,23.076,,,15.672,0.007,1.271,6.588,,14.435,31.48,2.105,6.774,10.058,,52.303,3.263,0.602,1.772,2.079,0.828,1.697,11.173,2.233,0.243,15.79,2.184,30.675,11.34,-0.075,1.734,0.068,32.077,9.622,14.646,,0.079,1.336,1.821,0.037,,3.895,11.439,16.391,4.058,0.326,14.529,3.445
2002,,31.471,3.033,0.483,6.896,,0.107,12.006,1.593,5.806,21.171,5.318,12.271,1.419,0.679,,7.763,,1.985,,7.795,0.048,0.159,,10.893,0.787,6.08,-0.01,0.104,9.831,5.159,13.952,2.616,3.223,0.481,6.489,15.264,0.084,0.188,,,12.228,9.705,0.62,0.314,0.905,1.535,31.352,16.99,1.849,44.829,1.476,9.313,11.419,5.954,11.83,13.075,2.454,2.073,1.258,7.043,,5.054,0.497,2.454,0.683,0.34,0.089,0.35,,0.313,5.831,0.8,2.98,10.24,9.943,17.054,6.343,,,13.835,1.116,7.206,,3.853,1.534,6.857,,0.785,7.822,7.116,2.464,0.017,33.778,6.893,11.467,0.245,1.757,,13.187,41.462,19.829,117.649,0.485,7.53,0.095,3.977,,10.12,0.332,8.291,5.535,46.88,0.401,,2.041,0.234,0.929,0.599,20.975,7.34,2.429,1.0,25.738,,,18.469,0.009,1.757,6.45,,7.723,31.334,2.021,7.11,12.225,,31.818,1.174,0.227,1.545,8.595,0.332,1.022,11.835,2.14,0.23,13.11,1.016,28.86,9.685,-0.111,0.981,0.116,33.457,8.972,12.125,,0.118,1.922,0.972,0.064,,3.085,10.874,14.519,2.192,0.401,20.053,4.325
2003,,33.571,3.068,2.394,6.062,,0.096,8.635,0.629,4.299,29.674,5.686,11.542,2.08,1.245,,6.086,,1.044,,9.801,0.042,0.691,,11.42,0.413,4.518,0.111,0.083,1.944,5.734,62.186,2.681,3.387,0.893,4.507,18.189,0.243,0.217,,,12.326,3.471,0.429,0.337,0.688,1.269,36.814,18.943,2.227,45.086,-0.188,5.715,13.19,5.243,13.64,26.674,2.265,1.993,1.22,8.469,,4.034,0.353,3.692,0.77,0.12,0.085,10.424,,0.119,12.795,0.991,3.548,9.386,9.89,11.429,0.022,,,13.281,3.19,17.946,,1.66,2.811,4.781,,1.019,5.383,8.703,1.672,0.015,31.593,5.446,12.214,,1.195,0.45,13.483,16.353,12.368,91.475,-0.248,11.227,0.106,2.876,,13.531,0.311,14.39,7.164,53.8,0.305,,0.947,0.284,0.895,0.761,17.691,7.119,1.189,1.001,24.729,,,15.938,0.006,3.028,5.283,,14.961,24.81,1.649,6.333,5.864,,37.851,0.909,,1.586,1.326,0.594,0.491,11.033,1.689,-0.643,8.977,0.489,26.44,10.965,-0.03,1.143,0.054,21.299,11.474,15.513,,0.149,1.918,1.293,0.101,,3.941,11.004,10.766,2.27,0.334,16.189,4.336
2004,,42.867,5.434,1.332,4.092,,0.067,6.876,0.196,2.153,40.408,6.367,11.975,2.092,0.463,,6.181,,0.524,,8.424,0.027,0.91,,10.032,0.583,8.742,0.059,0.088,1.087,4.238,19.213,3.657,3.871,0.474,4.095,15.853,0.145,0.265,,,9.337,8.803,0.508,0.359,0.552,1.913,24.088,18.179,2.42,34.561,0.609,6.044,16.342,5.461,6.519,13.586,1.968,2.922,1.008,13.405,,6.413,0.291,4.61,0.04,0.111,0.099,12.677,,0.904,5.174,0.674,4.111,9.801,7.943,9.64,-0.017,,,10.18,1.311,29.192,,-2.171,1.996,4.598,,1.191,4.059,25.08,2.232,0.017,29.538,4.675,11.102,,1.169,0.923,11.08,16.022,8.022,108.439,0.493,10.122,0.253,2.621,,13.745,0.441,19.727,5.926,37.172,0.412,,1.021,0.221,0.756,0.448,12.438,7.366,1.443,0.414,24.029,,,20.962,0.008,3.895,10.678,,25.864,26.57,1.789,5.309,4.473,,30.345,1.745,,0.79,1.178,0.459,0.593,8.91,2.063,0.031,11.338,0.803,23.677,8.716,-0.012,1.116,0.072,21.096,10.768,15.822,,0.187,2.029,2.035,0.043,,3.719,11.157,8.017,2.129,0.251,19.382,4.707
2005,,44.826,1.259,1.721,3.836,,0.053,3.381,0.74,1.793,33.265,5.329,11.48,1.725,,,4.618,0.192,0.866,,5.918,0.025,-0.017,,9.277,0.531,6.699,0.152,0.079,0.555,2.19,16.425,28.262,3.57,0.453,3.549,17.345,0.169,0.215,,,10.175,6.302,0.28,0.339,0.67,1.171,32.116,15.601,2.185,40.472,0.583,4.532,10.861,4.819,6.045,10.58,0.914,7.886,1.025,12.607,,6.982,0.281,5.241,0.915,0.23,0.045,43.62,,0.414,5.492,0.437,4.039,10.028,7.541,16.545,0.509,,,9.037,1.083,28.007,0.051,1.005,4.313,3.135,,1.068,5.003,15.969,6.395,0.022,31.445,3.698,11.995,,1.209,0.169,7.896,15.159,6.291,60.435,0.524,10.862,0.021,1.59,,11.23,3.783,10.636,4.995,25.666,0.063,,1.034,0.187,0.652,0.499,13.004,5.927,0.673,0.679,18.552,,,19.701,0.008,5.397,6.423,,35.521,21.091,1.538,5.215,3.95,,24.401,2.446,,1.392,1.74,0.27,0.821,6.871,2.592,-0.091,8.507,0.385,21.849,12.603,-0.016,1.203,0.08,23.737,8.257,13.33,0.475,0.109,1.184,1.429,0.034,,2.993,10.922,9.781,1.958,0.24,15.182,9.356
2006,,40.786,0.354,1.519,3.538,,0.051,3.221,0.265,1.104,34.152,5.715,13.793,1.355,,,4.05,0.203,0.53,,7.305,0.01,-0.022,,9.842,0.711,9.213,0.072,0.046,1.445,8.308,15.715,3.777,15.818,0.638,4.592,13.087,0.144,0.17,,,14.569,5.243,0.208,0.203,0.487,0.842,10.498,13.348,1.888,40.548,0.348,4.518,6.086,4.143,7.308,14.089,0.33,4.001,1.723,5.604,,4.99,0.407,6.953,0.352,0.148,0.044,13.46,,0.36,3.698,0.249,3.656,9.711,6.848,15.952,0.855,,,9.413,3.694,26.981,0.062,1.536,2.456,3.174,,1.459,5.901,12.553,2.221,0.024,30.567,2.939,13.075,,1.005,3.455,5.411,18.501,5.626,64.74,0.267,12.506,0.153,1.883,,10.727,4.923,9.527,4.966,50.056,0.148,,1.294,0.23,0.564,0.427,20.209,3.634,0.402,0.57,23.57,,,18.395,0.006,4.736,7.473,,33.118,23.683,1.145,8.002,5.01,,15.797,2.451,,1.052,1.255,0.063,-0.053,4.676,2.432,-0.1,5.975,0.426,16.075,7.595,0.071,1.332,0.103,36.496,10.137,16.335,0.457,0.127,0.868,0.776,0.031,,2.602,11.834,10.376,1.614,0.242,12.688,8.114
2007,,50.442,0.451,1.476,2.812,,0.032,3.626,0.353,0.756,37.374,5.853,12.399,1.545,,,3.687,0.19,1.382,,3.474,0.024,0.417,,7.719,1.03,10.658,0.068,0.041,0.875,8.281,8.373,1.578,4.308,0.371,5.652,10.263,0.246,0.181,,,12.921,4.838,0.346,0.281,0.48,0.865,12.092,13.216,1.54,41.838,0.501,3.741,4.711,4.142,7.751,16.901,0.3,3.634,1.421,2.871,,3.407,0.281,6.745,0.178,0.11,0.03,10.191,,0.261,3.571,0.284,4.179,6.784,7.652,13.963,0.523,,,8.442,3.828,92.127,0.028,1.533,1.583,5.582,,1.407,5.618,10.627,2.128,0.01,27.914,2.54,12.995,,0.971,2.838,5.127,17.466,8.141,72.66,0.818,11.923,0.107,2.578,,9.485,0.765,10.097,5.34,91.45,0.518,,1.11,-0.637,0.341,0.374,11.793,3.724,0.694,0.716,26.965,,,19.241,-0.031,3.708,6.216,,35.827,24.317,0.65,7.351,2.014,,33.165,5.123,,1.444,0.604,0.221,1.819,4.939,3.284,-0.121,4.153,0.234,14.218,10.568,0.099,0.885,0.118,21.387,13.072,14.889,0.296,0.159,0.721,9.516,0.031,,3.119,11.711,7.281,1.197,0.246,8.172,16.147
2008,,47.603,0.493,0.968,2.818,,0.035,2.396,0.409,0.514,32.365,6.513,10.625,1.789,,,2.346,0.185,1.491,,3.651,0.028,0.204,,6.154,7.092,13.217,0.062,0.028,2.496,2.021,9.572,4.764,2.123,0.418,4.6,11.599,0.255,0.227,,,13.645,4.86,0.382,0.181,0.416,1.028,10.63,12.243,1.312,33.752,0.478,6.424,4.594,5.11,6.161,14.465,0.219,4.061,1.425,4.0,,3.43,0.364,7.899,0.233,0.169,0.024,7.316,,0.683,3.182,0.296,3.802,6.412,6.171,12.726,6.294,,,8.811,3.615,79.847,0.085,1.222,1.596,6.047,,1.43,4.484,7.974,2.66,0.013,28.153,2.072,10.16,,1.678,2.265,4.232,16.233,8.775,65.547,1.059,11.977,0.07,2.459,,7.999,0.399,8.0,4.852,74.381,0.128,,0.535,0.15,0.423,0.034,22.026,2.779,1.547,0.592,30.946,,,18.19,,4.151,6.342,,31.133,14.044,1.383,13.114,1.923,,25.155,2.815,,2.129,0.831,0.32,,5.064,7.234,-0.219,3.522,0.099,8.314,7.325,0.035,0.894,0.146,30.877,8.429,11.591,0.346,0.109,0.574,3.701,0.019,,2.413,15.817,6.741,1.717,0.363,6.751,39.279
2009,,49.387,0.376,0.507,3.013,,0.036,4.503,0.323,0.53,32.639,6.982,11.612,0.979,,,2.282,0.197,1.649,,3.67,0.023,0.275,,7.914,2.815,11.694,0.047,0.022,10.253,2.314,13.225,3.169,2.878,0.47,5.618,10.877,0.379,0.201,,,15.484,7.568,0.3,0.203,0.38,0.519,7.747,11.803,2.323,40.71,0.726,7.405,6.106,3.324,8.802,16.997,0.32,6.473,1.046,3.532,,2.926,0.283,8.534,0.173,0.184,0.022,2.432,,1.33,2.972,0.287,4.821,6.197,6.411,13.097,0.433,,,6.579,1.649,31.47,0.065,2.876,1.459,5.332,,1.047,4.277,4.588,1.392,0.02,32.024,2.081,10.084,,0.965,1.836,6.991,16.805,7.889,78.714,1.694,8.641,0.071,3.824,,6.068,0.585,8.218,5.45,45.058,0.318,15.33,1.385,0.259,0.391,0.173,18.574,3.766,0.542,0.763,32.811,,,16.571,,4.697,6.372,,27.437,16.784,1.715,22.69,1.4,,15.232,3.982,,1.591,2.909,0.4,,6.271,10.515,-0.011,5.01,0.214,8.415,11.445,0.037,1.194,0.211,33.182,10.733,7.225,0.57,0.16,0.495,4.106,0.018,,3.281,17.717,11.326,2.335,0.332,8.523,8.359
2010,,38.225,0.305,3.063,2.711,,0.03,3.056,1.548,0.244,25.727,6.339,8.624,0.979,,,2.362,0.241,1.528,,2.738,0.02,0.352,,5.513,1.261,11.294,0.088,0.016,2.737,1.67,15.392,10.582,5.635,0.24,5.236,17.396,0.266,0.22,,,10.817,6.393,0.371,0.113,0.246,0.259,9.917,9.284,2.481,20.705,0.833,4.322,4.324,3.243,7.038,12.593,0.904,4.175,1.01,2.976,,2.35,0.265,23.375,0.165,0.154,0.023,1.511,,1.119,3.275,0.154,3.738,7.289,5.948,9.319,1.641,,,5.24,1.102,75.382,0.01,2.223,0.791,7.6,,0.975,5.444,3.92,2.939,0.04,12.492,2.092,9.11,,0.716,1.822,3.87,16.052,5.653,49.519,1.259,8.82,-0.003,2.362,,8.02,0.308,5.395,3.946,48.737,0.012,9.699,1.374,0.468,-0.224,0.25,15.285,3.852,0.528,0.437,23.526,,,14.53,,3.666,5.01,,39.021,15.277,1.681,18.905,1.552,,24.805,2.356,,2.137,3.83,0.303,,4.794,8.354,-0.006,4.649,0.21,8.582,15.583,0.021,1.231,0.135,25.941,7.175,5.192,0.479,0.109,0.28,2.304,0.013,,1.338,16.872,15.342,1.578,0.251,4.682,6.455
2011,,37.936,0.189,0.103,2.943,,0.019,3.58,1.273,0.468,25.8,6.299,8.47,1.036,,,3.33,0.196,1.219,,2.376,0.033,,,6.501,0.789,10.979,0.07,-0.008,5.886,2.018,22.517,1.854,9.053,0.316,5.416,12.734,0.086,0.128,,,11.33,4.987,0.435,0.089,0.233,0.184,6.536,10.965,2.058,40.698,0.442,3.622,4.733,3.038,9.849,10.592,0.178,1.61,0.776,2.869,,2.142,,11.546,0.041,0.181,0.017,1.032,,0.295,3.329,0.122,5.907,7.905,5.627,24.357,1.955,,,4.56,1.198,33.535,1.329,2.278,0.913,8.312,,1.329,5.134,3.944,2.009,0.08,40.635,1.866,10.114,,0.634,2.764,3.533,14.379,5.776,77.733,1.643,6.922,0.014,2.316,,6.912,0.462,5.645,3.457,46.333,,8.977,1.632,0.339,0.371,-0.052,12.508,3.788,0.754,0.247,20.398,,,18.5,,3.401,6.015,,33.119,13.948,1.512,38.133,2.912,5.097,32.513,1.835,,2.741,2.307,0.533,,3.86,9.59,-0.037,3.392,0.155,6.019,20.74,,2.013,0.395,64.224,7.179,5.732,0.483,0.037,0.235,2.533,0.016,,1.986,12.368,12.402,1.571,0.312,4.634,5.774
2012,,33.399,0.207,1.813,2.855,,0.033,2.45,0.168,0.436,22.526,4.586,9.412,1.49,,,3.272,0.16,1.473,,2.6,0.054,,,8.99,0.516,9.045,0.051,-0.002,11.217,2.01,10.271,0.837,7.02,0.214,10.021,13.357,0.062,0.119,,,10.47,5.394,0.446,0.065,0.171,0.665,6.1,7.505,2.755,41.766,0.445,3.942,4.593,8.424,10.027,7.901,0.097,1.0,0.628,2.812,,3.283,,9.252,0.008,0.093,0.023,0.594,,0.192,3.704,0.073,5.288,7.31,6.039,21.459,2.711,,,4.285,1.624,22.399,0.096,1.717,0.709,9.549,,1.402,4.995,3.288,2.17,0.033,40.118,1.549,8.309,,0.877,2.48,3.937,12.47,6.269,66.121,1.462,13.555,0.006,2.016,,9.143,0.434,5.262,3.522,29.195,,8.91,0.817,0.136,0.214,-0.001,7.432,3.319,0.613,0.329,15.354,,,11.633,,3.845,6.197,,27.048,12.787,1.072,24.681,2.597,10.328,22.237,0.843,,1.961,3.2,4.028,,3.937,4.522,-0.035,4.046,0.118,6.569,16.119,,2.251,0.356,49.97,7.222,6.145,0.427,0.034,0.375,1.145,0.014,,2.172,14.46,15.722,2.104,0.252,3.818,6.57
2013,,25.496,0.233,2.745,2.077,,0.006,2.375,0.127,-0.101,22.782,5.303,7.989,1.625,,,2.829,0.147,2.694,,2.443,0.047,,,7.642,0.788,11.882,0.03,-0.007,4.264,2.271,8.651,0.86,5.494,0.232,7.278,12.483,0.067,0.13,,,7.277,4.193,0.246,0.09,0.158,1.962,4.2,8.173,2.221,41.752,0.549,3.757,2.175,5.864,8.342,9.585,0.031,1.533,0.959,2.413,,3.64,,7.715,0.008,0.134,0.027,0.66,,0.514,4.105,0.043,6.068,7.805,5.611,20.245,3.494,,,3.733,1.332,18.635,0.172,1.564,0.536,11.794,,1.758,3.356,4.161,0.74,0.044,42.417,1.863,10.91,,6.744,2.574,3.626,13.494,4.194,96.397,1.153,14.387,-0.036,2.173,,7.503,0.509,4.745,3.914,24.164,,8.243,0.861,0.022,0.191,0.061,16.171,3.364,0.657,0.354,17.732,,,14.128,,3.747,5.348,,22.468,9.178,0.805,18.17,1.678,8.036,19.907,0.615,,2.677,2.192,17.797,,3.716,3.743,0.007,3.514,0.1,6.228,17.552,,1.533,0.3,46.771,7.639,6.002,0.421,0.063,0.397,1.12,0.011,,1.98,12.05,14.677,2.693,0.331,4.259,4.805
2014,,24.042,0.184,,2.106,,0.009,2.204,0.194,0.297,19.103,4.532,8.422,1.314,,,3.368,0.158,1.89,,2.155,0.038,,,6.797,0.663,31.906,0.099,-0.009,1.93,2.398,7.302,0.584,8.812,0.33,6.495,11.872,0.109,0.329,,,7.34,3.232,0.26,0.069,0.163,1.186,3.27,6.462,2.035,33.915,0.645,3.178,2.163,6.63,8.361,9.399,0.003,4.79,0.497,3.866,,3.337,,7.123,-0.044,0.148,0.018,0.603,,0.706,7.403,0.047,4.393,8.752,5.09,22.468,,,,3.738,1.728,25.911,0.363,1.179,0.609,3.94,,1.919,5.065,4.831,0.675,0.061,24.536,1.901,8.84,,2.214,2.157,2.821,11.847,4.112,67.898,0.331,10.776,0.006,1.83,,8.085,0.447,3.78,3.832,18.461,,8.018,1.352,-0.424,0.171,0.204,9.905,2.551,0.879,0.161,16.08,,,12.856,,1.801,5.712,,15.191,18.669,0.455,17.046,0.811,16.431,13.747,0.259,,2.039,0.923,20.186,,2.939,3.276,0.092,3.156,0.087,7.476,18.133,,1.9,0.37,67.257,5.36,5.127,1.064,0.159,0.396,1.338,0.009,,1.877,12.808,12.254,2.851,0.29,3.752,4.396
2015,,22.205,0.442,,2.909,,-0.003,3.164,0.11,0.135,11.821,3.865,8.841,1.248,,,2.158,0.193,1.347,,2.483,0.057,,,4.835,0.501,28.359,0.023,-0.003,1.455,2.09,7.399,0.718,8.491,0.468,6.779,9.062,0.206,0.649,,,6.936,2.256,0.41,0.039,0.333,0.78,4.72,5.035,2.33,21.647,0.749,3.017,3.695,6.235,8.471,8.072,0.075,2.735,0.678,0.747,,2.765,,7.024,-0.003,0.153,0.027,0.897,,0.43,5.612,0.047,3.898,12.073,3.982,17.414,,,,3.417,1.954,37.138,0.315,0.83,0.535,3.277,,1.397,3.79,6.219,0.632,0.027,23.58,2.199,9.381,,2.032,2.412,2.219,11.435,5.504,84.496,0.632,11.664,0.0,1.258,,8.557,0.506,3.733,4.956,26.706,,6.842,1.274,0.02,0.183,0.151,5.086,2.917,0.802,0.173,11.936,,,12.994,,1.918,5.022,,14.8,22.397,0.401,18.122,0.826,15.916,18.63,0.313,,2.373,0.503,31.05,,5.712,3.388,0.015,4.412,0.068,7.601,15.474,,1.112,0.251,87.101,5.537,5.158,1.528,0.042,0.515,1.76,0.011,,1.395,25.075,11.599,4.292,0.419,3.828,4.478
2016,,22.177,0.413,,1.419,,0.0,3.025,0.013,0.223,28.098,4.273,8.396,0.912,,,2.603,-0.049,1.641,,2.09,0.038,,,2.414,0.657,27.422,0.074,-0.007,1.301,2.275,5.784,0.825,5.636,0.396,5.279,6.438,0.179,2.995,,,7.018,1.541,0.244,0.08,0.254,0.743,3.109,5.515,2.521,13.376,0.322,3.138,2.444,6.712,6.31,15.583,0.079,0.889,0.411,1.564,,2.042,,7.591,-0.012,0.118,0.025,1.385,,0.199,6.891,0.051,2.965,8.048,3.84,17.585,,,,2.623,2.244,26.281,0.354,0.866,0.435,4.667,,1.874,3.11,5.463,0.56,0.075,4.927,1.643,8.828,,2.492,1.942,3.174,12.961,4.891,59.623,0.33,15.742,-0.018,1.619,,8.873,0.627,3.406,4.285,16.926,,5.47,0.961,0.042,0.174,0.08,6.137,2.68,0.711,0.255,13.882,,,13.602,,1.937,3.943,,13.127,18.09,0.562,16.082,1.648,51.145,15.891,0.524,,4.089,0.397,73.364,,6.3,2.751,0.058,4.451,0.091,10.018,19.529,,1.49,0.419,40.065,4.748,6.143,1.615,0.033,0.587,1.132,0.015,,1.196,16.182,10.744,7.442,0.374,4.758,3.634
2017,,20.102,0.323,,1.29,,0.0,2.158,0.708,0.314,15.993,5.414,6.571,1.245,,,2.424,-0.475,1.598,,2.608,0.014,,,4.983,0.693,23.507,0.026,-0.008,1.627,3.434,6.205,1.041,5.442,0.277,6.212,6.354,0.173,0.769,,,5.178,3.661,0.154,0.093,0.207,0.014,4.208,5.074,2.959,23.998,0.76,2.853,2.2,4.596,19.26,7.638,0.077,0.581,0.523,1.079,,2.036,,6.476,0.028,0.122,0.029,1.565,,0.428,7.197,0.04,3.082,6.343,4.07,19.581,,,,2.971,2.467,20.453,0.631,0.817,0.343,5.56,,2.08,2.415,6.105,1.047,0.065,27.89,1.381,9.149,,2.411,2.381,7.755,14.017,4.352,59.449,0.104,17.295,-0.009,1.504,,10.558,0.914,4.303,4.339,16.835,,5.357,0.707,0.072,-0.001,0.044,7.743,2.457,0.765,0.379,11.761,,,13.741,,2.176,4.45,,12.973,14.785,0.643,21.416,4.086,62.147,12.498,0.629,,3.593,1.037,66.023,,6.575,5.396,0.057,3.8,0.077,10.214,18.211,,1.972,0.372,45.283,4.94,6.701,1.038,0.068,1.01,1.413,0.037,,0.911,15.046,15.859,12.388,0.274,4.208,4.655
2018,,20.73,0.222,,2.276,,0.014,1.12,1.111,0.195,16.888,4.074,7.717,0.911,,,1.748,0.206,1.583,,1.854,0.024,,,4.567,0.556,26.856,,-0.005,1.687,2.972,5.481,1.05,9.291,0.546,7.609,3.905,0.168,0.761,,,6.195,4.846,0.109,0.076,0.386,0.812,4.248,5.89,2.317,24.574,0.743,3.419,1.661,5.712,14.267,10.22,0.067,3.014,0.556,2.189,,2.999,,6.182,0.095,0.092,0.05,1.02,,0.663,5.851,0.051,2.743,5.473,3.37,19.908,,,,3.392,2.644,19.891,0.391,0.437,-0.269,5.053,,0.652,2.203,5.677,2.676,0.045,20.375,1.402,9.401,,2.594,2.804,2.793,12.379,6.031,60.525,0.448,13.166,-0.01,1.21,,9.761,0.805,2.86,4.358,21.325,,4.307,0.395,0.062,0.213,0.143,30.086,3.467,0.688,0.424,12.044,,,12.053,,3.17,4.437,,12.261,12.55,1.032,19.107,2.227,45.123,13.517,0.393,,2.791,,48.244,,7.903,4.776,-0.087,4.491,0.052,9.245,18.776,,1.937,0.156,39.104,4.356,6.08,0.926,,1.946,2.056,0.087,,0.559,13.915,15.089,38.033,0.234,3.861,2.376
2019,,21.684,0.035,,0.185,,0.002,3.031,1.66,0.26,21.499,4.171,7.234,1.199,,,2.257,0.341,1.61,,1.771,0.015,,,7.17,0.429,28.392,,-0.004,2.001,3.346,5.74,1.413,8.009,0.277,6.2,6.92,0.094,0.489,,,8.805,8.536,0.155,0.091,0.486,0.555,13.613,4.907,2.607,20.937,0.754,2.928,1.391,4.374,10.689,7.501,0.757,1.344,0.514,2.194,,1.98,,4.626,-0.064,0.091,0.072,0.9,,0.818,6.046,0.034,3.213,5.173,3.79,13.786,,,,3.526,2.458,19.642,0.399,1.632,0.223,5.001,,0.593,2.77,5.386,1.386,0.041,23.398,1.169,10.954,,2.815,1.724,2.463,12.093,5.095,47.083,0.153,10.81,-0.001,1.184,,10.689,0.704,3.173,3.861,30.695,,4.28,0.638,0.111,0.209,0.214,8.911,2.825,0.817,0.349,11.388,,,11.69,,5.003,6.314,,13.967,14.089,1.189,18.333,1.16,39.848,12.549,0.657,,1.784,,46.612,,5.774,5.769,-0.067,3.759,0.059,7.369,19.52,,2.401,0.094,50.671,3.544,5.898,0.719,,1.891,9.293,0.228,,0.343,12.206,14.239,28.912,0.254,4.142,3.942
2020,,20.942,0.256,,2.083,,0.027,1.025,1.846,0.292,18.11,6.768,10.127,1.38,,,2.187,0.555,3.514,,0.94,0.042,,,8.799,0.536,33.94,,-0.004,2.558,3.511,7.131,1.903,,0.698,10.854,8.933,0.357,0.501,,,8.449,12.537,0.5,0.13,0.373,0.42,2.995,4.957,4.731,40.767,0.376,6.83,3.116,5.717,16.922,9.62,0.099,7.16,0.622,1.001,,5.459,,6.115,0.118,0.068,0.099,1.318,,0.508,7.151,0.048,4.034,5.928,5.538,15.397,,,,2.973,4.635,22.624,0.446,6.715,0.268,7.024,,1.522,4.406,10.22,9.159,0.073,64.016,2.388,9.37,,3.704,4.252,5.836,18.336,7.93,57.895,2.818,12.428,-0.001,1.722,,14.677,0.79,3.883,5.203,15.109,,6.897,0.879,0.267,0.25,0.374,24.808,4.574,0.785,0.893,11.288,,,16.365,,9.197,6.688,,13.633,21.14,1.461,33.227,0.946,44.16,19.562,1.124,,2.961,,93.737,,9.839,7.56,0.041,7.532,0.077,8.632,31.044,,2.375,0.076,61.512,3.516,8.384,1.461,,2.424,8.844,0.348,,0.353,15.206,20.064,27.032,0.362,5.769,4.679
2021,,32.688,0.408,,3.588,,0.033,1.208,0.397,0.02,21.907,4.839,8.61,1.162,,,2.42,0.21,3.318,,1.29,0.069,,,4.913,0.526,24.563,,-0.003,2.236,2.581,6.771,1.443,,0.612,12.002,7.24,0.133,0.123,,,5.358,14.222,0.502,0.119,0.286,1.963,2.073,3.679,15.098,30.104,0.586,4.355,1.608,4.296,12.68,9.794,0.156,6.655,0.613,1.841,,2.401,,4.56,0.054,0.1,0.085,0.871,,0.421,7.458,0.034,2.947,5.259,5.354,16.155,,,,3.25,6.497,18.457,0.731,5.679,0.179,6.574,,0.712,4.279,7.481,2.381,0.044,37.852,2.534,7.814,,2.31,2.242,2.171,14.444,4.99,46.257,2.434,9.711,0.004,1.539,,11.91,0.817,5.692,4.31,12.789,,4.739,0.85,0.145,0.146,0.401,20.601,4.753,0.124,0.457,9.943,,,12.28,,11.625,5.186,,17.178,16.934,0.784,24.577,0.881,50.313,13.849,1.085,,2.809,,113.13,,6.308,4.212,0.027,5.182,0.06,6.503,22.66,,2.449,0.131,44.456,3.771,6.471,1.142,,1.662,14.775,0.276,,0.152,15.355,10.327,43.622,0.253,5.398,3.545
2022,,26.916,0.1,,1.706,,0.062,1.614,,0.066,17.137,4.911,7.722,1.088,,,1.175,0.025,0.779,,0.786,0.031,,,7.103,0.46,27.255,,-0.002,2.899,2.791,5.282,4.768,,0.558,11.128,3.689,1.0,0.096,,,1.626,9.773,0.337,0.098,0.329,1.262,2.695,3.907,7.651,31.856,0.708,1.621,1.438,2.69,12.706,8.604,0.142,-8.185,0.472,1.499,,2.719,,4.436,0.052,0.085,0.07,0.55,,0.577,4.128,0.037,2.363,6.379,5.541,22.061,,,,3.825,7.0,12.943,0.471,1.556,0.017,5.702,,1.098,6.079,6.726,2.144,0.035,47.254,1.717,6.674,,1.631,1.632,1.895,15.158,3.383,48.06,0.606,10.752,0.002,2.704,,14.556,0.959,7.759,2.894,14.141,,4.036,0.469,0.179,0.361,0.377,22.724,2.24,0.088,0.242,9.444,,,8.25,,3.058,5.442,,16.1,10.899,2.364,18.804,0.847,46.414,9.977,1.667,,1.889,,40.213,,5.751,5.234,0.115,4.184,0.029,6.892,54.74,,2.753,0.089,79.451,3.552,4.837,16.835,,1.931,1.615,0.243,,0.013,10.598,15.778,33.11,0.26,6.628,2.939
2023,,,0.191,,1.59,,0.041,0.87,,0.178,23.477,5.294,7.372,1.25,,,1.14,0.166,1.005,,1.705,0.033,,,,1.486,27.248,,-0.002,3.143,2.003,6.762,2.606,,0.285,12.277,3.947,0.181,,,,5.55,8.024,0.572,0.086,0.477,0.126,,3.308,3.715,24.962,0.289,1.281,2.084,2.53,14.892,9.474,0.134,3.112,0.446,0.919,,1.728,,5.428,0.086,0.068,0.06,0.796,,0.457,5.629,0.034,2.456,3.312,5.131,21.066,,,,3.506,,13.865,0.711,1.555,1.014,7.198,,0.555,6.277,7.983,3.471,0.026,38.825,2.971,6.482,,1.792,1.235,1.445,15.582,4.017,,0.643,12.615,0.002,2.305,,7.926,1.011,3.435,2.835,14.344,,3.782,1.191,0.512,0.231,0.38,10.661,2.374,,0.538,17.383,,,10.04,,1.282,6.203,,14.717,11.326,1.565,19.604,0.814,,14.213,1.253,,2.575,,,,8.783,6.682,0.017,3.487,0.061,10.071,,,2.596,0.141,81.421,3.931,4.672,21.13,,1.331,2.01,,,0.204,11.718,12.709,,0.404,5.263,3.023
