Date,ABW,AFG,AGO,AIA,ALB,ARG,ARM,ATG,AUS,AUT,AZE,BDI,BEL,BEN,BFA,BGD,BGR,BHR,BHS,BIH,BLR,BLZ,BOL,BRA,BRB,BRN,BTN,BWA,CAF,CAN,CHE,CHL,CHN,CIV,CMR,COD,COG,COM,CPV,CRI,CUB,CYP,CZE,DEU,DJI,DMA,DNK,DOM,ECU,EGY,ERI,ESP,EST,FIN,FJI,FRA,FSM,GAB,GBR,GEO,GHA,GIN,GMB,GNB,GNQ,GRC,GRD,GTM,GUY,HKG,HND,HRV,HTI,HUN,IDN,IND,IRL,IRN,ISL,ISR,ITA,JAM,JOR,JPN,KAZ,KEN,KGZ,KHM,KIR,KNA,KOR,KWT,LAO,LBN,LBR,LBY,LCA,LIE,LKA,LSO,LTU,LUX,LVA,MAC,MAR,MDA,MDG,MDV,MEX,MHL,MKD,MLI,MLT,MMR,MNE,MNG,MOZ,MRT,MUS,MWI,MYS,NAM,NER,NGA,NIC,NLD,NOR,NPL,NZL,OMN,OWID_KOS,PAK,PAN,PER,PHL,PLW,PNG,POL,PRT,PRY,PSE,QAT,ROU,RUS,RWA,SAU,SDN,SEN,SGP,SLB,SLE,SLV,SMR,SOM,SRB,STP,SUR,SVK,SVN,SWE,SWZ,SYC,SYR,TCD,TGO,THA,TJK,TKM,TLS,TON,TTO,TUN,TUR,TUV,TZA,UGA,UKR,URY,USA,UZB,VCT,VEN,VNM,VUT,WSM,YEM,ZAF,ZMB,ZWE
1980,,,,,,,,,15.6519,10.475486,,,17.207607,,1.4996141,,,0.59084195,0.0,,,,,,,,,9.729932,,14.580739,10.243791,,,2.1759691,,,,,3.1092036,2.4278846,,4.4631853,,12.727033,,,22.860706,2.0998616,1.5054607,,,5.759894,,13.816222,9.756098,6.6446943,,,11.787214,,,,,1.1141763,,4.0526385,,,,,,,,,,,11.178478,,7.3514237,,8.896912,,,11.263199,,,,,,,4.288674,1.7130345,,,,,,,2.4292252,,,14.314194,,,3.5392659,,,,4.3851285,,,1.5613785,8.627892,0.44095558,,,1.1801243,,2.9056604,,9.029101,,2.4668636,,,13.17309,17.543413,0.37310404,22.920542,,,1.52381,,5.1764708,,,,,4.361927,,,,,,,,,,7.9938154,,2.1332586,,,,,2.7097902,,,,18.985657,,,,,,2.4617088,,,,,,,6.9428573,,,0.20035619,,2.0099099,12.743982,,,14.935667,,,,,11.548458,,11.255882
1981,,,,,,,,,16.135761,10.88902,,,17.1592,,1.4638877,,,0.89180326,0.0,,,,,,7.3181615,,,11.336968,,14.759555,10.372852,4.9358497,,2.4925447,,,,,3.9360707,2.5970857,,4.0508847,,12.163817,,,22.749224,1.9199835,1.8402638,,,5.4501076,,15.232826,9.877623,6.84005,,,12.373649,,,,,0.991153,,4.0139236,,,,,,,,,,2.0932224,11.493585,,7.0797844,,10.148816,,,11.238061,,,,,,,4.3561077,2.1878107,,,,,,,1.9508865,,,13.806645,,,3.7359715,,,,4.2286825,,,1.8181577,8.8840275,0.42540196,,,1.6666666,,3.440258,,9.248757,,,,,12.495868,18.513039,0.4544307,24.177242,,,1.7317227,,2.6741574,,,,,5.1103187,,,,,,,,,,9.001055,,,,,,,1.0959753,,,,19.287128,,,,,,2.747373,,,,,,,7.2090907,,,0.13751376,,1.4469388,12.70174,,,21.734524,,,,,10.471134,,12.240909
1982,,,,,,,,,15.267529,10.362057,,3.4883597,17.991598,,1.3534696,,,0.7548347,0.0,,,,,,7.321657,,,8.502135,,14.545019,10.627625,5.4108033,,2.5950046,,,,,5.3046756,3.0113103,,3.9997633,,12.054813,3.770032,,22.473648,1.6759408,1.5099832,,,5.5930686,,14.994291,9.950249,6.9055758,,,12.786659,,,,,0.7387357,,4.377174,,,,,,,,,,2.0443065,11.328615,,7.1318293,,11.091762,,,11.35241,,,,,,,4.4591756,1.4644351,,,,,,,2.407386,4.296742,,15.260942,,,3.2269595,,,,3.6374633,,,1.4723082,9.356511,0.47758928,,,2.8985507,,3.0828657,,8.855576,,,,,12.2217045,17.86459,0.5497784,24.153627,,,1.7540759,,2.5067568,,,,,5.45585,,,,,,1.7987218,,,,9.790766,5.775401,,,,,,,,,,19.460344,,,,,5.6318874,2.810572,,,,,,,7.3428574,,,,,1.0337663,12.358275,,,15.12828,,,,,10.780909,,13.5903845
1983,,,,,,,,,14.904591,10.028636,,3.0928135,18.022526,,1.3995215,,,0.8404385,0.0,,,,,,8.612228,,1.2459016,10.077969,,14.066639,10.798376,3.7335362,,2.6855874,,,,,5.1331077,3.6560116,,4.611422,,11.804472,3.5199893,,23.160925,1.6497548,1.3412458,,,6.0608225,,15.01561,10.509296,6.914051,,,12.445718,,0.42380953,,,0.69019806,,3.845077,,,,,,,,,,1.9089919,11.407057,,6.707792,,12.147583,,2.5583982,11.564885,,,,,,,4.145514,1.5124116,,,,,,,2.2624161,3.7356985,,17.046558,,,3.4167929,,,,3.3146255,,,1.4062876,8.995082,0.49941796,,,3.2575758,,2.818117,2.2656028,9.562151,,1.4785925,,,11.20193,16.6425,0.5963257,22.199255,,,1.6424286,,1.5927273,,,,,6.0616817,,,,,,1.7997059,,,,9.362026,5.0961537,,,,,,,,,,18.92442,,,,,5.327511,2.806965,,,,,23.047379,,6.2157893,,2.527228,,,1.59,10.882314,,,12.445907,,,,,10.750973,,12.423809
1984,,,,,,,,,15.762591,10.404237,,3.2235284,18.528189,1.779991,1.5665683,,,1.0909091,0.0,,,,,,7.966039,,1.7004504,14.075783,,14.001507,11.145777,3.092177,,2.3367977,,,,,4.65235,2.9368844,,4.7888184,,11.841991,3.3427162,,24.4433,1.6254203,1.2051252,,,6.390037,,15.402225,10.934106,6.955283,,,12.370324,,0.6548387,,,0.7793077,,4.450403,,,,,,,,,,1.8140305,11.954004,,6.8207855,,11.794853,,2.533819,11.818153,,,,,,,3.9347105,1.3696498,,,,,,,2.9132202,3.7685823,,16.042362,,,3.488143,,,,3.5293434,,,1.2925491,8.205919,0.5462764,,,3.0344827,,2.781483,2.24994,9.183369,,1.502357,,,10.4805565,16.503122,0.61063415,21.608946,,,1.406448,,1.574074,,,,,5.8578267,,,,,,1.5791125,,,,8.272226,6.1904764,,,,,,,,,,18.678585,,,,,6.359321,3.046922,,,,,12.039922,3.9493887,4.8199997,,2.3206115,,,1.1073846,10.827957,,,15.141871,,,,,11.062481,,13.3671875
1985,,,,,,,,,15.844667,10.885875,,2.9168968,18.22321,1.7251492,1.1478164,,,1.2554382,0.0,,,,,,7.5873017,,1.6533467,13.483658,,14.176635,10.642386,3.0334911,,2.2376313,,,,,3.7408261,2.6099813,,5.0924993,,12.514627,4.13296,,25.50521,1.6228026,1.2714207,,,6.6273937,,15.963989,10.238429,6.7174716,,,12.461626,,0.89771086,,,0.8106105,,4.3301125,,,,,,,,,,1.8761836,11.741102,,6.2417936,,11.910893,,,12.038179,,,,,,,4.1248407,0.5426357,,,,,,,2.8117545,4.170283,,17.130602,,,3.4049776,,,0.43112513,3.4064612,,,1.4047837,8.242965,0.61650014,,,2.2051282,,2.306139,2.4678879,,,1.6907581,,,10.383439,16.64112,0.53876364,23.388813,,,1.3178236,,1.6219739,,,6.707692,,6.1956515,,,,,,1.6036007,,,,7.104226,,0.85011184,,,,,,,,,18.78789,,,,,5.803619,3.0911956,,,,,11.549342,4.058328,4.179167,,2.084373,,,1.5010453,11.185826,,,17.367039,,,,,12.190674,7.545,9.937363
1986,,,,,,,,,16.791777,11.045188,,3.2328658,17.897478,2.277902,1.4888169,,,1.5170771,0.0,,,,,,7.340186,,1.6818379,19.743954,,15.062188,11.162598,2.9735336,,2.6084697,,,,,4.05301,2.389602,,4.7782626,,12.294321,3.4445612,,26.488247,1.7860118,,,,6.5071797,,16.84617,,6.895236,,,12.446525,,1.12968,6.9896073,,0.5807817,,4.571979,,,,,,,,,,1.8641818,12.524333,,6.8075333,,12.2410555,,,12.297342,,,,,,,4.0257764,0.5573707,,,,,,,2.1800115,3.6689153,,15.72549,,,3.1688287,,,0.40852576,3.6545649,11.607142,,1.4430982,7.550738,0.74956816,,,2.0465117,,1.7448608,2.7115169,,,1.7241268,,,11.004046,16.00345,0.58188105,23.769455,,,1.2798263,,3.2793126,,,6.290041,,5.2582974,,,,,,1.6676899,,,,5.3236494,,0.49170253,,,,,,,,,20.058222,,,,,5.6955028,3.045788,,,,,10.166885,4.276274,4.944286,,2.084917,,,1.6934457,11.063809,,,9.501423,,,,,11.748141,8.929286,10.2846155
1987,,,,,,,,,16.890978,10.611882,,2.9758587,17.664442,2.2034523,1.8142914,,,1.4013206,,,,,,,5.828471,,2.002089,19.656176,,16.14717,10.797474,2.4612787,,2.7537572,,,,,3.735867,2.3122156,,4.885826,,12.2374325,4.3126535,,26.96171,1.6997285,,4.3581834,,8.455608,,15.150273,,7.0410404,,,11.576048,,1.3307735,8.949204,,0.474308,,4.616687,,1.4451233,5.9504714,,,,,,,1.8003279,13.2023325,,6.4159784,,12.256503,,,13.179508,,3.0917215,,,,,4.540427,0.27274185,,,,,,,2.039553,4.1266365,,15.502569,,,3.5425463,,,0.26219955,3.4478183,10.1587305,,1.0958161,6.8947554,0.65339017,,,2.1789322,,2.0977662,2.5351439,,,1.5879486,,,11.478704,14.023391,0.5719182,22.127281,,,,,,2.76845,,6.9160995,,4.7391195,1.502737,,,,,2.1060562,,,,5.431394,,0.6465185,,,,,,,,,20.412409,,,,,4.436704,2.6607668,,,,,9.072799,3.7913084,4.865049,,1.7539781,,,1.5406924,12.009001,,,10.454934,,,,,11.294327,7.3172727,12.105357
1988,,,,,,,,,16.928762,10.28537,,3.3115616,16.939503,1.9906609,1.7573088,,,0.90207714,0.0,,,,,,5.5266047,,2.032267,16.475689,,15.6813545,11.049515,2.5849228,,2.6517217,,,,,3.4918299,2.288056,,4.9150333,,12.166193,4.563826,5.887446,28.254269,1.9593183,,4.2858686,,8.510063,,16.460531,,6.658777,,,11.554149,,1.6013439,7.262916,,0.38705796,,4.4717407,,2.0567482,7.352266,,,,,,,1.9801201,14.125362,,8.094937,,12.291151,,,13.619119,,3.2677162,,,,,4.729829,0.24250823,,,,,,,1.7110035,3.9162066,,14.63223,,,3.7382164,,,0.36421725,4.020005,9.295774,,1.1161766,6.8906994,0.75453645,,,2.643885,,2.3531773,2.155782,,,1.8618935,,,11.65507,14.058011,0.63327706,21.619995,,,1.175811,,,3.0550065,,6.129859,,5.7831035,1.3500863,,,,,2.294308,,,,5.423716,,1.143756,,,,,,,,,21.457624,,,,,4.2371182,3.0936108,,,,,9.777044,3.4308875,4.424719,,1.7687862,,,1.7283181,11.606105,,,10.571005,,,,,11.309373,5.8638234,11.819149
1989,,,,,,,,,16.509932,9.433854,,2.7867572,15.428824,1.7087445,1.7369344,,,0.9499431,0.0,,,,,,7.283767,,1.8531128,18.093052,,16.47555,10.520303,2.5426767,4.6433463,2.2335322,,,3.9592237,,3.4370794,2.2434309,,5.3684754,,12.625949,4.276892,5.4,27.973337,2.3323095,,4.2041783,,10.052278,,16.172703,,6.6208205,9.259259,,11.701355,,1.3354361,7.777211,,0.49121058,,4.194689,,1.7513686,4.661741,,,,,,,1.9470912,11.786215,,8.34989,,13.103211,,,14.077861,,3.1972244,,,,,5.58088,0.22399552,,,,,5.2322927,,1.670409,4.407275,,14.118587,,,3.9402883,,,0.29152915,4.276958,11.780822,,1.2082206,6.8418756,0.6580527,,,2.5773196,,2.8109674,2.7133522,,,1.7574729,,,11.230129,13.219604,0.80486375,22.819065,,,1.2061385,2.7925532,,3.6310682,,8.692752,,7.0355887,1.3374957,,,,,2.1043856,,,,6.230733,,0.9338363,,,,,,,,,21.094908,,,,,4.7806096,3.4005585,,,,,7.14859,3.5972593,4.884345,,2.157033,,,1.4295557,11.930073,,,12.111391,,,,,11.971277,6.799333,11.0011425
1990,,,,,,0.7031248,,,16.038776,10.032313,,3.3253813,15.713534,1.5660352,2.1060169,,,1.3283342,0.0,,,3.75323,,5.3454547,8.08253,,1.4914118,19.73886,2.5679266,17.047516,10.828045,2.3469977,4.4651213,2.4931984,,,10.289885,,3.6548908,2.250138,0.06499123,5.6322994,,11.177567,3.7371936,5.3308825,27.187151,2.0092056,1.1237333,4.2010155,,9.716001,,16.846052,9.190676,6.6108756,10.544218,,11.851561,,1.1464242,8.32429,0.9862628,0.6946348,,5.0550594,,1.508345,4.954378,,,,1.1013216,,,1.8268123,12.632996,,8.996594,,13.47156,11.943891,4.102555,14.192222,,3.2311296,,,,3.6660583,6.0834746,0.3003003,,,,,4.7442455,,1.8635875,4.4167185,,14.149315,,,4.9375196,,1.1868423,0.31278333,4.2444515,8.461538,,1.3904085,7.033818,1.7275134,,,1.6109422,,3.0213673,3.0341954,,,1.4519912,,,12.715142,14.174608,0.74475396,21.34874,7.153398,,1.1527307,4.1761312,0.69656146,4.020416,,6.779661,,6.752806,1.2224182,,,,,2.0079417,,,,6.492935,,1.270425,1.545247,,,,0.8824383,,,,20.46406,,,,,3.970725,4.3174915,,,,,5.0844364,3.2624457,4.869131,,2.001923,,,1.3413045,11.767839,,4.7503567,15.1136465,,,,,,7.1137094,10.777675
1991,,,,,,1.032263,,1.8216757,15.140798,10.5579405,,4.0217323,15.474,1.637497,2.152718,,,1.3074566,0.0,,,3.8459933,,3.8050845,8.252953,15.038008,1.3559322,15.134999,2.196038,16.80275,10.743346,3.7002888,3.277696,2.1824846,,,8.128344,,3.7396505,1.6507651,0.07857779,4.7904906,,11.103946,3.8482544,5.2951097,26.89021,1.8784803,1.2214129,5.4796276,,9.928544,,16.923094,9.433092,7.0032806,9.819277,,10.902761,,0.9654036,6.374867,0.9683735,0.24547584,,5.1332955,,2.2583516,4.0498405,,2.5873928,,1.2369378,12.296801,,2.209462,13.257012,,8.927552,,13.47697,10.171273,3.1168962,13.371626,,3.3855336,,,,3.4558823,5.3809404,0.06387736,,,,,5.160121,,2.134058,7.125193,,12.674638,,,4.3756533,,1.0800074,0.3939056,4.20732,8.915663,,1.2996395,6.9310117,0.9864896,,,1.5157329,,2.9371533,2.4618752,,7.173636,1.4739672,,,13.847989,14.519269,0.5066698,20.459106,5.3470693,,1.2830294,4.7997456,0.9505789,4.271033,,6.3098593,7.8853593,7.5678473,1.017472,,,,,1.7599566,,,3.1241512,6.8370194,,1.3034993,1.8731911,,,,,,,,17.46643,,,,,2.9176247,4.7875915,,,,,6.4278555,3.6387396,5.2948155,,2.4571087,,,1.2423047,11.216271,,5.868102,14.883937,1.3614439,,,,,5.9974895,10.584122
1992,9.044289,,22.924154,,2.5039074,1.3262618,,1.7433234,14.84959,11.094875,,3.9478528,14.910419,1.899627,2.0471842,,,1.1094819,0.0,,,4.3320837,,4.6144905,9.586102,13.098545,1.3744155,15.033181,2.037808,15.815653,11.15947,3.7406366,2.988174,2.340337,,,8.038631,,4.165425,1.650595,0.09177941,4.8052726,,11.5090685,5.4733295,6.060127,27.418737,1.8689984,1.1830536,6.8344045,,9.889509,,15.876012,7.85004,6.651211,10.224719,,10.258366,,0.77980363,4.327812,1.1432488,0.20045313,0.41306707,4.975183,4.026284,1.9036585,5.649877,,3.1758647,,0.73395115,9.662079,8.151639,2.2597783,13.610687,,9.3192005,,14.868863,8.589826,2.9812143,11.496911,,3.5085983,,,,3.333887,5.3781586,0.05148447,,,,,5.2035203,,2.1076887,7.119484,,11.920566,,,5.331506,,1.0415802,0.3773585,4.638071,11.538462,,1.3808992,7.4127507,1.193124,,,1.475015,,2.9604554,2.604851,8.7659645,8.330673,1.6694622,4.567802,,12.926668,12.960141,0.4679695,20.825788,4.8669825,,1.5876722,4.525374,1.7028643,4.5395308,,7.1669073,11.631438,8.468818,1.2317053,,,,,1.904602,,1.9536424,3.0639389,7.5741873,,1.5872055,1.8441424,,,,0.5047873,,,,16.989355,7.38189,,,,2.7218149,4.6742353,,,,,7.68413,3.5553298,5.2974105,,2.413091,0.57102275,,1.5320424,11.148003,,5.3950615,9.68243,1.8538846,,6.7789474,,,5.967042,11.138082
1993,9.283135,,25.243338,,3.0722399,1.8157951,,1.6470588,14.760496,11.243016,,4.6544714,15.930791,2.1327405,1.8548379,0.9387761,,1.1106175,0.0,,,4.0075235,,4.830781,8.862651,11.397873,2.1467917,14.202165,1.7747682,15.443368,10.792706,3.7678318,2.1756253,1.8226396,1.803221,,3.83299,,4.785855,1.9773533,0.3927073,5.098877,9.438107,11.052337,5.6642723,5.158371,28.257338,1.8782605,1.0566231,6.7288656,6.7535787,9.48947,,14.691744,6.997803,6.76961,9.797979,,9.644934,,1.1385682,3.6198654,1.4615865,0.2768329,0.35172805,5.086626,4.354067,1.9018804,5.3924346,7.0288334,3.2666728,,0.7595255,9.363463,6.8412294,2.2328937,14.114709,,9.953689,,15.242376,8.804026,3.0129342,10.969747,,3.2838051,,,,3.2439024,5.2116494,0.20744018,,1.3516575,,,4.4372296,,2.2345583,6.172932,,13.558358,,,4.773908,,1.3320653,0.36646453,4.4369793,11.313131,7.711463,1.2197353,8.199167,1.235669,,12.491381,1.4846336,3.315858,2.369988,1.9084415,8.350618,9.022404,1.498096,4.43772,,13.511544,13.052257,0.5457952,21.220608,4.128224,,1.8702534,4.3049154,2.0653007,4.445674,4.0263157,8.513006,12.732818,7.736879,1.3799132,,,,,1.8334426,,2.4760766,2.562756,7.4487095,4.588113,1.977402,1.9079342,,,,0.45365217,,,,17.896097,6.4621677,5.773616,,,1.1777499,4.8737736,,,,,11.267662,4.1579795,5.2634435,,2.1692083,0.79386675,,1.8058786,11.460746,,5.209581,8.888045,2.6928692,,7.62279,,,5.0244594,12.392
1994,8.632287,,30.32258,,,2.1820357,,1.5839095,15.29982,10.325931,,3.5965986,16.244871,2.6825247,1.7919987,0.92313623,,1.1986728,0.0,,,3.6687622,,4.9988265,8.040213,10.788698,2.1467533,12.268908,1.8158056,15.61214,11.313061,3.6453252,,1.6143707,1.8917875,,2.9869905,,5.1564674,2.32989,0.6460267,5.672882,8.894323,10.696984,5.893144,4.607843,29.17968,1.71663,1.0036743,6.523086,8.981274,9.025348,,15.924143,6.5309153,6.8985744,9.359606,,10.091684,,1.2897196,2.6843202,1.4038876,0.541567,0.6150283,5.8512845,3.9635534,1.1769313,4.914425,7.0783434,2.7128804,,0.35441804,8.96993,6.9946947,2.5486076,14.576513,,10.07132,,13.632198,9.3778925,3.0740159,9.823743,,5.2002087,,,,3.5593452,5.36516,0.4607046,0.8442388,1.6548107,,,4.620976,,2.1562183,7.4844213,,14.006227,,,4.2224684,,1.3946874,0.37028673,4.169366,10.37037,7.466078,1.1555169,7.729088,1.4448457,,8.374705,1.6166282,3.0789714,2.1444225,1.9895288,8.1773,8.220488,1.202933,2.6946137,,11.075429,13.88509,0.7914518,22.275967,4.9455566,,1.8162683,4.230492,2.6663172,4.754326,4.1130953,7.786484,11.800732,7.533785,1.9912666,,,,,0.75182694,0.31606185,2.2016222,1.9847143,6.8837457,4.449472,1.8119826,2.3747883,,,,0.41267744,,11.0490675,,18.67478,6.342311,5.5469704,,,2.568634,5.405208,,2.5517242,,,11.037698,4.0568175,4.7900167,,2.0956726,0.8672005,,1.710703,11.618759,,6.1611376,7.400899,3.0088222,,,,,5.475245,10.913345
1995,8.92978,,16.735294,,,2.2443924,5.9038095,1.2508018,16.160234,10.785596,,3.7647135,16.331495,2.7255068,2.259193,0.709364,5.799451,0.9130094,0.0,,9.710132,2.7710445,,5.2058663,7.5555058,10.406392,2.9261522,,1.8927321,16.186432,10.890215,3.636417,2.1080956,2.2846885,2.2066736,,,,5.1073637,2.292372,1.3551122,7.4693933,8.620904,10.991206,5.425389,4.682861,29.496326,1.9030651,1.3431077,5.65685,8.492791,9.12538,10.513278,16.084385,7.5106597,6.9058003,8.144796,,10.801722,1.95962,1.3584474,2.7928915,1.4315352,0.32779843,0.44097894,5.9125047,4.664502,1.6733963,5.682761,6.918551,3.6055536,6.0813646,0.3630587,8.542958,6.749217,2.7112844,12.804113,,10.486503,11.847579,13.571101,9.056968,3.1809266,9.779007,,5.2919645,,0.23240077,,3.7468355,5.6531672,0.28346068,0.9870499,1.0720819,,,4.567541,,2.1004407,7.8777494,8.331855,14.673433,6.5296874,,4.403114,,1.0250169,0.3501094,3.294371,10.333333,6.2182846,1.6119444,8.511695,1.2912666,,7.444862,1.5284677,3.0209255,2.3376825,1.4339956,8.310325,7.5972347,1.5803168,2.7011251,,10.171538,14.056123,1.02515,22.406487,5.022193,,2.1787708,4.76101,3.0120602,5.107315,4.023158,7.387978,11.14873,7.7099514,2.2456527,,,11.108824,,0.7265424,0.31667972,1.9290123,2.290915,6.5441136,5.07192,0.96297127,3.1405513,,,,0.9436315,,10.081258,6.369766,17.695341,5.607877,5.198347,,,2.9151025,5.7333364,,3.2636364,,2.528302,12.808982,4.139098,4.637694,,2.36322,1.065737,11.450666,2.184443,12.088578,,5.363735,6.38782,2.7185135,,4.6901174,,,5.789119,10.706169
1996,9.040485,,24.073679,,,2.2956622,3.9473147,1.4026885,16.672167,11.787102,,4.0320587,16.336658,2.6578276,2.653848,0.6592714,5.7112026,1.1760272,0.0,,6.6086664,3.0465648,,4.962662,7.946992,,4.1224847,,1.5678016,16.699032,11.282834,4.0935626,2.1386194,2.5501776,2.2009163,,,,5.070003,2.1684806,2.7364988,7.2230577,7.473753,10.206944,6.1170664,5.3358684,29.37256,1.9412115,1.2388184,5.682624,9.348357,9.098337,9.108696,17.671894,7.29966,7.3442063,9.678899,,10.63409,2.0719135,1.4747236,2.6549323,1.350043,0.35981172,0.58388066,5.700415,3.3718667,2.1940322,6.0094323,6.7972097,3.0916982,6.741304,0.6036872,8.67262,7.334763,2.713565,13.290804,,11.127423,11.430612,13.905959,8.853814,3.4605079,9.714059,,4.6576138,2.893286,0.26516202,,3.8671412,5.521544,0.1484781,0.9911716,1.275702,,,4.417293,,2.2080135,7.612016,7.930306,15.017216,6.625737,1.6116087,4.9309907,,1.288173,0.38356164,3.2729588,11.171171,6.016301,1.9890263,7.0449204,1.1639537,,6.178887,1.4532348,2.5293093,2.394809,1.6755222,8.200168,7.969863,1.3211979,2.3589008,,10.478017,14.504116,1.091347,20.39031,5.091341,,2.4375556,3.9083664,3.8076339,5.4953384,3.7925925,9.067357,10.610063,8.346105,2.190006,,,10.173605,,1.6669387,0.2692737,1.6987975,2.2371316,6.683017,,1.1364813,3.1858962,,,,0.8665916,,8.847543,6.8604016,18.303097,6.18242,4.636,,,2.131716,5.9860682,,2.467939,,3.3576643,14.02706,4.0863285,4.8320394,,2.4535983,1.0279284,12.188642,3.0533144,12.751605,,5.780765,7.5865684,3.0689056,,4.5039372,,11.805575,5.640253,10.369159
1997,8.446389,,12.673449,,1.0841352,2.5915105,3.9038413,1.3928183,16.640406,12.378208,4.971501,3.4740264,16.746824,2.2127433,2.4783323,0.6645757,12.05093,1.1591569,0.0,,7.6288743,3.2123847,6.5493226,4.8199277,8.077612,12.7844715,4.077235,,2.0670063,17.657337,10.957706,4.0059547,2.0197482,2.8126173,2.279134,,,0.90534824,5.112145,2.153931,4.387779,7.297588,7.950842,9.9519615,5.3847136,5.574572,29.182657,2.146396,1.3200008,5.405368,9.910584,9.364207,9.040236,17.2083,6.8458014,7.957366,9.951691,,11.007682,2.4706385,1.6018547,2.7782643,1.6176324,0.48912296,0.744539,6.4416585,2.0868745,2.2332711,5.3965654,6.665584,3.0393808,6.2712593,0.7396607,8.200127,8.563726,2.4365401,13.292507,,11.323574,12.246306,14.680643,8.8827095,2.8572247,9.507452,,4.2697906,2.238806,0.40116984,,4.050633,4.966026,0.21722603,0.79328024,1.4216071,,2.3357663,4.643678,,1.9781537,7.6616354,8.679508,15.655753,7.2276874,1.6620078,4.9018393,5.8988447,1.5158783,0.35551503,3.649164,9.90991,5.176195,2.0345826,8.217283,1.380887,,6.710071,1.6379696,2.6379354,2.5199704,2.3024838,8.836678,10.450441,1.1668805,3.6731076,1.6381657,10.051322,15.429057,1.151256,20.469666,6.1776505,,2.2661595,3.8427505,3.812754,5.9195065,4.0884957,9.601224,10.292059,8.418504,1.9754595,,,9.491566,,2.1911962,0.3378748,1.3447357,2.7243302,6.3862133,,,2.848464,,,,2.1113212,,8.570211,6.9184647,18.755718,5.8666964,4.565371,,,2.1231,5.864582,,3.6639147,,3.639706,11.162268,4.624782,5.549741,,2.1867313,1.1252313,10.553133,2.909798,13.244644,,6.015779,9.6518135,3.2898042,,3.5614526,,12.20117,5.7815804,12.715475
1998,8.440121,,3.1989763,,1.6629943,2.874266,3.2866333,1.3842239,17.756075,12.513699,4.5289855,4.5763617,17.309908,2.3617516,2.3419085,0.7357204,9.87189,1.3079848,0.0,,7.898046,3.5061817,7.9492545,5.413872,7.8626895,9.522215,4.6933784,,2.2922163,17.464428,11.513453,3.9912148,1.8527954,2.805092,2.8855379,0.39898843,,0.993812,5.096016,2.419483,5.4646482,8.013245,7.4698234,10.439348,4.991308,5.002434,28.729202,2.1017482,1.5118076,5.1057286,10.0216875,9.496563,10.21,17.63036,6.7274256,10.083912,11.917809,,12.146486,2.6786752,1.577117,2.618269,1.5832093,0.24606949,,7.7653255,2.063123,2.0286381,5.3696594,5.790651,3.6078887,7.112137,0.5799965,8.36979,8.424017,2.552599,13.067652,,12.696926,12.019674,13.060892,9.094503,2.4125776,8.456663,3.9463208,4.4998713,2.609637,0.4317289,,4.757085,5.76897,0.36681002,1.1819649,1.562056,,2.601356,4.4782424,6.4893885,1.6402183,7.9009576,8.929667,15.236452,7.4959435,1.8884319,4.8983507,4.417891,1.4196008,0.43377036,3.7784688,9.210526,5.325588,2.1843646,7.4344,1.3127255,,4.3893933,1.5406522,2.4278815,2.3063004,2.6428733,9.196084,9.624911,1.2170703,2.4234746,1.6493568,9.74093,15.348681,1.2423136,19.162905,3.8012643,,2.485762,3.396531,3.6859987,6.0112166,4.0341883,8.754121,10.174294,8.214718,1.8737465,,,8.139517,,2.5137408,0.3997035,1.4223195,2.664518,6.642969,,0.79748297,2.7421596,,,,2.3144083,7.3197494,8.389153,6.715249,18.585632,5.85572,5.151515,8.539504,,1.7302827,4.570617,,2.584778,,3.1468532,9.199142,4.9688964,6.8339634,,1.9628494,1.2235634,9.021422,3.078697,13.599667,,6.694215,3.4330895,3.2504363,,3.5532994,,12.81499,,
1999,10.019455,,1.4284354,,2.3289313,3.1802208,4.587602,1.6964717,18.530558,12.150874,4.3178806,3.8534067,16.795746,2.0496716,2.5740728,0.7788787,10.173506,1.1224132,0.0,,7.79078,3.309795,7.8038044,5.6983886,8.202796,12.678644,4.378813,,2.301669,18.109026,11.096216,3.5840564,,2.672453,2.4963272,0.17757042,,1.2148132,5.4428825,3.135266,5.7187448,8.90259,7.6530094,10.815337,4.409824,5.476875,28.80466,2.3483112,0.5702077,5.1757083,9.367013,9.291157,9.653228,17.18302,6.1848454,10.608288,7.9545455,,12.238951,2.7522306,1.9550349,2.397637,1.5542945,0.5034832,,8.1237755,2.9669485,,5.141759,5.2034845,3.09947,6.53071,0.7145981,8.95581,8.891227,2.8450477,13.406472,,13.822332,11.901099,13.856869,9.490982,2.560677,7.981178,4.4632673,4.2239056,2.3613162,0.57565475,,4.7187796,4.7685547,0.27262813,1.5120918,1.9965303,,1.9627199,5.106554,6.7717834,2.0860276,7.8853383,9.057674,13.944594,7.416898,2.0639343,5.5746093,3.6682358,1.4806343,0.4728743,4.0341444,,5.799889,1.6385902,8.444822,0.97287494,,3.6093333,1.1355748,2.547587,2.3322306,2.5192633,8.317561,9.886209,1.2423186,2.8633058,1.6978256,9.671982,15.6235,1.3787735,19.329748,3.7479947,,2.4318357,4.1246147,3.0574646,5.4971833,4.60177,9.187821,7.2953525,8.656371,1.99996,,,7.350796,,2.3361132,0.3627729,1.3341217,2.4718351,6.88738,,1.2470963,3.167671,,,,2.146666,4.6104493,8.417045,6.742503,19.49981,6.466333,6.703726,9.914271,,1.7983315,4.4609137,2.3471375,2.6375573,,3.4294872,8.989639,4.858654,7.0727477,,1.8573116,1.4940472,8.425251,3.366143,13.730755,7.0903964,6.1984196,4.1621737,3.229618,,3.816794,,12.547278,,
2000,9.23054,,1.2486844,0.0,2.8623362,3.5572317,3.7911916,1.6808606,18.114782,11.962843,4.6841884,3.1884604,16.95186,2.0677412,2.5192287,0.7399492,9.677853,1.0005869,0.0,,7.575148,3.419355,7.7087507,5.726578,8.849485,20.228542,5.72644,,2.0454013,17.658909,11.964674,4.154037,2.6252778,2.7704065,3.0395222,0.19472392,1.8426,1.0486705,5.547193,2.7837396,5.9730935,9.239264,7.369015,10.964397,4.494155,6.1247554,28.882433,2.4912345,1.4570884,5.621814,8.031167,9.283771,7.713383,19.722666,7.082153,10.845707,8.454936,,12.913582,3.024304,2.25504,2.9013634,1.5908915,1.1268741,,9.040734,3.6987178,,5.86807,,2.7256362,5.4691987,0.90036803,9.362165,8.170568,3.1172318,13.411641,,14.300846,13.4409485,13.444252,10.146503,2.6021662,8.852858,8.269548,3.9227335,2.1099176,0.9124711,,5.206684,6.024248,0.14691903,2.1511152,1.9450281,,1.6658428,5.4181237,7.5782495,1.7844075,7.973111,8.319437,13.512508,6.9956756,1.7114646,6.006808,3.3037627,1.6371758,0.4971907,4.13148,10.347826,5.463993,1.3550329,8.276041,0.96249616,4.3444977,5.1304593,1.200483,2.6342404,2.224075,2.5999029,7.511181,9.574507,1.3164269,6.219632,1.765082,9.569763,18.83129,1.4998934,20.162748,0.4883748,,2.3340633,3.9529676,2.8877552,5.480243,3.6912751,10.222531,6.739738,9.103838,1.5497239,,0.13671994,6.698404,7.3331485,2.2261775,0.30956224,,2.8982048,7.4544773,,2.0214586,3.125838,,,,2.7270515,6.238839,6.88988,6.7909408,21.374443,5.5026946,6.95417,9.968536,,1.6022669,4.643577,1.8428334,2.6804123,,3.1626506,11.579753,5.260144,6.9329977,,2.0715892,1.4261688,8.253548,3.3980567,14.182734,6.0352235,6.190303,5.882232,4.2796006,,4.246738,,11.978031,,
2001,8.918999,,2.1983674,0.0,3.287254,3.5680976,2.7128687,2.2119389,16.807404,13.618266,3.9879608,3.915034,17.132616,2.3932936,2.0451427,0.90719795,9.739094,1.285094,0.0,,7.392455,3.3098452,7.404722,6.014945,10.142413,19.811152,5.8248777,,2.3056958,16.29491,11.233473,4.4527836,3.5420403,2.3957214,3.678493,0.7318794,2.254284,0.64306796,5.849291,3.10348,6.3240156,9.354471,7.7467775,10.112311,4.5017214,5.974146,27.830847,3.347132,2.418097,5.630177,7.9635534,9.229479,7.1781883,17.605165,6.201759,10.959882,7.634855,,12.687775,2.9500072,2.423485,3.2960265,1.4962482,0.90537566,6.4601274,7.858989,4.0825624,2.6710541,5.935579,,2.9869275,5.1076703,0.7539782,9.652128,,2.9204805,12.319257,,14.745725,13.260622,13.696568,9.39908,2.9738243,8.455802,9.382912,3.828503,2.7178106,0.8443559,,4.6645107,5.5975957,0.14023934,2.099367,2.3919423,,1.7885644,5.606354,8.755826,2.0114417,8.6781435,7.731523,13.5695095,7.3449206,1.6762707,5.8910666,3.6636574,1.8182871,0.53349626,4.3120775,10.983606,4.0623155,1.5904241,8.892838,0.80969703,4.8831778,4.634027,1.3590409,2.5092978,2.1369607,2.8974936,10.96285,10.676805,1.0800979,6.686581,1.8003101,9.663382,18.93485,1.6913844,19.442596,0.4450691,,2.3977888,3.5721033,3.024614,5.551562,3.7477987,9.827417,6.016259,8.653524,1.3151331,,2.078754,5.8654413,8.120269,2.7440522,0.27515694,,2.5890017,7.688052,,2.4788833,2.9886835,,,,3.6325603,8.512982,6.949319,6.9743423,18.286003,5.115152,6.260631,12.788372,,1.5226718,4.743984,1.875,2.292795,,2.8248587,13.098905,5.5786576,7.317278,,1.7554622,1.6305435,8.731091,,13.170842,6.120632,5.6770034,4.537084,4.5655375,,4.155983,,12.634516,,
2002,8.582005,,1.8786117,0.0,3.4224741,2.722209,2.5395017,2.7921782,17.141973,12.525025,4.238826,3.8274024,17.026842,2.4914978,2.0840666,0.9339435,8.664164,1.1311339,0.0,,6.21818,3.2014194,6.8293285,6.445304,9.647513,19.052958,5.5422773,,2.511099,14.956862,11.755508,4.450847,3.8903232,2.3706532,3.6974645,0.9244066,1.9229769,1.3060575,6.9165993,3.1112852,5.9138746,9.321378,8.23812,9.665851,4.6639547,4.495,27.62148,3.1217327,2.3498688,4.925402,6.306169,9.713669,7.4789724,17.541048,7.39748,10.164256,7.7272725,,11.969551,,2.478767,3.0236073,1.6937447,0.7001084,11.435563,8.031737,2.979438,3.1577523,6.4217305,5.538101,2.938831,5.5683756,0.73796755,9.839549,,3.263105,11.742478,,14.604761,11.634004,12.860421,9.65647,2.7752476,7.4803433,8.52691,3.9299881,2.9177227,0.7270326,,6.7689524,5.429336,0.1553197,1.8482809,2.5587037,,1.8848245,4.716433,8.06109,1.9436975,8.8938055,7.3928537,13.808528,7.3993816,1.4748037,5.838969,3.9679022,1.6057396,0.48014337,4.3916435,9.924242,3.9214017,1.6635222,9.58357,0.8678916,5.2419953,4.6691303,1.5741705,2.6506524,2.2761564,2.5058553,10.626379,12.437003,1.2429165,3.645621,2.1624622,9.670409,18.48358,1.5397093,20.382532,0.616755,,2.6209803,3.420933,3.140349,5.2062507,3.6202455,8.725932,6.14838,8.487885,1.4213908,,0.25435168,5.3625093,7.084925,3.1596541,0.28128484,,2.8659992,6.560731,3.130881,2.3427503,3.7223625,8.251429,,,4.5076995,6.588609,6.5384808,7.2755656,16.372055,5.0813603,6.622187,10.327643,,1.5027462,4.8413587,1.7937219,2.4916618,,3.919598,10.991376,5.961276,5.9081006,,1.8007454,1.8753595,9.309563,,10.947911,5.837689,6.6712985,3.00328,4.6450095,,3.8446214,,12.094403,6.759907,
2003,9.289423,0.16595276,2.084368,0.0,3.3206048,3.8474302,2.117854,2.7119377,17.50387,12.354413,4.60333,3.814538,16.530418,2.2987273,2.2177813,0.9260428,6.202705,0.98222864,0.0,,6.0795174,3.4327042,,6.2237787,9.421016,25.934118,4.761814,12.0560465,2.0125532,14.720307,11.372685,4.2818694,3.4707358,2.03951,2.9790592,0.70337844,2.0710676,,5.909517,3.3853877,6.085312,7.6652393,8.668546,9.532459,4.822317,4.8367853,27.934994,3.2428281,2.3886597,4.7477055,,9.232224,8.021614,16.380339,5.805299,9.821508,7.3061223,,11.3677225,,2.6709669,2.2050798,1.750981,0.90549463,6.540474,7.3141446,2.975564,3.0559564,6.2189393,6.325532,3.0938678,5.506805,0.8214957,9.180325,,3.6935387,12.105266,,15.345379,10.879653,12.366885,11.014883,2.6058948,7.401832,9.648785,4.3143415,2.8388498,0.7564001,,6.077664,6.1378074,0.18235376,1.526363,2.6662118,,0.20175236,4.2781906,7.651198,1.8273326,10.616809,7.8543663,13.660735,6.9781237,1.1804904,6.1147733,4.3491797,1.6182497,0.34306082,4.4190774,11.755725,4.0094085,2.3045874,10.032518,1.2024331,5.205111,5.336039,2.158643,2.2242405,2.3369765,2.7588933,9.431369,9.616202,1.6872486,5.199834,3.045033,8.923773,18.235212,1.2254047,20.613276,0.6466877,,2.441476,3.1275601,3.8868406,5.1994452,4.0812902,9.131813,5.891977,7.560809,1.2625794,,1.2325515,5.845413,6.9246254,3.0053432,0.24713416,0.9383859,2.9793751,5.7507143,3.6318972,2.2446263,3.7609484,7.620041,,,3.4460647,6.535468,6.571003,7.4415493,16.997839,5.9961324,7.2579374,11.478239,,1.830756,5.2649665,1.5762925,2.6116838,,3.4909909,14.548805,5.963478,5.916898,,1.8778975,2.0417905,10.390966,,10.478182,5.3356023,5.600291,3.4331212,6.4706635,,3.7488458,2.962129,,6.986467,
2004,7.9757185,0.4116468,2.1549413,0.0,3.700912,4.8565335,2.7476788,1.6512283,18.176815,12.1348095,5.2168818,3.5434525,16.521696,2.4010184,2.2092943,0.95402205,5.525361,1.1063915,0.0,,6.7758937,3.5916157,,6.1141596,8.658731,24.167402,4.806122,11.09098,2.2544396,15.111351,11.395018,4.348805,3.6751125,2.0581198,2.7410622,0.8745829,2.0793002,1.459768,5.940451,3.2814953,6.028846,6.279137,8.623473,9.291675,5.1436653,4.4004946,28.547007,2.6040888,2.537541,5.346074,,9.608267,7.8686714,16.0836,6.5353518,9.937213,8.5,,11.919213,4.260396,2.926295,2.5662532,1.9593855,0.92442995,6.0580735,7.2479463,2.6587145,2.8907087,6.4647813,7.258747,3.64694,5.461452,0.91000736,8.68986,,4.0723453,12.546111,,15.42995,10.657805,12.337441,11.216892,2.6109514,7.923158,9.982743,4.481641,2.7970028,,8.057554,5.87195,5.8942094,0.1712622,1.4291195,2.84626,,0.69533515,4.2181177,6.9211965,1.6726307,10.362133,8.629676,12.047721,7.336109,1.1332531,6.363759,4.920392,1.8902333,0.309495,4.0752687,10.977444,3.5970325,2.3850641,9.731883,1.4439532,5.773845,6.10294,2.053145,2.6003032,2.4390283,2.9715695,8.991636,9.349225,1.7296822,6.4015884,3.4401255,8.652789,19.657875,1.3269832,21.42395,0.5984238,,2.3515265,3.2055063,3.9404666,5.2256765,3.920482,10.986459,5.921817,7.8867426,1.5306553,,1.39286,6.2088866,7.942793,2.7286372,0.46378174,,3.1999164,5.175562,4.986559,2.401031,3.824408,6.958217,,,3.9140446,7.3001647,5.96577,7.6642103,17.871351,5.9356656,6.4644713,9.58796,,2.3078482,5.865036,1.7050991,2.5850668,,3.45339,13.42376,5.949918,5.1036615,,2.1241395,2.2437773,8.867726,,10.709736,5.0488377,5.413266,3.8779893,6.114199,,3.5648537,2.8476803,11.814034,6.834847,
2005,8.633996,0.32086417,1.9613004,0.0,3.784284,5.0130463,3.2624245,2.2338884,18.23563,11.61972,5.3741117,3.459566,15.783019,2.2811055,2.446674,0.99830216,5.03869,0.12591605,0.0,,7.2923217,4.4289427,,6.8674355,9.44943,29.00785,4.6305466,,1.9725983,15.359166,11.713886,5.76818,3.9640415,2.674042,3.1668365,0.9163786,1.7813352,,6.014404,3.3854322,5.7485447,7.3390903,8.325677,9.597082,4.9860587,4.123337,29.85551,2.729223,2.9452333,5.575748,,10.351246,6.8921804,16.066235,6.399782,10.124893,8.24,,12.656708,4.1935215,2.8805957,3.417246,2.1994355,1.2077302,7.8278675,8.149888,3.072799,2.9922485,6.906186,7.824024,3.8348382,5.663251,1.0953532,8.593321,,4.3883514,12.439851,,16.973377,11.071828,12.3238945,9.980993,3.0466065,8.756921,,4.9964743,3.4846728,,7.9591837,6.0802693,6.3305826,0.22462386,1.6069764,3.2316506,,0.621118,4.68808,7.0756063,1.8105241,9.688508,8.919232,12.924834,7.257854,1.0809313,7.136646,4.4385424,2.0850494,0.4412061,4.204235,10.802919,3.5338323,2.7215116,10.075635,1.6893681,5.7268724,5.868996,2.2686546,3.4110873,2.878007,3.2570767,,9.820585,1.5124141,7.4045873,3.6891592,9.555568,20.899101,1.3076594,23.245068,0.5786698,,2.243974,3.5320952,4.884505,5.464166,3.7091398,12.171659,6.409801,7.7585526,1.4363279,0.207997,0.26711637,5.0896945,8.872695,3.0507843,,,3.5282333,5.482717,5.121136,2.3093898,4.5087767,7.086108,,,3.6734726,7.976445,5.8797727,8.198138,19.080818,5.7361083,5.5279536,7.1220894,,2.2123976,6.458756,2.096931,2.6338458,,4.0631166,18.148886,6.6652436,5.0472646,,2.1482372,2.5256236,9.609281,,12.0591135,4.9446654,5.7349935,6.093366,6.5374675,,3.6048265,2.773881,12.56418,6.601414,
2006,8.984393,1.2611806,2.0618744,0.0,3.8343868,4.8559074,3.7948265,3.5540626,18.028904,11.590006,9.431345,3.5040843,15.623172,2.300352,2.5076354,1.1078383,5.446051,0.13768324,0.0,0.93112755,7.4764767,4.370746,14.149628,6.7384377,9.696226,26.996782,4.9023643,,2.176766,15.851295,11.79137,6.6430926,4.0141163,,3.2802417,1.174042,1.6706084,,6.3662066,3.393475,4.489902,8.788125,8.319408,10.502918,5.239808,5.025,28.412096,3.0903697,3.1957438,7.431597,,10.997557,6.9724374,15.993916,7.666101,10.494218,8.379447,,12.883596,5.12873,2.7138538,3.2354565,2.552524,,8.852618,7.4528756,2.9709988,3.2126307,7.0436063,7.587378,4.486931,6.290618,1.0926431,8.907873,,5.234095,13.297181,,17.429243,12.271076,13.327339,10.602803,3.6738994,9.45895,,5.090807,3.0808437,1.1101917,8.219178,5.678097,6.6755466,0.19681032,1.7454076,3.5126147,,0.87537056,4.4733014,7.1159406,2.3151102,9.079829,9.529747,12.3647375,7.6814475,1.2149729,7.5324855,4.9307323,2.5283206,0.45330557,4.445603,11.197183,3.912328,2.4140227,10.807681,,4.83871,,2.7314458,2.5360942,3.3067105,3.2870154,,10.877314,1.807295,6.548633,4.02244,9.817705,21.36033,1.2282306,22.77298,0.5216541,,2.3280036,4.7393103,6.796879,5.7552214,3.653403,14.973178,6.990259,8.047494,1.2680748,0.23377115,2.1376793,5.760161,9.040601,3.4961555,,,3.4280803,5.581409,5.3988776,2.1920757,5.099375,6.5919657,,,4.1540084,7.4598236,6.009551,8.61469,18.189516,6.2002335,5.29262,6.6625195,,2.2507274,6.8645616,2.092321,3.18883,,4.5826235,,6.5644755,5.0443397,,2.344095,2.5293324,9.269659,,12.804134,4.968684,5.687865,7.029711,7.8635015,,3.3122807,3.2712436,13.607641,6.441998,
2007,6.532443,1.3234614,,0.0,3.9521422,4.9305077,3.8844397,2.833211,18.204426,12.084937,10.740101,3.6463242,15.381541,2.4220247,2.7248535,1.3092178,6.1070166,0.12692778,0.0,1.3885118,7.4106283,5.3093457,12.797911,7.096892,10.015678,30.19606,4.7960434,9.776476,1.7120864,15.922205,11.845788,7.991174,4.423239,,3.6853614,1.4769022,1.9497409,,6.276258,3.8271275,5.8059278,11.474989,8.492499,10.94581,4.780505,4.6871705,27.998138,3.7871175,3.4065068,7.4744077,,12.094494,7.296506,16.227976,7.3737373,10.195893,7.6653695,,13.023465,6.190258,2.9534233,,2.7771668,,6.7775064,7.444134,3.6539595,3.2191694,6.5249276,8.025959,5.0715895,6.808551,1.2245437,9.86481,,6.253527,12.870747,,17.403503,12.105461,14.026033,11.057008,3.8873615,9.859726,,5.318538,3.0571256,1.3705975,7.421384,5.565463,7.5448623,0.25168043,2.5631113,3.4948165,,1.6018254,5.0506163,7.7868705,2.5313704,9.709881,9.048313,12.364845,8.177986,2.1071222,8.384164,5.2391915,2.4252589,0.70666945,4.8165417,11.554054,3.9690096,3.6578233,11.945579,,5.4295278,,3.4659863,2.9273849,2.941306,,,10.927854,2.049064,5.243158,4.195687,10.088182,20.102755,1.6533086,21.998701,1.0074848,,3.103395,4.666299,7.5506816,5.9306417,3.5295918,15.867015,7.8984733,8.858718,1.3670621,0.3599682,3.2318478,6.221837,9.616143,3.866604,,0.7718818,3.3125787,5.4778547,6.257901,1.9466382,5.673054,6.6093354,,5.7641644,4.1087413,,6.086234,8.670175,17.479633,6.100458,5.2046366,6.7716956,,2.476723,6.7745996,2.3865414,3.0747316,,4.414716,,7.1579747,5.429384,,2.6292691,2.5894356,9.802133,,12.886366,4.9755135,5.374845,7.594986,,,4.7262506,3.342125,14.150293,6.81087,
2008,6.95618,1.6647189,,0.0,4.1816697,4.7599096,3.9224174,2.9831846,16.082169,12.670319,8.695219,3.4011133,15.710776,2.4438875,2.4917798,1.549432,5.6361346,0.18102825,0.0,1.1212354,8.307052,5.687507,13.000647,7.5518126,9.376955,32.187416,5.0074124,11.000846,1.2479447,15.427256,12.250302,6.8954678,4.713137,,3.5992513,1.9177738,2.0742457,,6.3296604,4.252117,5.7272024,10.688059,7.546191,11.349858,,4.244139,27.28051,3.5226977,3.8308504,7.1218367,,9.773682,7.68498,15.990528,7.2180204,10.260292,7.9467683,,12.564598,9.62929,3.0370216,,3.2459102,,7.3178673,7.348259,4.2403,3.1868143,,8.510455,5.016253,6.6311355,1.2738203,10.15708,,5.6746464,11.835666,,16.573427,10.322699,14.233581,11.5259,3.7524877,8.876544,,5.8147907,3.6751564,1.5580201,8.035714,6.5061407,7.3068457,0.27511358,3.1857548,3.5633938,,2.6296937,5.9187565,8.343478,2.4251578,10.542498,9.203464,12.594304,8.91047,1.7428246,10.362914,3.4917834,2.9143274,0.828146,5.092624,11.052631,4.16978,3.4001029,11.557428,,6.574283,11.516926,3.8381243,,3.665011,,,11.5098915,2.5047402,,4.2538266,9.798856,20.76474,1.7873302,19.859062,0.88450074,,3.136908,4.480434,7.2608914,5.9905105,3.5001824,13.813786,7.974122,8.975972,1.4647881,0.28777885,3.5685537,6.1365786,9.464828,4.3456063,,0.62651277,3.498526,7.02959,8.159498,2.3023756,5.836993,6.6832004,,6.0326943,3.958609,,6.398233,8.2255945,15.99509,6.540804,5.515223,,,2.131954,7.342178,2.5725482,4.276162,,4.0916033,,7.952877,5.4784045,7.105263,2.9605877,2.38456,9.823655,4.873833,11.828362,,5.5809774,5.8489475,,,4.4704027,2.8832784,14.68366,6.972827,
2009,7.438197,2.6086311,,0.0,4.060979,4.5584927,4.520729,2.9464414,14.577043,11.380319,5.367676,3.8849416,14.493308,2.3116364,2.4385493,1.5904652,4.8817015,0.12962319,0.0,2.2122343,6.759327,6.3479915,12.997116,7.032662,9.145588,20.690252,5.8009686,10.940759,1.4192082,15.454565,12.238941,4.718452,4.4578295,,3.979074,2.0224109,2.6128645,,5.9323363,3.9000027,5.140142,9.195759,6.8113523,10.486726,,4.1483727,27.691004,3.1178825,4.0222425,7.323552,,8.823059,7.393646,14.58346,7.448208,8.630247,8.035714,,11.899162,8.850792,3.4250293,,2.5208344,,,7.5862947,4.189797,3.1310446,,7.322969,4.536048,6.639322,1.1549696,9.45364,,5.6667123,11.277932,,14.749839,8.736614,13.662438,11.6842985,4.389278,7.625642,,5.92722,5.0993176,1.7271932,7.7647057,7.1474094,6.4644814,0.40005246,3.1538868,3.4463975,,4.066854,6.098938,8.195618,2.4397562,11.696382,5.8979254,12.781128,6.8535633,1.5982535,8.641156,3.1567101,2.4773135,0.8184544,4.8668394,7.4666667,3.1595044,3.6705666,12.129025,,5.8817635,7.889981,4.1846366,,5.1730227,4.1922054,,10.817933,3.306422,,4.6316023,9.840728,18.810745,2.133909,17.646906,1.7357659,3.628809,3.062364,4.6335363,5.914385,5.188917,3.610849,10.4520035,6.769337,8.311121,1.9756279,0.3123893,6.720514,5.664916,7.0931234,4.1954155,0.47230873,0.69142795,3.6226435,6.083323,9.109312,2.2026184,5.665265,6.6214123,,5.3960605,4.7402973,,5.5017786,7.5085287,15.470218,6.758463,6.9443326,,,2.4769335,6.609564,2.5796442,,,6.1809816,,7.6384883,5.6111155,7.7777777,3.211396,2.2318802,8.499665,4.810374,9.22579,,5.7207623,5.509444,,,4.281069,3.9430375,12.84952,6.55867,
2010,8.082878,2.5634131,,0.0,3.789956,4.7196207,4.3856854,2.9722025,14.819332,11.497734,4.756859,4.389362,14.6811695,2.2222447,2.6999466,1.6992884,4.548348,0.0,0.0,2.84721,6.9352393,6.9060974,12.302141,6.6584625,8.418361,,9.312538,10.904686,1.3022623,14.463018,11.931396,6.374917,4.3287497,,3.128021,2.2063367,2.3229885,,5.6954865,3.7778637,5.601293,8.954833,6.509955,10.053697,,4.56114,27.625446,2.7048955,4.1820345,6.039043,,8.74403,6.581643,14.406063,6.5257473,9.576808,8.484848,,11.955642,8.14774,3.898616,,2.5652888,,,7.1179347,3.5153387,3.0855803,,7.9714265,4.4242797,5.8988776,1.2533156,7.618057,,5.624605,11.121784,,14.257486,8.781605,13.625655,10.29755,3.2421489,7.919743,,6.101151,5.9491124,1.7012326,7.928994,4.4723897,6.26644,,2.559811,3.5369432,,2.3541238,5.6584024,7.2692623,2.045691,11.638424,4.5702615,12.892274,7.1416354,1.4216357,7.3802705,2.3514345,2.3500233,0.61366177,5.1143575,6.75,2.881337,3.867789,11.299589,,4.3328,9.993248,4.8883123,,4.478105,4.582509,,12.000387,2.4474564,,4.4643736,9.947167,19.661228,2.486206,16.61994,1.0908363,,3.203247,4.502707,6.492144,5.2047825,3.6277027,8.201177,6.3460703,8.120171,1.6232376,0.3810134,3.3277183,5.3296285,7.1865444,4.469669,0.35844538,0.6643547,4.114465,5.7024283,9.34251,2.8472211,5.6558976,5.8373494,,5.280424,4.6020346,,5.2368603,7.401636,15.298273,7.110841,8.887741,,,1.571322,6.31801,3.1572556,,,3.9689267,,7.6969795,5.2512636,9.142858,2.9337122,2.4937239,8.467008,4.967257,9.892362,,5.594351,3.6226594,,,4.5499673,3.094236,12.434207,7.5357966,
2011,7.5391784,2.5730975,,1.0390996,3.7706087,5.0535493,4.739426,2.2366536,15.5240345,11.631915,5.4721403,4.3213525,15.113707,2.2708554,3.5532117,2.0012808,4.493526,0.17449169,0.0,3.0333512,6.0418878,6.546249,13.7890415,7.1818213,8.290596,,9.146331,10.88648,1.5387598,14.578779,12.03773,7.4016957,4.7147803,,3.5026093,2.1798956,2.5651948,,5.866761,3.8323586,6.5283375,9.678215,6.707166,10.546228,,4.198078,27.530844,2.9501626,3.854577,6.2144947,,8.954814,6.277628,14.815301,6.525168,10.1228695,8.778135,,11.907684,9.353978,4.3508945,,2.949533,1.8706329,,7.3543587,3.5153465,3.4374766,,9.20969,4.978002,5.655806,1.3102243,6.1188226,,5.5786695,11.318784,,15.117388,9.034103,13.296209,9.893738,3.1843336,8.224749,,6.5408516,5.9869437,1.8430321,6.742857,3.8477845,6.9722824,,2.9682431,4.0254197,,0.7817932,5.882733,8.061446,2.0999296,12.519012,4.2965837,12.848912,7.191262,1.2733579,7.7137747,2.3695748,2.2813315,0.6536496,5.2688293,6.337209,2.8867738,3.6061225,11.706238,,4.572741,6.975987,5.9879794,,4.064381,4.6915946,,12.47614,2.7307818,,5.0842347,9.522279,20.354784,2.7659342,16.250006,0.94603664,,3.026193,4.1536064,7.5072656,5.637911,3.6562805,9.325266,6.4049544,9.106528,1.8449534,0.35630223,5.387243,5.4625063,7.168811,4.729965,0.3744018,0.5074831,3.9690495,5.849195,8.517469,3.641418,5.856833,6.769176,,5.221994,5.4888763,,5.352393,7.2058287,14.701686,7.0609765,12.041437,,,1.6807501,7.541846,3.2824504,,,5.0461135,,8.795997,5.3952847,9.926053,3.040513,2.4305818,8.870948,4.796753,10.976182,,5.936581,3.924895,,,4.7510905,2.658317,12.821692,9.344032,
2012,8.822901,2.4778004,,1.8322803,3.5063245,5.3113146,4.929636,2.3860803,15.762345,11.946089,5.5987873,4.6318717,15.368447,2.075731,4.0165963,2.2277143,4.484845,,0.0,3.1243944,7.268708,6.125206,16.003933,6.6766586,8.094005,,8.468153,9.410879,1.0848606,14.796347,11.969563,7.313016,4.725958,,4.14018,2.2920043,2.4461894,,5.7302647,3.7539423,6.199943,9.417799,6.84921,11.139834,,4.237805,28.290092,3.8673007,3.7610543,5.155164,,9.609118,6.6064634,14.525684,6.3980536,10.682094,8.685016,,11.325318,9.607375,4.784905,,3.348829,,,8.614987,3.4951146,3.4389296,,8.878535,4.7878366,5.5711303,1.7389894,6.7712455,,,11.864987,,15.350336,8.945944,14.231257,9.621657,3.0644228,8.661738,,6.554454,5.970606,2.2330327,6.5027323,3.651092,7.0794444,,3.602506,3.7920277,,0.42824718,5.345643,10.472821,1.9199713,11.199958,4.7669888,12.79977,7.353179,1.2807717,8.432846,3.7862153,2.0171926,,5.077025,6.243094,2.8497782,4.146538,12.162575,,5.460547,5.3630004,7.9263506,,4.1180477,4.2911835,,11.883328,3.4487667,,5.2853537,9.01563,19.925325,2.9176435,17.588137,1.0512065,,3.3019204,5.7318573,7.7989707,5.8090215,3.322659,12.685928,6.6024323,8.567801,1.9723091,0.26051903,7.3227324,5.157492,6.7559385,5.2439837,0.4493272,0.634638,4.259128,6.0673156,8.861177,4.686848,5.295988,6.461774,,5.7752666,,,5.437547,6.880636,14.47423,5.383708,10.451577,,,1.5561442,6.9858747,,,,3.1704261,,8.01242,5.407023,8.40921,3.5532322,2.7155344,8.819515,4.864239,11.206696,,6.2105775,4.3253365,,,5.137276,3.2953055,12.822998,7.8272595,
2013,8.33504,2.4778817,,1.6777437,3.4136882,5.5457335,8.667463,2.6489968,15.687966,12.28488,5.5601387,3.8295083,15.974802,2.1722398,4.200313,2.395407,4.8593698,0.12930119,0.0,3.1015232,7.463612,6.0802803,17.503635,6.7626867,6.8341603,,7.887885,11.429335,,14.81337,12.106126,,4.8560376,,4.161929,2.425583,2.9525695,,5.5916615,3.9839838,6.858895,9.486696,7.0064383,11.3798,,4.260223,29.27623,4.1319866,4.034885,6.0097013,,9.568551,7.176617,15.072851,5.29502,11.145155,9.305994,,11.20852,9.585563,4.3939734,,2.7979946,,,7.791132,2.9059548,3.852541,5.513748,8.511508,5.1395154,5.9327817,1.470288,6.6190577,,5.8810506,11.868149,,16.017927,9.439733,14.465591,9.0742035,2.7870662,9.34425,,7.024353,4.846958,2.5461087,6.125654,3.4725075,6.7816124,,3.2466693,3.5402422,,,4.9753523,5.6038485,2.0693996,11.283229,4.927189,12.779098,7.4270563,1.2035341,7.790478,3.5623636,2.0806978,3.7149684,5.880704,6.4324327,2.928923,,12.629167,,4.907793,5.8255234,9.652209,,4.218213,4.652454,,11.046388,4.95076,,5.462465,8.945997,18.061829,3.2928157,17.281898,1.1399653,,3.6990905,5.7053685,7.1890583,5.961209,3.2552266,12.254563,6.3533125,10.947251,1.8615265,0.29843912,6.801508,5.526842,6.227368,6.096299,,0.5731097,4.000461,5.711383,9.674745,4.334491,5.9888134,6.464302,0.013079222,5.2625494,,,6.0014257,6.2684946,14.812514,6.328002,5.5060587,,,2.0099902,7.303106,,,,3.8796415,,8.696225,5.086494,11.116,4.042554,3.0824447,8.677667,5.34324,11.971521,,5.3966513,4.171887,4.2020564,,5.546692,,13.125034,6.485122,
2014,8.88711,2.7973287,,1.5722024,3.6115165,5.8921967,8.461605,2.1504743,15.801444,12.526928,5.5630865,3.1875753,16.032768,,3.8387604,2.3502011,5.089539,0.11956348,0.0,2.99319,6.670654,6.4038877,16.999702,6.6075,7.3782716,,8.526942,11.450299,,15.034852,12.009323,,4.952271,,4.364445,2.8529575,3.288713,,5.0164275,3.8979228,7.4328012,9.355946,7.034717,11.379982,,4.1921706,32.264057,4.2758713,4.079592,5.3925066,,9.6910925,7.375399,15.214817,5.6547422,10.8707695,16.332289,,11.011597,8.892173,4.6384134,,3.1086164,,,8.582907,3.6529865,3.9417932,6.008311,8.832591,5.145071,5.585527,1.6745269,6.807127,4.3424788,5.5117564,11.797961,,17.277676,9.367714,13.837057,8.735828,2.9294395,9.625906,,7.4883814,4.3264937,2.91358,5.8375635,3.6669254,6.8044147,,2.9307115,3.8555665,,,4.6323705,8.1615925,1.8385969,11.164362,4.989366,12.486994,7.4536357,1.4393146,7.6237636,3.6540508,2.0217035,5.291313,5.6007433,6.3186812,3.2977593,,12.310136,,5.263158,4.953423,11.346919,,4.2685294,5.066593,10.39232,12.768104,3.8982544,,5.8471503,9.481059,16.383667,3.3866699,17.358206,,,3.1453137,4.9243803,7.5663905,5.942827,3.3133085,11.865712,6.3955116,10.547534,2.043035,0.28187358,6.2345304,5.770382,,5.7442493,,0.70342636,4.07671,5.994215,8.470163,3.913713,5.924956,8.938929,0.018487396,5.5372925,,,6.488873,6.4766912,14.855991,7.72716,5.1250477,,,1.9374733,6.6634192,,,,3.613551,,9.321147,5.1684623,10.276977,4.4786325,3.0378244,7.2722483,4.9927287,12.362255,,6.7289762,6.1982527,3.7067044,,5.5848103,,13.589914,,
2015,9.313725,3.2404225,,1.5539807,3.9507296,6.4579005,8.470306,2.4794126,15.95096,13.011855,5.8734827,,15.73585,,3.3764405,2.2426863,5.2620983,0.11014989,0.0,3.029716,6.768877,5.7812033,13.698137,6.6879044,7.980671,,7.844859,9.558346,,15.8176565,12.632292,,5.16565,,4.557215,3.294396,4.9506054,,6.092836,4.1340027,7.661506,8.858114,7.129538,11.614411,,4.109589,29.744225,3.7049825,4.970553,5.0381494,,9.5209875,7.7881346,15.313764,6.1607933,10.668149,9.398734,,11.072237,9.572418,4.1247015,,2.9309845,,,8.270161,3.7778604,3.6535525,6.166644,8.560302,5.427748,5.4292793,1.8344841,6.938205,4.796184,5.3272333,10.114787,3.3515456,16.486546,9.663696,13.648702,9.037294,3.1339197,9.473741,,7.3959384,5.057783,3.366934,,4.9091964,7.1864295,,2.827792,3.836042,,,4.717008,9.614269,2.2701106,12.003233,5.3911557,12.949324,7.4605527,2.211671,7.3235483,3.8103242,2.1277277,4.234564,6.6258225,6.4673915,4.4547496,,11.869431,,4.870041,5.1147027,9.064484,,4.7022133,5.2430854,8.629065,12.681227,3.103914,,6.1296606,10.267852,15.18678,3.5553176,17.772964,,3.084244,3.857875,,6.175643,6.068498,3.2193222,9.800629,6.509863,10.440152,2.078268,0.22435895,6.301668,6.188867,,6.1766047,,0.65172184,4.1451564,5.8762436,9.228223,4.146724,5.906274,7.2038894,0.031091474,5.3827243,,,6.9171805,6.556153,15.433475,7.3841033,4.6864696,,,2.9386744,6.5136695,,,3.343789,4.4051824,,8.549432,5.067926,,3.8662848,3.5251358,6.991864,5.2477827,12.713057,4.6043363,6.106403,4.726487,3.987671,,5.3746076,,13.726509,,
2016,9.398989,2.0582123,,1.6366428,2.946368,5.310146,9.376809,1.9484146,16.334429,11.681779,5.178155,,15.392353,,3.7877517,2.1715746,5.3967953,0.056630414,0.0,3.2515514,6.850141,5.7938237,,7.227686,8.913764,,7.600002,10.217859,,16.008028,12.644646,7.0615005,5.2200212,,3.8483546,2.5044188,5.1542892,,6.061937,4.417909,8.775747,8.593142,7.543601,12.014968,,4.3316197,28.855444,3.8655932,4.31776,5.0540524,,9.433158,7.485148,15.140816,7.086541,10.656994,9.728915,,11.540482,9.682721,3.6813998,,2.8436093,,,8.9595175,4.4417305,3.850102,6.54656,8.158683,6.0009437,5.8432083,1.7991916,7.4137893,5.080645,5.4561405,10.323036,3.241499,17.099342,9.74061,13.462832,8.995521,3.335334,9.266661,5.465057,,4.6717095,3.634564,,4.6446404,7.7256174,,2.6102087,3.910373,,,4.994838,8.789171,2.0202708,12.016944,5.592929,13.242189,7.928032,2.1395166,7.6375184,4.0693345,2.344991,4.0832095,7.08982,6.8656716,4.203136,,12.630244,,5.1846232,4.358301,8.4426365,,4.283962,5.2724257,,12.497781,2.7790506,,6.550926,10.446016,14.703622,4.3775563,18.036861,,3.3957264,4.1044917,,6.1169147,6.08772,3.308405,8.127556,6.7046547,9.806019,2.156415,0.20732488,5.7033706,6.1245475,,6.2910085,0.6006011,0.47046047,4.5784087,5.9764876,8.329366,5.185978,6.817548,6.5306344,0.057170082,5.684317,,,6.984847,6.8399005,15.983948,8.097444,10.624992,,,2.126033,6.1277404,4.352984,,3.8885524,3.8370848,,7.749626,5.313965,,4.1740274,3.6886954,8.342741,10.305577,12.372745,4.407596,7.086403,0.0,4.504345,,5.182353,,13.961945,,5.225006
2017,8.816622,2.1802616,,,,5.2508774,8.438811,1.8691221,17.134274,11.840636,4.728596,,16.006357,,3.9519448,2.2587378,5.6789637,0.057695143,0.0,3.6142528,7.113584,5.910388,,6.959439,7.553234,,6.827557,8.280977,,15.990346,13.22625,7.745286,5.3178024,,3.5377898,2.4408357,4.3165197,,6.5235524,4.548331,10.253379,9.025699,7.6420617,12.27228,,3.6789773,29.052149,4.0312824,3.895853,,,9.617872,7.1744986,15.202761,7.666796,10.957139,13.923706,3.126057,11.535855,9.016976,4.456773,,2.711642,,,8.820087,4.626522,3.34899,6.9046545,7.7530136,6.144611,5.601824,,7.2885265,4.3855777,,9.941097,,18.3196,11.395592,13.335961,8.220994,3.174802,9.520502,5.6492543,7.3964367,4.5981345,4.228289,,4.6843576,8.138344,,2.3489695,5.2556524,,,4.714339,8.633455,1.9083581,11.326387,5.516858,13.680361,8.169612,1.9701399,8.011105,4.38778,2.442332,3.6594534,7.1666927,6.972555,4.3196473,,12.694454,2.3398237,4.5359387,5.7478013,11.492446,,4.605751,5.911268,,12.313925,2.562585,,6.893172,11.618433,15.037,4.7114615,17.980577,,3.3349063,4.3221216,,5.665461,6.1923394,3.7702413,7.3315682,6.9337006,9.632325,2.3035557,0.34158412,4.519092,5.760997,,6.344993,0.5221486,0.4851477,4.468579,6.7542624,8.505634,4.318156,6.8971424,8.137472,0.07540475,6.31959,,,7.038056,6.8751807,16.105694,8.280162,11.003127,,,2.3208363,5.770375,4.7692213,,,3.4086444,,8.3383875,5.2751126,6.6111865,3.9920104,3.7759995,8.685546,6.7125335,12.005177,4.08,6.6226416,0.0,4.6234508,,5.2155447,,14.014893,,5.6768765
2018,8.705513,3.6454294,,,4.356363,5.0661473,9.107667,1.8074954,17.677761,12.39592,4.36498,,16.145905,,4.273051,2.2998974,5.619049,0.080276236,0.0,3.6918528,7.145967,6.2203026,3.8044026,7.00719,8.237492,,8.044908,,,16.435999,13.050391,8.137511,5.3720307,,3.821041,3.290699,1.8300562,,6.109366,4.718233,11.088056,9.054671,7.8914523,12.594393,,4.5460615,27.661585,3.9661489,4.8017726,4.434422,,10.137566,7.4388404,14.779707,6.5904427,11.598287,28.880596,3.1807346,11.469556,8.932263,5.2963405,,2.5458071,,,9.17141,4.885714,3.7660024,7.863469,8.326782,6.3151307,5.7976336,,6.712188,4.62938,,10.187887,,17.992737,9.981346,12.9565,8.5397415,3.1335044,10.076024,6.308685,7.0365267,4.689613,4.0777383,7.822289,,9.113593,,2.4225721,5.4371114,3.5232842,,4.839755,8.934083,2.0222163,11.997597,5.7665296,15.620942,7.028603,1.7554889,7.9890013,4.9394646,2.560162,3.322874,7.105445,6.7864866,4.887445,,12.29658,0.8347189,4.953892,6.41753,10.048216,,4.6638417,5.8493996,,11.549869,2.3611033,,7.118867,11.469056,16.336355,,18.584633,,3.5971222,3.6886988,,5.8992176,5.6686006,3.809068,7.7060637,7.382247,9.802809,2.2811372,0.31612468,4.420542,4.548208,,6.8076043,0.5354855,0.49929255,4.6963997,6.0531387,8.075913,4.925679,6.9466968,7.0672894,0.18216479,6.182313,,,7.087697,7.2987466,15.762219,8.43795,11.974024,,4.1727734,2.55986,5.954982,4.828382,,,4.6008573,10.446864,7.947001,5.7908697,7.5,3.9256294,3.7961469,9.43973,6.977304,11.363428,4.0281296,6.1976547,,5.007847,,5.1250796,,13.811824,7.379304,4.487752
2019,8.076285,3.130112,,,4.740661,5.0590253,9.0354395,1.736655,16.306837,12.560751,4.271393,4.1693754,15.006277,,4.753278,2.2666988,5.648529,0.20618328,0.0,3.5333142,7.416336,6.062487,,7.2801127,7.210268,,7.808348,,,16.089167,13.417351,8.241492,4.813959,,3.7954013,3.188497,2.431297,,5.985888,4.9028835,11.850756,8.893251,7.9170213,12.574987,,3.8885524,30.555794,4.2084637,4.249991,4.4689064,,9.926673,7.349865,14.787916,6.028244,11.572118,22.8125,4.1671195,11.246841,8.830122,5.5682836,,2.8911602,2.7393289,,8.5311775,4.6214895,3.655596,8.760648,8.295191,5.668398,5.937857,,6.3902187,4.491472,,9.968969,,17.533205,9.790278,13.350347,8.833898,3.193514,9.678007,5.887884,6.6947393,4.816323,4.586601,8.528609,,9.045738,,2.3635807,5.7071676,3.6038961,,4.5242305,9.389656,2.6880784,11.540494,8.768438,15.516116,6.603455,2.1502502,7.8894095,4.5260744,2.8168797,3.3608086,6.930218,6.889091,4.374295,,12.434041,2.0875056,5.110079,6.8394637,15.025208,,5.2776175,5.605018,,11.811645,2.2755227,,7.918022,12.176667,16.225698,5.519665,17.171957,,3.6989796,3.4801545,,6.030116,5.967367,3.8787036,7.2396355,7.539419,9.442263,2.5402274,0.32310927,,4.5328283,,6.880548,,0.4286236,,6.323885,7.602408,5.15098,6.9986234,7.563751,0.18041635,6.346796,,,7.049866,7.2210684,15.290665,8.740469,10.797546,,,2.8198104,6.1100054,4.821135,,,4.699596,11.917709,10.154071,5.6017613,6.923077,3.653295,4.0585775,9.875676,6.8294153,11.612604,5.966773,5.6933713,,5.07331,0.0,5.506231,,13.76428,7.9148207,3.0116932
2020,8.347603,2.630407,,,3.7747436,5.3503323,9.059566,2.3578918,17.67167,11.703889,4.8265314,4.1400385,15.030251,,4.4238577,2.3781967,5.653282,0.05098619,0.0,3.4926155,6.5558763,5.7451925,,6.9074283,9.765666,,6.236911,,,17.039055,13.035075,5.7016063,4.6777844,,,2.643571,2.9689248,,5.5274262,4.524559,10.6034355,9.199361,7.502428,11.880527,,4.1954446,30.748743,4.19597,4.4845424,4.663183,,10.714327,7.652969,14.687571,5.2623243,11.981136,9.538835,4.1174498,11.722458,8.618547,5.377105,,3.0033216,,,7.9266043,4.792332,3.6064801,,7.9041986,4.2338333,5.929583,,6.5395145,3.8471503,,9.745098,,18.570763,9.793165,13.959402,7.9124146,3.5162103,10.004415,4.8295074,6.598958,5.3755274,5.4574223,8.55322,4.589615,8.581349,,1.8956469,4.327624,4.9390845,,5.5851455,15.189558,1.5045615,10.661816,8.632456,14.4635105,6.6711693,4.4207935,20.027437,4.650485,2.6406317,2.638573,7.546445,6.789754,4.3479624,,12.322455,,5.876732,6.050205,10.102907,,6.0581903,5.7464385,,12.242262,2.5407817,,7.5115757,12.279512,13.592425,5.7088428,20.203089,,3.5883048,3.642922,,5.5769672,5.824136,4.357752,6.870266,7.5222273,9.749124,2.4886365,0.28584373,,4.396029,,,,0.36143285,5.084746,6.861073,7.278688,4.987722,7.58295,7.5060687,0.23536249,5.961278,,,6.995515,7.205142,15.136458,8.499107,10.764936,,,,5.8272743,4.2604637,,,4.698741,9.193728,10.035204,5.2268257,8.266666,4.2989416,3.9970741,9.795748,6.934567,11.618609,7.466061,6.0928845,,4.7737446,0.0,5.5356646,,12.924084,8.832622,4.5240955
2021,5.0929236,,,,3.970853,5.081878,8.34035,2.0997987,,12.732249,4.47242,4.59715,15.143954,,5.1641574,2.4729583,,,0.0,3.3915179,,4.5153522,,7.821162,8.577298,,7.401935,,,16.324354,13.602247,7.748323,4.8938923,,,3.8871112,,,,5.1499343,8.170092,10.006661,6.3112464,12.867412,,3.462069,30.7438,4.8769507,4.1213994,,,11.432234,8.355293,15.569008,4.9782147,12.092733,8.64532,,12.839556,7.9846005,6.092161,,3.1006126,,,8.137609,4.071716,4.2212477,,,4.323857,5.1075315,,6.4073577,4.0047116,,10.494596,,17.548819,11.668223,13.711317,7.560889,3.6332285,10.383418,5.873623,7.2465315,5.402943,5.3729644,8.681391,,9.921525,,2.3379424,1.7725954,5.585637,,5.1795883,,1.6173058,10.795488,9.665991,14.649524,6.8148355,3.1713114,7.273271,4.607043,2.6363904,3.3001435,7.375149,,4.372492,,13.109792,,5.206862,7.610982,9.781104,,5.4395437,5.4175005,,12.15489,2.5269737,,8.268835,12.53077,20.106842,5.8915644,19.658314,,3.8200552,4.0871925,,6.749337,5.4472685,,6.8787136,7.9753103,9.296056,2.5624502,0.3861542,,4.8146257,,6.423611,,,5.0329657,6.5158753,,5.261548,7.6079617,8.308403,0.20713162,6.643832,,,7.1311398,7.3830733,15.325326,8.820662,10.596888,,,,5.714214,4.6499662,,,4.4987373,8.979221,,6.295479,6.75,3.7151704,,9.407877,6.9206,12.624668,7.980769,6.11465,,5.412736,0.0,5.951969,,14.7415495,9.485928,6.382549
2022,6.0610905,,,,,,,,,,,4.405628,,,,2.5908194,,,,,,5.881356,,,8.313477,,,,,,,,,,,7.164687,,,,,,,,,,2.8467596,,4.4622445,,,,,,,,,,,,,6.2341228,,3.2256732,,,,4.283054,,,,,,,,5.094436,,,,,,,7.911103,4.470887,,7.4215593,7.1588745,7.446775,,,,,,2.200092,,5.0327125,,4.8009243,,2.2542846,10.2790575,,,,,8.395663,5.39576,,,,,,,,,,,11.200711,,5.0535784,3.83172,,12.002653,2.5647726,,,,,5.5033107,,,4.215719,,,,,,8.031392,,,,,,,,6.523395,,,5.850447,,7.5493436,5.1995277,,9.33125,0.22922285,,,,,,,8.836904,8.722525,,,,,4.8903136,,,3.695444,15.354447,,,5.9770117,4.2040358,,,,,,,,,,6.0396495,,,9.91076,
