Date,ALB,ARG,ARM,AUS,AUT,AZE,BEL,BGR,BIH,BLR,BOL,BRA,CAN,CHE,CHL,CHN,CZE,DEU,DNK,ECU,EGY,ESP,EST,FIN,FRA,GBR,GEO,GRC,HRV,HUN,IRL,IRN,IRQ,ITA,JPN,KAZ,KGZ,KOR,LTU,LUX,LVA,MAR,MDA,MEX,MKD,MNE,NLD,NOR,OWID_CZS,OWID_SRM,OWID_USS,OWID_WRL,OWID_YGS,PER,POL,PRK,PRT,ROU,RUS,SRB,SVK,SVN,SWE,TJK,TKM,TUR,UKR,USA,UZB,ZAF
1275,,,,,,,,,,,,,,,,,,,,,,,,,,0.8052434,,,,,,,,,,,,,,,,,,,,,,,,,,,,,,,,,,,,,,,,,,,,
1305,,,,,,,,,,,,,,,,,,,,,,,,,,0.5767877,,,,,,,,,,,,,,,,,,,,,,,,,,,,,,,,,,,,,,,,,,,,
1355,,,,,,,,,,,,,,,,,,,,,,,,,,0.41423276,,,,,,,,,,,,,,,,,,,,,,,,,,,,,,,,,,,,,,,,,,,,
1405,,,,,,,,,,,,,,,,,,,,,,,,,,0.36213985,,,,,,,,,,,,,,,,,,,,,,,,,,,,,,,,,,,,,,,,,,,,
1455,,,,,,,,,,,,,,,,,,,,,,,,,,0.49456882,,,,,,,,,,,,,,,,,,,,,,,,,,,,,,,,,,,,,,,,,,,,
1555,,,,,,,,,,,,,,,,,,,,,,,,,,0.39854214,,,,,,,,,,,,,,,,,,,,,,,,,,,,,,,,,,,,,,,,,,,,
1605,,,,,,,,,,,,,,,,,,,,,,,,,,0.6489647,,,,,,,,,,,,,,,,,,,,,,,,,,,,,,,,,,,,,,,,,,,,
1655,,,,,,,,,,,,,,,,,,,,,,,,,,0.61695576,,,,,,,,,,,,,,,,,,,,,,,,,,,,,,,,,,,,,,,,,,,,
1705,,,,,,,,,,,,,,,,,,,,,,,,,,1.0067112,,,,,,,,,,,,,,,,,,,,,,,,,,,,,,,,,,,,,,,,,,,,
1755,,,,,,,,,,,,,,,,,,,,,,,,,,1.7033753,,,,,,,,,,,,,,,,,,,,,,,,,,,,,,,,,,,,,,,,,,,,
1805,,,,,,,,,,,,,,,,,,,,,,,,,,1.368851,,,,,,,,,,,,,,,,,,,,,,,,,,,,,,,,,,,,,,,,,,,,
1855,,,,,,,,,,,,,,,,,,,,,,,,,,1.2389325,,,,,,,,,,,,,,,,,,,,,,,,,,,,,,,,,,,,,,,,,,,,
1865,,,,,,,,,,,,,,,,,,,,,,,,,,1.171149,,,,,,,,,,,,,,,,,,,,,,,,,,,,,,,,,,,,,,,,,,,,
1961,0.6626,0.7343,,0.42900002,2.2296002,,,0.98410004,,,0.5,0.7341,0.7313,3.1031003,0.84950006,1.0,,2.0012,2.8131003,0.5062,,0.72400004,,1.3479,1.3278002,2.3786001,,0.88540006,,1.1077,1.6745001,,,1.6077,1.7865001,,,1.2,,,,0.5005,,,,,2.5211003,3.0905,2.1471002,,0.89710003,1.1605,1.0611,1.0,1.7123002,,0.3995,1.1626,,,,,2.4419,,,0.87420005,,1.1122,,0.17780001
1962,0.63290006,0.56920004,,0.41360003,2.2367,,,0.8211,,,0.5,0.7701,1.2057,3.9791002,0.91050005,0.83330005,,2.4645002,2.9476001,0.3864,,0.93100005,,1.2401,1.4648001,2.4968002,,0.8956,,0.9649001,1.2559,,,1.6659001,1.9239001,,,1.0600001,,,,0.52900004,,,,,3.1758,2.2485,2.079,,0.9046,1.1478001,0.9548,0.9896,1.4223001,,0.5546,0.97730005,,,,,2.3820002,,,1.0299001,,1.2893001,,0.12960002
1963,0.5834001,0.8212001,,0.41250002,2.0702,,,0.98100007,,,0.5,0.72270006,1.2319001,3.0366004,1.1005001,0.86670005,,2.5081003,2.7599,0.4013,,0.96760005,,1.6265001,1.5325,2.6304,,0.87470007,,1.0322,1.3212,,,1.4603001,1.8202001,,,0.96000004,,,,0.45000002,,,,,2.9712,2.2707,2.0630002,,0.71150005,1.0945001,0.9936,0.9896,1.6254001,,0.6775,0.97510004,,,,,2.0604,,,1.2987,,1.1524001,,0.19350001
1964,0.6747,0.8424001,,0.48160002,2.3325002,,,1.1057,,,0.5,0.804,1.1136,3.6932,1.1478001,1.0,,2.7930002,3.1484,0.5389001,,0.85260004,,1.5941,1.7652,2.9891002,,1.0222001,,1.0707,1.6471001,,,1.6762,1.8571,,,1.1800001,,,,0.36670002,,,,,3.3693001,2.628,2.1422,,0.7293,1.1018001,1.1146001,0.9896,1.5812,,0.53580004,1.011,,,,,2.9273002,,,1.0500001,,1.2026,,0.1744
1965,0.50210005,0.7397,,0.4068,2.0159001,,,1.1153,,,0.6,0.78760004,1.401,3.3255002,1.1948001,1.1538001,,2.4281,3.0176003,0.52870005,,0.8881,,1.7152001,1.7538002,2.9293,,0.98090005,,1.1701,1.6135001,,,1.7439001,1.7952,,,1.11,,,,0.45970005,,,,,2.5538,2.5408,2.0032,,0.91450006,1.2438002,1.0685,0.9455,1.8442,,0.661,1.2223,,,,,2.8361003,,,1.0616,,1.4193001,,0.08490001
1966,0.67090005,0.6424,,0.44480002,2.5221002,,,1.3535,,,0.55,0.77550006,1.4892,3.4519,1.6057,0.9286,,2.4221003,2.9610002,0.44950002,,0.8493,,1.2766,1.8032,2.7618003,,1.0941,,1.1024001,1.94,,,1.7935001,1.7857001,,,1.6800001,,,,0.3684,,,,,2.5652,2.2097,2.0006,,0.8709001,1.2067,1.2482,0.94180006,1.7780001,,0.5127,1.0921,,,,,2.1769,,,1.1612,,1.3671,,0.061200004
1967,0.77250004,0.6236,,0.29930001,2.7201002,,,1.2182,,,0.55,0.77140003,1.097,4.0765004,1.3000001,1.0,,2.9914,3.1597002,0.54670006,,0.84480006,,1.6895001,1.9669001,2.7394001,,1.1152,,1.1006,1.7637,,,1.7800001,1.7949001,,,1.47,,,,0.52290004,,,,,3.2575002,3.2801003,2.1598,,0.9411,1.3086001,1.2391,1.0198001,1.7886001,,0.7318,1.1314001,,,,,3.2206004,,,1.2245001,,1.4141,,0.097
1968,0.6729001,0.59580004,,0.51390004,2.9059,,,1.003,,,0.55,0.82390004,1.2065,3.8867002,1.1413001,1.0,,3.0189002,3.3980002,0.62950003,,0.97110003,,1.8494002,2.0095,2.5111003,,0.9754001,,1.2494001,1.8519001,,,1.7983001,1.6667,,,1.5201,,,,0.70000005,,,,,3.1944,3.3631003,2.2829,,1.0358001,1.4055,1.0455,0.9691,1.9795,,0.8334001,1.0996001,,,,,3.0816002,,,1.1884,,1.4476,,0.0636
1969,0.8363,0.7135,,0.3314,2.9896002,,,1.1723001,,,0.4,0.8431,1.1211001,3.8312001,1.21,1.0,,2.8352,3.2849,0.4444,,0.9782001,,1.7997,2.0079002,3.0689,,1.0578,,1.2831,3.0864,,,1.8605001,1.7500001,,,1.72,,,,0.53330004,,,,,3.3369,3.0889,2.4911003,,1.0664,1.4419001,1.0928001,0.91510004,1.9567001,,0.7088,1.1221,,,,,2.5491002,,,1.1979,,1.4685,,0.0737
1970,0.9215,0.5015,,0.5443,2.6559,,,1.2606001,,,0.4,0.8274001,1.4271001,3.9113002,1.2931,1.0385001,,2.6843002,3.0055,0.4,,0.8263,,1.9939001,2.1259,2.9676003,,1.2658001,,1.0415001,3.0769,,,1.94,1.7500001,,,1.6199001,,,,0.887,,,,,3.0438,3.1788,2.0703,,1.1652,1.3820001,1.1339,0.8416,1.5920001,,0.6736,0.9509001,,,,,2.8616002,,,0.9692001,,1.6204001,,0.29170004
1971,0.8633,0.5916,,0.5285,3.088,,,1.2576001,,,0.5,0.83790004,1.4374001,4.2892003,1.3903002,1.0236,,3.1232002,3.5410001,0.4,,0.92350006,,2.0,2.2858002,2.8246002,,1.3160001,,1.4197,3.0864,,,1.8636,1.7500001,,,1.7,,,,0.5895,,,,,3.4806004,3.6990001,2.6493,,1.2105,1.5857,1.2217,0.8696,2.1094,,0.7494001,1.3718001,,,,,3.6945002,,,1.3664001,,1.7645001,,0.24000001
1972,0.93230003,0.9243,,0.31920004,2.7939,,,1.2858001,,,0.5,0.8043,1.3379,4.1254,1.3481001,1.0156,,3.2368002,3.6342,0.41670004,,0.9461,,2.0034,2.6083002,2.9815001,,1.3898001,,1.4375001,2.7473001,,,2.1202002,1.9091,,,1.7336,,,,1.8519001,,,,,2.7815,3.4698002,2.7339,,1.0625,1.5706,1.1538001,0.8134001,2.2998002,,0.7289001,1.3942,,,,,3.4192002,,,1.2080001,,1.6891,,0.21210001
1973,0.8768,0.93450004,,0.2851,3.2499,,,1.2546,,,0.5,0.81750005,1.4151001,4.0519,1.3519001,1.125,,3.0878003,3.3621004,0.5,,0.94000006,,2.3885002,2.6908002,3.2,,1.2264001,,1.6591,1.9802,,,2.1132,2.0,,,1.6905,,,,1.8640001,,,,,3.3865001,3.5882,3.0799,,1.3805001,1.7547001,1.2292,0.86230004,2.4205,,0.6467,1.2,,,,,3.4135,,,1.1311,,1.6219001,,0.18750001
1974,0.93820006,0.81670004,,0.30420002,3.3746002,,,1.4105,,,0.5,0.89290005,1.4633001,4.6171002,1.3764001,1.1667,,3.3522,3.6681004,0.5,,1.0201,,1.8311001,2.8571002,3.5000002,,1.529,,1.6736001,2.2222002,,,2.0784,2.0,,,1.2627,,,,1.7500001,,,,,3.5146003,3.8775003,3.0848002,,1.3965001,1.7400001,1.3187,0.84470004,2.512,,0.68070006,1.3063002,,,,,4.0516005,,,0.9333,,1.4016,,0.1429
1975,0.88890004,0.91220003,,0.46660003,2.9231002,,,1.0990001,,,0.75000006,0.93160003,1.6511,3.9380002,1.2729001,1.3636,,3.0296001,3.2705002,0.5,,1.0571,,2.1463,2.7748,3.1667001,,1.5666001,,1.4102,2.4221003,,,2.1868002,2.2,,,1.5329001,,,,1.5920001,,,,,3.4535003,2.9972,2.7940001,,1.0187,1.514,1.1772,0.84230006,2.2458003,,0.6921,1.2683,,,,,3.4211004,,,1.3274001,,1.373,,0.1429
1976,1.1111001,0.9706,,0.4544,3.4293003,,,1.2047,,,0.5,0.95750004,1.7583002,4.5806003,0.97370005,1.4545001,,2.8138,2.9543002,0.5,,0.95530003,,2.7331002,2.5295,2.5,,1.6889001,,1.6932,2.4691002,,,2.2064,2.2,,,1.2735001,,,,1.1844001,,,,,3.0616002,3.0247002,3.0098002,,1.3935001,1.7175001,1.3832,0.8532001,2.3591,,0.7537001,1.4000001,,,,,3.4715002,,,1.3989,,1.3000001,,0.1429
1977,1.0,0.7083,,0.31870002,2.9587002,,,1.1849,,,0.5,0.91700006,1.6247001,4.0374002,1.4404001,1.0909001,,3.1676002,3.6454,0.5,,0.96440005,,1.7021,2.907,3.5140002,,1.5021,,1.5842,2.5,,,2.0962,2.3000002,,,1.0866001,,,,1.1176001,,,,,3.4827,3.4106002,3.0486002,,1.1393001,1.5983001,1.2609001,0.84040004,2.0058002,,0.5413,1.95,,,,,3.045,,,1.3269001,,1.5338001,,0.2
1978,1.0,0.80770004,,0.5223,3.7601004,,,1.4474001,,,0.5,0.89720005,1.9031,4.7385,0.9574001,1.3750001,,3.3416002,3.7455,0.5,,1.0973,,1.945,3.1379,3.4674,,1.7114002,,1.766,2.8571002,,,2.3245,2.2881002,,,1.0972,,,,1.1243001,,,,,3.9824002,3.3830001,3.4015002,,1.5870001,1.9162,1.2721001,0.90120006,2.4535,,0.57490003,1.8500001,,,,,3.7007,,,1.322,,1.6312001,,0.15
1979,1.0,0.8978,,0.3524,2.6338003,,,1.5098001,,,0.4684,0.9089001,1.5946001,4.7203,1.2171,1.8000001,,3.1749,3.6783001,0.5,,1.0064001,,2.0921001,3.0603,3.7369,,1.7243001,,1.3419001,3.3333,,,2.4208002,2.3611002,,,2.0019002,,,,1.0943002,,,,,4.0081005,3.1708002,2.9537,,1.1268001,1.5873002,1.3729001,0.855,1.8133001,,0.57540005,1.5714,,,,,3.2825003,,,1.3191,,1.6162,,0.18180001
1980,0.97090006,0.7381,,0.4309,3.5044,,,1.4129001,,,0.49370003,0.85800004,1.4555001,4.3435,1.2582,1.5556,,3.2773001,3.5613003,0.5,,1.3083001,,2.3189,3.1691003,3.8449001,,1.9011,,1.9257001,4.0,,,2.3792,2.5075002,,,1.608,,,,1.1028001,,,,,3.9659002,3.3333,3.2142,,1.0380001,1.5563002,1.4364,0.5288,2.1607,,0.94250005,2.1714,,,,,3.3515003,,,1.1986,,1.5410001,,0.1333
1981,0.63040006,0.9186,,0.45940003,3.167,,,1.2698001,,,0.75000006,1.0055001,2.0899,4.4932003,1.0502,1.5629001,,3.0924,4.1695004,0.5,,0.96320003,,1.57,2.9122,4.1667004,,1.8798001,,1.5721,4.0,,,2.1779,1.8923001,,,1.6265001,,,,1.0150001,,,,,3.8395002,3.6250002,3.1805003,,1.1377,1.6404,1.3889,0.5141,2.242,,0.88430005,2.1513002,,,,,3.5435002,,,1.2927,,1.6666001,,0.1944
1982,0.77320004,0.85200006,,0.22810002,3.4742,,,1.455,,,0.70000005,0.80550003,2.0416,4.6998,1.0929,1.7500001,,3.545,4.2807,0.5,,0.79800004,,2.1472,2.9353,4.1667004,,2.0338001,,1.5952001,3.5000002,,,2.4172,1.5152,,,1.8950001,,,,1.0497,,1.0,,,4.4637003,3.2951002,3.3062,,1.3867,1.7908001,1.5849001,0.3513,2.381,,0.86380005,2.1023002,,,,,3.8938003,,,1.376,,1.8079001,,0.21210001
1983,0.88500005,0.8105,,0.46490002,3.7313,,,1.2324001,,,0.625,0.7946,1.9365001,4.7174,0.9121,1.9375001,,3.1877,4.1217003,0.5,,1.1624001,,2.4861002,2.901,3.4286003,,1.8623002,,1.909,2.3333,,,2.3713002,0.6,,,1.6502,,,,1.0556,,,,,3.8671002,3.4034002,3.7007,,1.5395001,1.9119002,1.6275,0.3476,2.5469,,0.69780004,1.7123002,,,,,3.8177001,,,1.3818,,1.9003001,,0.18750001
1984,1.0926,0.9786,,0.4494,4.0708003,,,1.4562,,,0.7108,0.7561,1.7955,5.4795003,1.292,2.2667,,3.8364,4.9881005,0.45000002,,1.3669001,,2.0930002,3.4216003,4.6667004,,1.8154001,,2.5681002,2.6667001,,,2.6185002,0.18330002,,,1.6957,,,,1.0133001,,,,,4.2907004,4.0361004,3.7007,,1.3534001,1.9529002,1.7075001,0.3783,2.6910002,,0.79510003,3.0000002,,,,,3.9919002,,,1.4402,,2.0730002,,0.2
1985,1.09,1.0444001,,0.5005,3.8431003,,,1.5156001,,,0.591,1.0484,1.6116,5.294,2.2823002,1.8329002,,3.8754,4.4845004,0.3125,,1.2911,,2.3236003,3.3998003,4.375,,1.9817001,,1.9415001,2.6667001,,,2.5191002,0.8654001,,,1.7329001,,,,1.0133001,,,,,4.2211003,3.9326003,3.4566002,,1.5021,1.9284002,1.728,0.37500003,2.4652002,,0.7896,2.2333002,,,,,3.4072,,,1.5503001,,1.8087001,,0.076900005
1986,1.0,0.92740005,,0.73450005,3.4002001,,,1.7323002,,,0.597,1.0049001,1.9330001,4.4289002,1.8437,1.5622001,,3.8162,4.552,0.25,,0.99450004,,2.6541002,2.8272002,4.5714,,2.2308002,,1.9383001,2.0,,,2.6531003,0.83330005,,,1.6886001,,,,1.0256001,,3.0000002,,,4.8585,3.0200002,3.5238001,,1.5788001,1.9787,1.7513001,0.39060003,2.5630002,,1.0591,1.7234001,,,,,3.9605002,,,1.5852001,,1.8138001,,0.0714
1987,1.0,0.9175,,0.61820006,3.6179001,,,1.6824001,,,0.60920006,1.3488001,1.5713001,4.3885,2.0151,1.7487,,3.6384,3.7843003,0.5016,,1.4363002,,1.9682001,3.6463003,4.7761,,1.7778001,,1.9803002,2.0,,,2.6742,0.814,,,1.4677,,,,1.0,,3.5000002,,,4.1955004,3.7698002,3.4992,,1.6547,1.9839001,1.6829001,0.36760002,2.5756001,1.1923001,1.1111001,1.9286001,,,,,3.4036002,,,1.5813001,,1.8268001,,0.076900005
1988,0.78330004,0.75490004,,0.4918,4.0493,,,1.9419001,,,0.6,1.041,1.0412,5.1705003,1.7529001,1.6352,,3.4158,4.563,0.22330001,,1.6154001,,1.9102,3.5403001,4.8571005,,2.15,,2.6376002,2.0,0.619,,2.3958,0.93750006,,,1.6869001,,,,1.0,,3.0000002,,,4.2991004,2.9597,3.7431002,,1.6685001,1.9142001,1.9225001,0.34470004,2.3659,1.1765001,0.83360004,2.6000001,,,,,3.7893002,,,1.5671,,1.5494001,,0.055600002
1989,0.77500004,0.77570003,,0.5646,4.188,,,2.0883002,,,0.5942,1.0397,1.7743001,5.5614,3.107,1.5263001,,3.877,4.8723,0.2974,2.0,1.4874,,2.8557,3.5776002,5.1429,,2.288,,2.7579,2.0,,,2.5909,0.81820005,,,1.6234001,,,,1.0,,3.5000002,,,5.0262003,3.5443003,4.0494003,,1.7019001,2.0227,2.0232,0.35410002,2.7325,1.2088001,1.0981001,2.375,,,,,4.7023,,,1.0611,,1.7686001,,0.0333
1990,0.66670007,0.81030005,,0.7016,4.26,,,2.0118,,,0.58100003,1.0319,1.7561,5.0493,2.6996002,1.4916,,3.7789001,5.0211005,0.28910002,1.9412,1.322,,3.0111003,3.6424,4.8780003,,1.8462,,2.5255,2.1925,,,2.5663002,0.58820003,,,1.7500001,,,,0.83360004,,3.0000002,,,4.1841,2.6165001,4.3063,,2.0969,2.2713,1.9078002,0.41950002,2.6114001,1.1765001,1.0151,2.0177,,,,,4.7455,,,1.5205001,,1.7029,,0.05
1991,0.35870004,0.81030005,,0.79700005,4.1200004,,,1.8196001,,,0.7206,1.2026,1.8744001,5.0929003,2.9952002,1.5101,,4.6776004,4.9563003,0.2552,2.0,1.2689,,2.7115002,3.7011003,5.6977005,,2.2897,,2.3700001,2.0,0.52900004,,2.4776,0.5,,,1.3714001,,,,1.0,,2.5782,,,4.7824,3.1207001,3.7993002,,1.7144,2.0339,2.0270002,0.8705,2.5767,1.1917,0.9286,1.3655001,,,,,3.9450002,,,1.6496,,1.5468001,,0.0615
1992,1.2466,0.90550005,0.9088,0.6765,4.02,1.4694,,1.6632,2.4,3.0597,0.65220004,1.0412,1.9333001,5.4680004,2.9573002,1.6852,,3.9414,3.4967,0.21860002,2.0,1.1548,2.4699001,2.5094001,3.8245,4.5659003,0.5,2.1143003,2.6949,1.9200001,2.1109,0.70570004,,2.7410002,,0.85800004,1.0,1.3333001,2.0916002,,2.2451003,1.0,2.0233002,3.3538003,1.6344001,,5.5503,2.5849001,3.5751002,1.6,,2.0106,,0.8755,1.9575001,1.1958001,0.9261,1.4554001,1.8335,,,2.5877001,4.0774,0.99280006,1.9829001,1.5355,2.3205001,1.8365,1.7207,0.0588
1993,1.1586,0.70690006,0.45870003,0.7882,3.9570003,0.94280005,,1.3129001,2.342,2.7951002,0.68890005,0.975,1.9777,5.9659004,2.4008002,1.6250001,3.8129,4.5082006,4.5063,0.31360003,1.9886,1.9047,1.9790001,2.7709,3.9427001,5.1184,0.5084,2.0009,2.5573,1.6712,2.1520002,,,2.8500001,,1.3924001,1.5000001,1.5000001,1.8776001,,1.8161001,0.9919001,2.5656002,2.0,1.065,,5.5676003,3.9221003,,1.4725001,,2.0038002,,0.8783,2.256,1.2121,0.92020005,1.5648001,1.5411,,3.0313003,2.2065,5.1122003,0.68240005,,1.5935,2.3647,1.7034001,1.4528002,0.0667
1994,1.4106001,0.8626,1.5000001,0.57140005,4.1390004,1.3121,,1.5391,2.4545002,2.2536001,0.70000005,0.9844001,2.1227,5.3741,1.4596001,1.815,3.5094001,4.7757006,4.7729,0.6571,2.0,1.3432,1.9075001,2.5814,3.9190001,6.1429,0.68320006,2.065,2.4117,2.1839,2.1857,0.51220006,,2.8669,,0.8880001,1.5000001,1.2888001,1.5381,,1.8086001,1.0,1.6118001,4.0,1.5045,,4.7321005,2.2516003,,1.6667,,2.0445,,0.88070005,2.1755002,1.2005,0.9649001,1.7814001,1.5372,,3.0878003,2.9229,4.4507003,0.8251,,1.3418001,1.9773002,1.7490001,1.5405,0.0638
1995,1.3753002,0.96040004,2.0,0.57140005,4.085,0.6326,,1.3714001,2.4533002,2.2119,0.7061,0.97880006,1.9111,6.0074,1.7026,1.5789001,3.3013003,5.2489,5.1521006,0.70000005,2.0,1.0188,1.8189001,2.7740002,4.1034,5.3750005,0.20660001,2.1997,2.6171002,2.229,2.2164,,,2.7826002,,0.5713,1.8333001,0.3846,1.7765001,,1.7649001,1.0,1.9318001,5.0,1.6322,,5.1829,3.5455003,,1.7,,2.1593,,0.8741,2.5647001,1.2097,0.58250004,2.0745,1.2621,,2.8906002,3.0229,5.1990004,0.90550005,,1.6542001,1.9900001,1.6407,1.9667001,0.06340001
1996,1.1556001,0.7893,2.0,0.57140005,3.0500002,0.9943,,1.0443001,2.4211001,2.0697,0.71430004,1.3376,1.9134002,6.5573,2.7616003,1.6231,3.2121003,5.2084002,4.7639003,0.64000005,2.0,1.7696,1.9649001,2.4618,4.5286,6.2195,0.85590005,1.9731001,2.7004,1.6567,2.2458003,0.84720004,,2.5500002,,0.35110003,1.5000001,0.4444,1.8844001,,2.0018,0.9685,1.6930001,3.0000002,1.6121,,5.5362005,3.2989001,,1.3000001,,2.068,,0.85300004,2.3406003,1.2,0.89050007,1.2623001,1.4368001,,2.4851003,2.8586001,4.9315004,0.62640005,,1.6564001,1.7439001,1.6257,1.6667,0.0727
1997,1.3308,0.8531,1.9250001,0.57140005,3.5850003,1.1073,,1.4793001,2.4131002,2.0911002,0.7241,0.86880004,1.9753002,6.0335,2.5067,1.6560001,3.4292002,5.4304004,5.3871,0.6116,2.0,1.4828001,2.0996003,2.0746002,4.3689003,5.6989,0.6343,1.9980001,2.5569,2.2708,2.2748,0.34220004,,2.375,,0.77000004,1.0,2.5,2.1941001,,2.1360002,0.95070004,2.1746001,,1.4944001,,5.5400004,3.4153001,,1.8750001,,2.301,,0.8,2.3062,1.199,0.6896,1.8549001,1.9186001,,2.8396003,2.6097,4.7145004,0.67340004,,1.6005001,1.937,1.6153002,2.5,0.080000006
1998,1.4158001,0.97770005,2.0,0.57140005,3.9870002,0.62640005,,1.4422001,2.5369,1.7515001,0.5357,0.80780005,1.9663001,6.6249003,2.7500002,1.6845001,3.6343002,5.0991,5.1205,0.6103,2.0,1.6685001,1.4072,1.3657,4.7112,4.8454003,0.43800002,2.4409,2.5769,2.0821002,2.3037,0.54980004,,1.8273002,,0.33380002,1.3188001,1.5000001,2.0006,,1.8163002,0.93000007,1.7907001,2.8249002,1.8868002,,4.8095,3.9958003,,1.8889002,,2.0521002,,0.8824001,2.4723,1.1957,0.6401,1.9334002,1.0241001,,2.7985,3.1434,4.636,0.88540006,,1.7459002,1.6234001,1.8261001,2.0,0.075
1999,1.5455,1.0949001,0.96300006,0.57140005,3.903,1.6608001,,2.1579,2.3186002,1.4489001,0.67800003,1.2984,2.2916002,5.3446,2.6007001,1.7868001,3.6749,5.7857003,4.8585,0.6046,2.0,1.7979001,1.6033001,1.9187001,4.5601,5.6579003,1.8325001,2.023,2.5536003,2.0346,2.3324,0.5696,,2.8174,,0.8877001,1.2105,1.0,1.9355001,,1.8792,0.9075,1.4286001,2.9231002,1.6417,,5.3354,3.4981003,,1.6667,,2.1319,,0.88890004,2.3103,1.2,1.1442,1.8533001,1.4657,,2.332,2.7991002,4.7905,0.75130004,,1.6705,1.4738001,1.8089001,1.6667,0.1843
2000,1.1538001,1.2681,0.96190006,0.57140005,3.4833002,1.5000001,4.3636003,1.0731,2.6048002,1.8809001,0.68790007,1.0286,2.2734,6.1488,2.0691001,1.5330001,3.4195,4.9296002,5.1968,0.6384001,2.0,2.0075002,2.1011002,2.426,4.611,6.1111,1.9012,1.9437001,2.6428,2.0069,2.361,0.46620002,,2.9580002,,1.6113001,2.1364,1.4545001,2.3396003,5.3616004,2.0201,0.88430005,1.1848001,,1.4118001,,4.8333,4.2089,,1.4049001,,2.0454001,,0.9143,1.8792,1.1995001,1.0398,1.5794001,1.5833001,,2.0375001,2.6083002,5.3601003,0.83820003,,1.7697,1.5175,1.7782,2.0,0.2769
2001,1.9474001,1.4498001,1.1592,0.57140005,4.169,0.5,3.6250002,2.0,2.3294,1.6649001,0.70000005,1.1949,1.8520001,5.6638002,3.2005002,1.3383001,3.7205002,6.1320004,5.0892005,0.65650004,2.0,0.99410003,2.0493002,2.2103002,4.0839,4.7917004,1.0,2.3437002,3.6216002,2.3803,2.3895001,0.46670005,,2.8571002,,1.0373001,2.9388,1.6250001,2.0764,6.4297004,1.9211,0.8531,1.7062,2.4694,1.7593001,,4.7222004,2.1553001,,2.0029001,,2.3605,,0.86270005,2.4290001,1.1930001,0.64400005,2.3332,1.8771001,,2.9476001,3.0416002,5.1711,0.73020005,,1.5811001,2.0729,1.7314001,2.0,0.3774
2002,1.8000001,1.3514001,1.9867,0.57140005,3.6290002,1.8333001,4.1543,1.3982,2.5341003,2.2567,0.68850005,1.0466,1.7422,5.9261003,2.8077002,1.4533001,3.3724,5.0330005,4.9420004,0.66920006,2.0,1.7292,2.3130002,2.3967001,4.8596005,5.8,1.0,2.1459,2.8382,1.9633001,2.4179,0.69930005,,2.8664,,1.3755001,0.90430003,2.7143002,2.2815,6.9618,2.3995001,0.8313,1.7574002,2.65,1.8071,,4.7098002,3.7510002,,1.8610001,,2.2997,,0.83750004,2.4558,1.2,1.0237001,1.9134002,1.8984001,,2.5359,3.2871003,5.1937003,1.1778,,1.7868001,2.0163002,1.5484,3.3077002,0.46670005
2003,1.5066,1.4021001,1.0897,0.57140005,3.3207002,0.86270005,4.7476006,1.21,1.9178002,2.1126,0.89690006,1.393,2.2206001,5.2764,2.7021003,2.2652001,3.8007002,4.2871003,5.1197004,0.68020004,2.0,2.0197,1.5306001,2.3869,4.0279,5.8605003,1.0,1.8776001,2.0159001,1.457,2.4462001,0.8381,,2.5618002,,0.845,0.26670003,2.0,2.4599,6.3096004,1.9819001,0.7636,0.70350003,1.0,1.3654001,,5.0636005,4.3607006,,1.3610001,,2.1823,,1.0115,2.1444001,1.2037001,0.88820004,1.613,1.8582001,,2.4746003,2.1714,4.7895,1.3333001,,1.7174001,1.5793002,1.6988001,2.0,0.1769
2004,1.6,0.95000005,0.9688,0.57140005,4.675,1.3418001,4.3771005,1.9923002,2.9151003,2.3619,0.91470003,1.2684001,2.5351002,6.7262006,2.7021003,2.1429,5.2922006,6.1285005,4.6266003,0.7048,2.0,1.7946,2.2276,2.3197,5.0576005,5.4167004,1.1373001,2.3741002,3.1349,2.7583,2.4925,0.98590004,,2.7489,,0.71570003,1.0,,2.5333002,7.3821006,2.1463,0.7562001,1.7946,1.7500001,2.2951002,,4.8824,5.6036005,,2.5,,2.5793002,,0.92,2.7624002,1.2052,0.9527001,2.5239,1.5399001,,3.8281002,3.1434,5.4668,1.5434,,1.8958001,2.2235,1.7271,2.7778,0.31
2005,1.9815001,1.4709,1.9831,0.57140005,3.8195002,0.7813,4.4137006,1.5505,2.302,2.1767,0.92990005,1.3447,2.4276001,5.6052003,3.4452002,1.9857,4.1949,5.0874,4.8352003,0.70000005,2.0,1.4547,2.7466002,2.2817001,4.7515,6.6949,1.6667,2.3268,2.5633001,2.5658002,2.5567,0.91830003,,2.9676003,,0.77720004,,,2.1277,6.1851006,2.2188,0.75200003,1.7347001,1.12,2.0045002,,4.2939,5.0187006,,2.1990001,,2.2253,,0.9556,2.4053001,1.2081001,0.7785,2.371,1.5658001,,2.8382,3.1000001,5.2511005,1.631,,2.0928001,1.7313001,1.6956,3.2400002,0.63640004
2006,1.9274001,1.1533,1.4819001,0.57140005,3.4834,1.3333001,4.5522003,1.7149001,2.6917,2.1964,0.93750006,0.8025,2.3362,5.5880003,2.9325001,1.2727,3.3277001,4.9057,4.7273,0.69570005,2.0,1.5555,2.4485002,2.3242002,4.5744,6.1000004,1.3333001,2.1450002,2.7326002,2.5387,2.6207001,1.4884001,,3.0172,,0.75420004,,,1.7613001,5.6066003,2.729,0.7536,1.7016001,1.6800001,2.1927001,2.2514,4.5417004,4.3168,,,,2.1705,,0.98130006,1.9891001,1.2105,1.0139,2.0717,1.7073002,2.249,2.4148002,2.7755,4.9870005,1.3667,,2.0656002,1.6229001,1.6477001,3.5333002,0.8824001
2007,2.5385,1.1853001,2.5571003,0.57140005,4.0385003,1.0,3.4831002,1.6783001,2.8016002,2.2694001,0.94940007,1.195,2.1856003,5.6742005,4.4915004,2.4306002,4.7330003,4.0217,4.4653,0.6923,2.0,2.3390002,3.6182,2.7350001,4.3634,5.7000003,1.0909001,2.2622,2.5211003,2.0394,2.6846,1.3838001,,2.947,,1.3096,2.3714,,2.3668,5.5624003,3.1496003,0.762,0.9869001,0.8824001,1.6687,1.0851,5.5000005,5.2398,,,,2.3651001,,0.90000004,2.3748002,1.2129,1.0217,1.7237,1.9184002,1.9650002,2.6289,3.0598001,5.5709,1.0933001,,1.8264002,1.6672001,1.572,4.6667004,0.88570005
2008,2.2143002,1.9943001,2.7516003,0.5691,4.1096,1.5318002,4.7751,1.9938002,2.9780002,2.7545002,0.9567001,1.2816,2.4084,6.0070004,4.4915004,3.0000002,4.8339,5.0808,5.2422004,0.6756,2.0,2.5397,3.0654001,2.5763001,4.7809,6.3683,1.5152,2.3679001,2.9839,2.5783002,2.7483,0.0697,,2.2819,,0.73630005,2.5497,,2.7577,6.7051005,3.3034,0.71430004,1.9716,1.1176001,2.5266001,2.8654,3.8095002,5.8306003,,,,2.6854,,0.92910004,2.4694,1.2153001,1.0417,2.4161003,2.1141002,2.5526001,3.0974,2.9132001,6.1382003,1.9774001,,1.9859002,2.2913,1.8249002,5.5000005,0.83870006
2009,2.9091003,1.0083001,2.5256002,0.5981,3.7842002,1.0,4.9009004,1.8947,3.1561003,2.7387002,0.8761,1.0805,2.4307,6.3623,3.9705002,3.4054,4.6308002,5.6979003,5.3747005,0.66090006,2.0,1.3670001,2.5549,2.5427,5.1804004,7.2000003,,2.3354,2.8657,1.8133001,2.8118002,1.3125001,,2.5435002,,1.3014001,3.7813003,1.8438002,2.5292,6.2888002,2.7492,0.90000004,1.4718001,1.1765001,2.4558,3.1205,4.8798,3.8472002,,,,2.7600002,,0.87570006,2.6602,1.2177,0.9458,2.1341002,2.0681002,2.4520001,2.8662,2.5987,5.951,1.3211,,2.4791002,2.0683002,1.6982,6.7500005,0.8251
2010,2.0909,0.95100003,2.2115002,0.6169,3.5263002,0.66670007,4.2898,1.6221,2.5192,2.1446002,0.86890006,1.3508002,2.4424,6.0979004,3.2785,3.1667001,3.9087002,4.6251,4.8887005,0.6474001,2.0,1.9070001,1.9841001,2.7183,5.1205,6.3333,,2.2731001,2.4222,2.1126,2.8751001,0.19980001,,3.0858002,,0.96900004,3.6333003,1.8605001,1.7576001,5.7098002,2.1337001,0.8571,1.7549001,1.3095001,2.4652002,3.0896003,4.5480003,5.0592003,,,,2.3730001,,0.99200004,2.6914,1.2201,0.85870004,2.3742,1.1961,2.1521,2.2310002,3.3618002,4.8797007,1.9664001,,2.5944,1.6657001,1.7388002,5.9524,0.88970006
2011,2.4286003,1.8448001,2.2278001,0.6293,4.3968,0.58620006,4.762,1.9266001,2.9332001,2.4484,0.87500006,1.5032,2.5198002,6.6006002,4.3154,3.7500002,4.7411003,4.1077003,5.1094003,0.6348,2.0013,2.4558,2.3233001,2.9037,4.4968,5.2857003,1.7051,2.3043,3.3858001,2.3049,2.9382,0.74480003,,2.9647,,1.1403002,3.4211004,1.8773001,2.0238001,5.0653,2.3529,0.63890004,1.4230001,1.5000001,2.3638,3.0909,3.9355001,3.0809,,,,2.5531,,1.0698001,2.3959,1.2224001,0.93250006,2.5483003,1.9492,2.5404,3.1769001,3.5186002,5.2929,1.3867,,2.8658001,2.0742002,1.5891,7.8571005,0.9409001
2012,2.6154,1.8419001,2.7786002,0.66670007,4.2184,2.6474001,5.1260004,1.7420001,3.1100001,2.7594001,0.92120004,1.4003001,2.8215,5.9215,3.5347002,3.4211004,4.8094,5.4741006,5.9505005,0.6,2.0,1.5873002,3.3787,3.0966003,5.0815,5.5000005,1.7094,2.0002,2.8676002,2.243,3.0769,0.7798,,3.2244,,0.89120007,3.4667,1.8941001,2.8014,4.9952006,3.4215002,0.6486,0.7727001,1.0,1.9347,2.0955,4.7699003,3.3130002,,,,2.7488003,,0.91010004,2.7716002,1.2248001,0.75780004,2.1041002,1.4983001,2.4320002,3.1427002,3.7938,6.3591003,1.6856,,2.5834,2.2727,1.6425,8.571401,0.99200004
2013,2.4167001,1.7470001,2.8697002,0.6538,4.1828,1.2143002,5.36,1.8859001,3.2567,2.0066001,0.9281,1.5339001,2.565,5.5116005,5.0697002,3.4444,4.701,5.9764004,6.0413003,0.6,2.0,2.4682,1.9043001,2.0894,4.9174004,5.8333,0.8696,2.1249,2.8999,3.0684001,3.0769,0.79840004,4.7162004,2.9650002,,1.1026,3.45,1.9108001,1.9534001,5.7491,2.6714,0.66670007,2.6454,1.7222,2.3677,3.5517,3.8518002,4.2236004,,,,2.9403002,,1.0667,2.8645,1.2272,0.8647001,2.2173002,1.8935001,2.8000002,3.8621004,3.3660002,5.6800003,2.0047,,2.6537,2.2833002,1.7219001,9.9715,1.0431
2014,2.2327,1.6308001,3.1897001,0.656,4.8202004,1.2113001,4.5075,1.9540001,2.7953002,2.7127001,0.7135,1.4445001,2.466,6.8136005,4.4658,3.0588002,5.1342006,6.1191006,6.3643003,0.6181,2.0003002,1.7097,3.2208002,3.1603003,4.8984003,5.6578,1.3333001,2.0576003,2.0393002,2.8554,3.1178002,1.0011001,5.1049004,3.0047002,,1.3861,1.5357001,1.7704002,2.2507,6.4547005,3.5719001,0.67020005,2.8598,0.65000004,2.7363002,2.8798,4.1314,6.2510004,,,,2.9276001,,1.1563001,3.1503003,1.225,0.89080006,2.3985002,1.7654,2.0535002,3.667,4.1079,6.4511003,1.6915001,,2.6507,2.5824,1.7490001,8.1111,1.0972
2015,2.3077002,1.9056001,3.0645,0.67700005,4.3241005,1.2727,4.5524,1.7782,2.7910001,3.0101001,0.7608,1.3599001,2.3862,6.1815004,4.1203,3.1038003,4.9078,5.662,6.3358,0.6661,2.0002,1.8539001,3.8252,3.4236002,4.7118,2.5882,1.2833002,2.3132,3.0704,2.7566001,3.1926003,0.8676,4.4776,3.2051003,,0.98,2.4938002,1.7880001,2.7822,6.2612004,4.2788,0.6738,2.1451,1.5000001,2.0615,1.9045001,3.7844,6.3574004,,,,2.9244,,0.96150005,2.7758002,1.2244,0.8561,2.5324001,1.6686001,2.3304,3.5962002,3.7686002,6.3408003,1.6939001,,2.9472,2.5933,2.0043,7.0000005,1.1748002
2016,2.2533002,1.7644001,2.9,0.69100004,5.0488,2.5091002,3.3066003,2.0324001,3.2910001,2.7002,0.77080005,1.8671001,3.121,4.2373,5.3813,3.209,4.9808,5.5593,5.7952003,0.6256,2.0001001,2.4305,2.6157,3.3385003,3.9794002,1.8741001,1.1179001,2.2791002,3.6156003,3.0879002,3.2689002,0.8977001,4.8057003,3.1567001,,1.1456001,2.4839,1.8451,2.3783002,4.6173,3.9358003,0.6523,1.8056,1.4345001,2.2775002,2.1267002,3.4546003,5.0525002,,,,2.9695,,1.0400001,2.8378003,1.2256,0.90270007,2.4805002,2.0387,2.9033003,3.5056002,4.1010003,6.1171002,2.21,,2.6312,2.7267,1.7458001,8.186001,1.0975001
2017,2.2666001,1.9274001,1.2567,0.75000006,3.7438002,3.3680003,4.6388,2.1008,2.8555002,2.6238003,0.77520007,1.3615,3.3893,6.1991005,4.603,3.1594,4.9161005,5.0947003,6.4919004,0.625,2.0,1.2877,3.9325001,3.9273002,4.5361004,1.3982,1.2377,2.2235,3.3152,3.2878003,3.3338003,0.92770004,4.8975,3.0894,,1.2470001,2.4651003,1.9789001,2.4404001,4.8718,4.0692,0.62590003,3.7533002,1.8083001,2.0704,2.3170002,3.2125,5.9744,,,,3.0486002,,1.0419,3.0618002,1.2256,0.8886,2.9380002,2.1709,2.407,3.2556002,4.0842004,6.6601005,2.2187002,,3.1680002,2.9699001,2.1449,8.8935,1.0759001
2018,2.3053002,1.9118001,1.9356,0.71370006,4.3315,2.8671002,3.8065002,1.6923001,3.0111003,2.0007,0.78730005,1.6943002,2.9886003,5.4512005,4.6412005,3.0472002,4.7382,4.2092004,5.1412005,0.638,1.9999001,2.9672,2.7198002,2.6213002,4.4393,3.0206003,1.2082,1.8606001,3.2171001,3.3660002,,0.8988,3.3049002,3.0960002,,1.046,2.4845002,2.2596002,2.0672,5.7130003,3.7604,0.64890003,3.2128003,1.8000001,2.4450002,2.4378002,2.7821002,2.3731003,,,,2.6671002,,1.1125001,2.3788002,1.2256,1.0971,2.7914,2.0040002,2.8332,3.3642,3.4923003,4.5046005,2.6277,,2.8854,2.6535,1.9386001,9.2405,1.1133001
2019,2.1741002,1.7552,1.7091,0.70640004,4.5712004,2.1321,4.3636003,1.9967,2.9343002,2.3711002,0.8171,1.8330001,3.2495,5.8709,4.8563,3.1392002,5.0614,5.0882006,6.0267005,0.62950003,1.9997001,1.8941001,4.117,4.8881,4.7115,2.3814,1.1856,2.0973,4.4241004,3.4904,,0.90830004,4.5014,3.2941003,,1.097,2.5,2.6580002,2.6279001,5.6491003,4.4259,0.63070005,3.7198002,1.71,2.2652001,2.4364,3.5570002,5.4762006,,,,3.0600002,,1.0400001,2.6728,1.2254001,1.1508001,2.7970002,1.7337,2.569,3.5029001,3.7966003,6.7573,3.7182002,,2.7672,2.9002001,2.1507,9.429001,1.0955001
2020,2.4557002,2.0381,1.9435,0.7076,5.0990005,2.0012,3.5714002,1.871,3.1429,2.9153001,0.78670007,1.7314001,3.1882,5.7469,4.6985,3.1155002,5.4839,5.5242004,6.0657005,0.6308,1.9993001,2.9626002,3.8057,3.6588001,4.1433,2.4049,1.2101,2.1181002,4.1698,3.2048001,,0.9118,4.5688,3.3017,,1.2472,2.4833002,2.0715,2.9778001,4.5825,4.3196,0.6377,2.2328002,1.7489,2.4088001,2.5103002,4.2640004,5.3333,,,,3.4079,,1.0667,3.4443002,1.2258002,1.2369001,2.5324001,2.4375,7.0818,3.8981004,4.119,6.2022004,3.2659001,,2.8373003,3.3148003,2.1934,9.839001,1.0948001
2021,2.4985,1.5808002,1.2294,0.7167,4.6377006,1.8417001,4.1463,2.2123,3.0245001,2.3479,0.78370005,1.9329001,3.2199001,4.3575,4.73,3.1008003,5.0330005,5.2704,6.2095003,0.6327,1.9987,2.6713002,3.6101003,3.7302,4.4954,4.2707005,1.2012,1.8614001,4.1373,3.3078003,,0.9064001,4.3229003,3.3166003,,0.9066,2.4886003,2.2236001,2.4309,4.7297006,3.8444002,0.6373,2.9053001,1.746,2.2475002,2.2714,3.7183003,4.6920004,,,,3.0730002,,1.1333001,3.2468002,1.2255001,1.1818001,2.8984,1.7239001,3.7791002,3.5413003,3.9531002,5.7070003,2.8744001,,2.1113002,3.4566002,2.0939,9.751,1.1011001
2022,2.3724,1.9356,0.15,0.7213,4.9256005,1.8862001,3.9740002,2.0768,3.3000002,2.1866002,0.7903,2.0119002,3.4245002,5.6553,4.7608,3.1185002,5.313,5.3225,6.3438,0.63100004,1.9992001,1.8960001,3.8483002,3.4229,3.7949002,4.9285,1.1989001,1.7787,3.5366004,2.9447,,0.9088,4.243,3.1192,,1.7165,2.4903002,2.1561003,2.4123,5.0410004,3.6648002,0.6333,1.9126,1.8800001,2.2609,2.4128,4.1000004,5.5540004,,,,3.2926002,,1.1077,3.5283003,1.2260001,0.98330003,2.7484,2.4680002,3.1950002,3.5525002,4.0125003,6.2235003,3.0490003,,2.7903001,3.0939,2.2656002,9.942,1.0971
2023,2.3590002,1.6646,1.5594001,0.70780003,4.5937004,1.8906001,3.7664,1.9138001,3.5199,2.5161002,0.80170006,1.6229001,3.0901003,4.9025,4.7297006,3.1116002,5.0690002,4.9955,5.5353003,0.6315,1.9991001,1.4519001,3.6574001,3.5730002,4.3357005,4.2032003,1.2034001,1.9213002,2.9540002,3.2010002,,0.90900004,4.2644,3.0529,,0.8481,2.4874,2.1974,2.3596003,5.8026004,3.2025,0.6351,2.4809,1.7900001,1.5481,2.4855,3.1913002,3.3041003,,,,3.1849,,1.1047,3.4797,1.2264001,0.8819001,2.7732,2.1519,3.3646002,3.3778002,3.5980003,5.2132006,3.1055002,,3.0822,2.8212001,2.0224001,10.133,1.0977
