Date,AGO,ALB,ARG,AUS,AUT,AZE,BDI,BEN,BFA,BGD,BGR,BLZ,BOL,BRA,BWA,CAF,CHN,CIV,CMR,COD,COL,CRI,CUB,DOM,DZA,ECU,EGY,ERI,ESP,ETH,FJI,FRA,FSM,GHA,GIN,GMB,GNB,GRC,GTM,HND,HRV,HTI,HUN,IND,IRQ,ISR,ITA,JOR,JPN,KAZ,KEN,KGZ,KOR,LBN,LKA,LSO,MAR,MDA,MDG,MDV,MEX,MKD,MLI,MMR,MOZ,MRT,MWI,NAM,NCL,NER,NGA,NIC,OMN,OWID_CZS,OWID_ERE,OWID_MNS,OWID_SRM,OWID_USS,OWID_WRL,OWID_YGS,PAK,PAN,PER,PHL,PNG,PRK,PRY,PSE,ROU,RUS,RWA,SAU,SDN,SEN,SLE,SLV,SOM,SRB,SSD,SVK,SVN,SWZ,SYR,TCD,TGO,THA,TJK,TUN,TUR,TWN,TZA,UGA,UKR,URY,USA,UZB,VEN,YEM,ZAF,ZMB,ZWE
1961,,0.53790003,1.8771001,1.5807,,,1.0,0.49740002,0.45250002,1.2559,1.1673001,,,2.5,0.3389,0.33900002,0.9265,0.66670007,0.9922001,0.70000005,2.0476,1.5854001,1.3700001,3.1250002,0.45260003,,3.5446002,,0.68740004,,2.0,2.3738003,,0.66670007,1.25,0.9857001,0.75000006,0.975,0.5926,1.1606001,,0.915,0.855,0.44000003,0.762,1.7754002,3.0000002,0.82790005,1.2636,,1.0933001,,0.49600002,1.0667,0.8951,0.84620005,0.46300003,,0.6,1.0,2.4906,,0.70400006,,0.7778,0.3855,0.6154001,0.2,1.3333001,0.60740006,0.84970003,0.9168,,0.6556,0.79300004,1.5503001,,0.8571,0.88960004,2.3300002,0.48340002,,1.9808002,,1.6582,1.0323001,1.0857,,1.1765001,,0.8959001,1.4286001,,0.73980004,1.5197,0.85980004,0.35250002,,,,,0.53330004,,0.60490006,,2.4390001,,0.1667,,1.4216,0.90000004,0.9452001,,2.0,2.7442,,,0.70000005,1.0214001,0.597,0.5152
1962,,0.56720006,1.8559002,1.7358001,,,1.0,0.5173,0.48810002,1.2559,1.1411,,,2.5,0.25,0.619,0.9091,0.73330003,0.77430004,0.64100003,2.3385,1.6129001,1.09,3.0000002,0.66670007,,3.4487002,,0.7526,,2.0,2.4796002,,0.67740005,1.4000001,0.9857001,0.75000006,0.52290004,0.5926,1.1957,,0.9175,1.0345,0.52940005,0.7658,2.7617002,3.1194,0.46520004,1.2432001,,1.0976,,0.48760003,1.0833001,0.94220006,0.84620005,0.66400003,,0.6,1.0,2.5155,,0.73800004,,0.79630005,0.39420003,0.64290005,0.2,1.3333001,0.6912,0.9426,0.87970006,,0.7051,0.79260004,1.1407,,0.66670007,0.943,2.2546003,0.5165,,2.0,,0.98450005,1.1613001,1.0938001,,1.3939,,1.5001,1.5000001,,0.74130005,1.6984001,0.9505001,0.35000002,,,,,0.5,,0.5547,,2.4390001,,0.29700002,,1.3251001,1.0,0.94560003,,1.5000001,2.7679,,,0.7005,0.6862,0.6029,0.65000004
1963,,0.69970006,1.4200001,1.7618002,,,1.0,0.57850003,0.5069,1.2559,0.5968,,,2.5,0.3,0.619,1.0769001,0.66670007,0.80670005,0.66670007,2.2407,1.6341001,1.087,3.5714002,0.9511,,3.5911002,,0.87540007,,2.0,3.1535,,0.67260003,1.0,0.9857001,0.75000006,0.58750004,0.6,1.2135,,0.92,1.34,0.5005,0.81490004,3.4592001,4.0848002,0.37510002,1.2747,,1.0941,,0.46690002,1.125,0.7791,0.84620005,0.6524001,,0.6,1.0,2.0357,,0.6011,,0.7982001,0.39040002,0.64940006,0.2,1.3333001,0.72580004,0.77570003,1.0024,,0.63290006,0.7925,1.2143002,,0.9286,0.9620001,2.3301003,0.50960004,,2.0,,1.1071,1.0968001,0.8824001,,1.3611001,,1.4593002,1.4783001,,0.76150006,1.6063001,0.9501,0.33070004,,,,,0.70000005,,0.77570003,,2.4390001,,0.40910003,,0.7946,1.0988001,0.94930005,,0.5,2.7573001,,,0.7009001,0.5429,0.5942,0.68750006
1964,,0.76350003,1.511,1.4507,,,1.0,0.52250004,0.5055,1.2559,1.1898001,,,2.5,0.25,0.6269001,1.2222,0.66670007,0.80670005,0.66670007,2.5,1.6324002,1.1538001,3.7500002,0.7828,,3.5526004,,2.357,,2.0,2.5467,,0.69200003,1.25,0.9857001,0.75000006,0.8195,0.5702,1.2653002,,0.9250001,1.7768002,0.5363,1.1701,2.6972,4.0446005,1.1098001,1.1646,,1.1047,,0.4873,1.1667,0.7113,0.84620005,0.6333,,0.59000003,1.0,1.9008001,,0.75130004,,0.81650007,0.39040002,0.6548,0.2,1.3333001,0.6963,0.76460004,0.98390007,,0.6337,0.8021,0.87280005,,0.8687,0.95930004,2.3299,0.50090003,,2.0,,0.6783,1.0645001,1.1500001,,0.9337001,,1.5084001,1.4583001,,0.79490006,1.5549,1.0072,0.33070004,,,,,0.37500003,,0.6423,,2.4390001,,0.5,,0.85520005,0.78180003,0.84690005,,0.5,2.6181002,,2.2284,0.7005,0.70220006,0.6143,0.68750006
1965,,0.7263,1.2913,1.3935001,,,1.0,0.53920007,0.51350003,1.2559,1.5780001,,,2.2222002,0.34620002,0.76470006,1.1545,0.73330003,0.77430004,0.61590004,2.3333,1.6250001,1.1538001,3.5000002,0.76690006,,3.8381002,,2.14,,2.0833,2.7863002,,0.58070004,1.25,0.94290006,0.75000006,0.92800003,0.8916,1.3006,,0.93500006,0.67770004,0.42880002,1.0779,2.2141001,3.5965002,1.1419001,1.1252,,1.0867,,0.48790002,1.6,0.85200006,0.92780006,0.6341,,0.54,1.0,2.3761003,,0.84300005,,0.8227,0.3544,0.6548,0.2,1.3333001,0.5712,0.71330005,0.92990005,,0.63100004,0.81000006,1.5568001,,0.9531,0.98890007,2.3301003,0.46130002,,1.8507,,1.5611,1.1333001,1.1515001,,0.9114001,,1.3868002,1.4000001,,0.78110003,1.5333002,0.95070004,0.3289,,,,,0.28270003,,0.55270004,,2.4333003,,0.45830002,,1.5919001,0.7767,0.88890004,,0.5014,3.2405002,,2.1308002,0.7005,0.8571,0.6286,0.6933
1966,,0.91730005,2.1243002,1.1092,,,1.0,0.50450003,0.53050005,0.87890005,2.7308002,,,2.2222002,0.36,0.80950004,1.3846,0.73330003,0.87720007,0.63750005,2.0,1.6333002,1.1,2.6667001,0.79,,3.9503002,,1.5608001,,2.1875,2.8398001,,0.7261,1.25,0.84290004,0.64290005,0.90110004,0.6732001,1.3357,,0.9365001,1.0083001,0.5109,1.2477,3.2073002,3.5535002,0.4444,1.1429001,,1.1,,0.56350005,0.96980006,0.88040006,0.82640004,0.4,,0.62,1.0,2.4502,,0.8065,,0.8364001,0.38250002,0.65220004,0.2,1.3333001,0.5078,0.6806,0.96830004,,1.1998001,0.82000005,1.0172001,,1.2340001,1.1026,2.3283002,0.49640003,,1.6913002,,0.83860004,1.1333001,1.1504,,1.6452,,1.1069001,1.3846,,0.6636,1.5385001,1.0658001,0.34210002,,,,,0.3138,,0.65790004,,2.1094,,0.41670004,,1.5036,0.5196,0.91550004,,0.41170004,3.5026002,,2.3196,0.6995,0.6886,0.6528,0.8
1967,,0.9118,1.5659001,1.5680001,,,1.0,0.5276,0.46040002,0.754,2.1200001,,,2.2222002,0.32310003,0.6346,1.3846,0.53990006,0.75170004,0.6711,2.25,1.6545001,1.0625,2.6667001,0.8506,,4.0095,,2.5244,,2.1399,2.3665001,,0.67340004,1.25,0.90000004,0.66150004,0.9991,0.7185,1.3193,,0.94000006,1.6129001,0.5454,1.2879001,2.4527001,3.5084,,1.1429001,,1.1381,,0.5666,0.93130004,0.90980005,0.82960004,0.6517,,0.62,1.0,2.4751003,,0.6386,,0.85450006,0.38250002,0.65220004,0.2,1.3333001,0.64530003,0.71570003,0.9904001,,2.1578002,0.81640005,1.3909001,,1.1905,1.1094,2.7207,0.49830002,,1.6373001,,0.9211,1.1667,1.1517,,1.3360001,,1.1,1.4286001,,0.86020005,1.5455,1.0406001,0.34010002,,,,,0.22680001,,0.6654,,2.4606001,,0.41670004,,1.9080001,0.46330002,0.92410004,,0.8709001,3.1633003,,2.3107002,0.70000005,1.1375,0.6575,0.7939001
1968,,1.6505,1.6059,1.5409001,,,1.0,0.5551,0.6377,0.47120005,1.8475001,,,2.2222002,0.1814,0.619,1.4167,0.53920007,0.70930004,0.6826,2.2222002,1.6333002,1.0833001,3.3333,1.0016,,4.0311003,,2.8898,,2.1292,3.6777,,0.5518,1.25,0.90540004,0.66670007,1.0721,0.8951,1.3026,,0.94500005,1.4792,0.52340007,1.2478001,2.2399,3.4744,0.2843,1.1111001,,1.0732,,0.6528,0.305,0.78110003,0.7084001,1.2749001,,0.62,1.0,2.5703,,0.7965,,0.85330003,0.40410003,0.7368,0.2,1.3333001,0.36110002,0.6298,1.0127001,,2.1905,0.68140006,1.5383002,,1.2609001,1.0991,1.9497,0.55390006,,2.8703003,,1.0,1.2143002,1.5000001,,1.6155001,,0.95000005,1.2189001,,0.6477001,1.5000001,1.0919001,0.35000002,,,,,0.25,1.4404001,0.674,,2.1342,,0.45900002,,1.6134001,0.51850003,1.1043001,,0.77800006,3.3046002,,2.3564,0.69890004,0.7481,0.6575,0.40760002
1969,,1.1528001,1.7964001,1.4042001,,,1.0,0.5558,0.5,0.46780002,3.2157001,,,2.2222002,0.2853,0.77500004,1.3793001,0.54020005,0.7684001,0.70370007,2.2522001,1.6346,1.125,3.3333,0.883,,4.0849,,2.9209,,2.1333,3.6886003,,0.5513,1.25,0.82430005,0.6,1.0293001,1.1064001,1.2874001,,0.9858,1.8479002,0.52250004,1.1338001,2.5019,3.2903001,,,,1.0250001,,0.65840006,0.55550003,0.66800004,0.6725,0.7189001,,0.57530004,1.0,2.7807,,0.90020007,,0.7291,0.41750002,0.70000005,0.2,1.6667,0.48620003,0.5241,1.0355,,2.1795,0.8331,1.1090001,,1.3393002,1.0641,1.9192001,0.5776,,2.1458,,0.59120005,1.1852,1.5000001,,1.5804001,,1.0,1.2593001,,0.92730004,1.4583001,1.1254001,0.3508,,,,,0.27220002,0.7469001,0.7343,,2.0131001,,0.5079,,1.485,0.4683,1.1844001,,1.2451,3.4097002,,1.0256001,0.69780004,0.78040004,0.66670007,0.3583
1970,,1.1554,1.9277,1.5259001,,,0.97760004,0.48310003,0.54090005,0.8324001,2.075,,,2.2222002,0.058300003,0.80950004,1.6858001,0.48360002,0.7048,0.8669001,2.2015002,1.6286,1.0667,3.4872,0.8566,,4.1611004,,4.0319,,2.15,3.2957,,0.76570004,1.25,0.9459001,0.6,0.82060003,0.88820004,1.2736,,0.97670007,1.4950001,0.4665,1.2492,2.5587,3.1054,,,,1.0945001,,0.6873,0.6161,0.57190007,0.6891,0.81020004,,0.51890004,1.0,2.8295002,,0.8306,,0.77870005,0.35310003,0.717,0.21000001,1.3333001,0.38810003,0.7091,1.0761,,2.1719,0.86170006,1.6580001,,1.3846,1.1287,1.9643002,0.5896,,3.4031003,2.2212,1.5514001,1.2083001,1.1137,,0.5928,,1.1,1.1111001,,0.62350005,1.2632,1.1853001,0.35000002,,,,,0.30570003,1.0463,0.71220005,,1.9571,,0.55910003,,1.7805,0.5546,1.4855001,,1.1438001,3.1605,,2.2112,0.68770003,1.1555,0.6,0.335
1971,,0.98780006,2.0191002,2.3513002,,,0.9753,0.6819001,0.46220005,0.75390005,2.4114,,,2.2222002,0.45540002,0.7778,1.7308002,0.5,0.70640004,0.87630004,2.6015,1.6528001,1.1,3.7500002,0.69790006,,4.1134,,4.1711,,2.1311002,4.1289,,0.74090004,1.25,0.9459001,0.52000004,1.3262,0.7551,1.261,,0.9814001,1.6120001,0.4603,1.1227,3.2037,2.7758002,0.5,,,1.0891,,0.7123,0.5899001,0.70970005,0.75290006,1.4518001,,0.5191,1.0,2.6886003,,0.8676,,0.82000005,0.2042,0.7667,0.20950001,1.3333001,0.46060002,0.70430005,0.93170005,,2.3591,0.89320004,2.1776001,,1.6,1.2351,1.6953001,0.6154001,,3.0961003,2.4705002,2.2403002,1.1667,1.2222,,1.5625001,,1.1,0.48950002,,0.9066,1.2708001,1.2413001,0.3518,,,,,1.3503001,1.5414001,0.6298,,1.94,,0.5906,,1.6987001,0.485,1.1336,,1.3363001,3.3752,,0.9857001,0.75030005,1.45,0.6779001,0.57470006
1972,,0.90000004,1.5739001,1.9236001,,,0.92160004,0.6158,0.48760003,0.72190005,1.3038001,,,2.7778,1.0652,0.8298,1.6,0.45160002,0.7393,0.8783,2.5,1.6860001,1.0,4.0,1.0734,,4.0956,,4.0068,,2.1875,2.9875002,,0.7609001,1.25,0.93240005,0.6,1.1125001,0.9858,1.2494001,,0.98170006,2.2078001,0.44920003,0.8718,3.2581003,3.5379,0.95820004,,,1.1220001,,0.69900006,0.64970005,0.64400005,0.3328,0.8964001,,0.6063,1.0,2.3549001,,0.73200005,,0.836,0.19940001,0.82500005,0.20910002,1.3333001,0.36770004,0.60620004,1.0608001,,2.6316001,1.018,1.7687,,1.1111001,1.2071,2.0417001,0.60330003,,3.1805003,1.4106001,1.7757001,1.1739001,1.2031001,,1.5556,,1.1,0.64400005,,0.5228,1.2653002,1.1176001,0.351,,,,,0.97340006,1.0424001,0.46570003,,1.9538001,,0.64000005,,2.4620001,0.50070006,1.3176,,1.3482,3.8071003,,1.4146,0.6821,1.5839001,0.6302,0.5507
1973,,1.1,2.2667,1.4602001,,,0.99670005,0.6697,0.4643,0.72800004,0.81970006,,,1.6958002,0.1585,0.82000005,1.8000001,0.5,0.6833,0.87100005,2.0694,2.0700002,1.1,3.4,1.3878001,,4.1682005,,3.7921002,,3.2553003,4.4712005,,0.75380003,1.25,0.93240005,0.64290005,1.6166,1.3716,0.76940006,,0.8438,2.1715002,0.54420006,1.0781001,3.7595003,3.528,0.106400006,,,1.1220001,,0.7178,0.66420007,0.75290006,0.67190003,0.97330004,,0.36310002,1.0,2.7603002,,0.6948,,0.85200006,0.2042,0.80130005,0.2087,1.3333001,0.28160003,0.60120004,1.056,,2.5707002,0.93750006,2.5891001,,1.0889001,1.3033001,2.2456002,0.64150006,,3.3701003,1.4253001,2.6617,1.1304001,1.2092,,1.8571,,1.0799,0.1887,,0.71050006,1.2600001,1.3143001,0.3423,,,,,0.6986,0.938,0.49890003,,1.7037001,,0.5496,,2.5964,0.5439001,1.3554001,,1.9953002,3.6910002,,1.4184,0.73450005,1.0374001,0.5777,0.3319
1974,,1.125,2.4942,1.9660001,,,0.9850001,0.6887,0.5311,0.8031,,,,2.1874,0.9038,0.61820006,1.7708001,0.5161,0.84000003,0.88640004,2.2262,1.9472001,1.1,3.3585002,0.7795,,3.9129,,4.2978,,1.8806001,4.1930003,,0.81810004,1.25,0.9865,0.625,1.8564001,1.6241001,1.2289001,,0.93100005,2.1716,0.6433,1.0297,4.4358,3.7706003,0.46580002,,,1.0617,,0.70750004,0.7745,1.0109,1.0090001,1.2440001,,0.6796,1.0,2.7537,,0.76750004,,0.86,0.3319,0.83330005,0.20830001,1.3667,0.39960003,1.0174,0.9344001,,2.5806003,0.9225,1.9037,,1.6591,1.2751,2.1948001,0.59650004,,3.6999002,1.8408002,1.9572,1.1818001,1.2812,,1.9000001,,0.90120006,0.42020002,,1.0447,1.2308002,1.029,0.31530002,,,,,0.85870004,0.96520007,0.64840007,,1.3724,,0.56390005,,2.7401001,0.6291,0.9401,,1.9238001,2.8305001,,1.1992,0.6713,2.0387,0.38570002,0.56850004
1975,,1.1667,2.4563003,1.7629001,,,0.98330003,0.88970006,0.6459001,0.76170003,,,,2.3269,0.33800003,0.6226,1.8889002,0.64190006,0.86270005,0.8406,2.5,1.84,1.1,3.6124,1.46,,3.7710001,,4.1556,,3.2115002,3.6210003,,0.6495,1.25,0.71570003,0.6,1.4092001,1.6270001,0.94000006,,0.96430004,2.5455,0.5906,1.0536001,4.3514,3.7005002,0.46890002,,,1.0626,,0.75270003,0.5385,0.96180004,0.6836,1.2821001,,0.7447001,1.0,2.855,,0.87140006,,0.72,0.4388,0.83330005,0.208,1.4000001,0.32090002,1.0702,1.0514001,,2.6217,0.83950007,1.5457001,,1.3766,1.3207,2.0,0.59050006,,3.0048,2.2038002,1.4868001,1.1905,1.3093001,,2.3346002,,1.0869001,0.5396,,0.9779001,1.25,1.3205,0.3368,,,,,0.67170006,0.94710004,0.5709,,1.3449001,,0.563,,2.7106001,0.5556,1.5002,,1.4295001,3.0740001,,1.5997,0.87130004,1.5945001,0.6106,0.51420003
1976,,1.0,2.7156003,2.2302,,,0.97730005,0.7473,0.5062,0.7368,,,3.3333,2.2799,0.5554001,0.6111,2.0092,0.647,0.785,0.8594001,2.4637,1.6373001,1.1,3.4221003,1.4323001,3.7700002,3.8066003,,4.2362003,,2.1414,3.2829,,0.75900006,1.25,0.58620006,0.72730005,2.0174,1.3085,0.72080004,,1.0385001,2.3141003,0.66730005,0.9110001,5.3846,3.9480002,1.4775001,,,1.0689001,,0.77690005,0.83330005,0.9502001,0.5547,0.39650002,,0.1989,1.0,3.2186003,,0.6193,,1.0,0.5468,0.87500006,0.20770001,1.4333001,0.4656,0.60890007,0.9857001,,2.6042001,1.126,0.8388,,0.80100006,1.3038001,1.9814001,0.58470005,,3.1319,1.6793001,0.65860003,1.2,1.3169001,,1.6279001,,1.1206,0.50820005,,0.94600004,1.5000001,1.2514001,0.28550002,,,,,1.138,0.98640007,0.49040002,,1.1478001,,0.5357,,2.8443003,0.54550004,1.1932,,2.1907,3.0842001,,1.7182001,0.7406,1.4554001,0.49820003,0.5628
1977,,1.1538001,2.7347,1.7968001,,,0.9778,0.77150005,0.5966,0.72,,,3.2,2.4495,0.33,0.70210004,2.0505002,0.6423,0.7771,0.83540004,2.1435,1.6413001,1.1,3.6122,1.2688001,2.1667001,3.7752001,,4.6479,,1.0,3.3035002,,0.7486,1.25,0.56600004,0.71430004,1.4206,1.3619001,0.75000006,,0.73,2.1435,0.7393,0.77680004,4.8913,4.8848,0.79170007,,,1.0576,,0.8836,0.83330005,1.0041,1.4667001,0.114300005,,0.48000002,1.0,3.0600002,,0.5587,,0.92,0.37160003,0.9231,0.20740001,2.0,0.46690002,0.94430006,0.9857001,,2.5225,1.0118,1.0057001,,1.5222,1.4115001,2.7102,0.54690003,,3.2785,2.0391002,0.9664001,1.1765001,1.3276,,1.7692001,,1.1268001,0.50890005,,0.67570007,1.5714,1.1433,0.31660002,,,,,0.59190005,0.8826,0.5264,,0.8363,,0.52140003,,2.6526003,0.5,1.2283001,,1.7045001,3.5528002,,1.7937,0.7839001,1.4806,0.51890004,0.5308
1978,,1.2,3.1399,1.8127,,,0.95650005,0.6548,0.5781,0.7203,,,3.4983003,2.18,0.22140001,0.62750006,2.3279,0.6411,0.84340006,0.8665,2.2985,2.2056003,1.1,2.8028002,2.1123002,3.5946002,3.7223003,,5.301,,2.0,4.2481003,,0.75630003,1.1,0.72580004,0.65000004,2.0106,1.5091001,0.71840006,,0.6,1.3399001,0.7083,1.0988001,2.3077002,4.9423,0.37010002,,,1.0524001,,0.88890004,0.8,1.1302,1.4469001,1.1365,,0.5,1.0,2.9965003,,1.0488001,,0.8,0.3027,0.66670007,0.20710002,1.9300001,0.46640003,0.70170003,1.2486,,2.5970001,0.92780006,1.7108002,,1.0909001,1.4177,2.1617,0.53790003,,3.4904,2.0978003,1.6667,1.25,1.2648001,,1.9955001,,1.1288002,0.50270003,,1.1546,1.5714,1.1830001,0.3359,,,,,0.5343,0.93410003,0.52790004,0.64680004,1.4317,,0.4286,,2.9141002,0.6442,1.2264001,,2.0604,3.4228003,,1.8323002,0.90840006,2.1831002,0.54120004,0.57320005
1979,,1.2,2.9668002,2.4005,,,1.0,0.7189001,0.59040004,0.7692,,,4.5345,1.7,0.1017,0.6607,2.4117,0.6483,0.8401,0.89970005,2.2663002,1.8562,1.1,2.8846002,3.1783001,2.7184,3.7169,,5.0006003,,2.0,4.0346003,,0.74880004,1.25,0.5,0.6,2.1794,1.7711,0.6046,,0.78670007,2.4231002,0.6986,0.96360004,3.6585002,4.7124,0.37500003,,,0.88570005,,0.9717001,1.0,1.4103001,1.3453001,0.3718,,0.4334,1.0,3.4278002,,0.8255,,0.54690003,0.2194,0.66670007,0.2143,1.9529002,0.48950002,1.0413,1.2646,,2.6432002,1.4517,1.8499001,,1.1125001,1.4819001,2.1538002,0.5883,2.1176002,3.4525,1.9286001,1.7783002,1.2667,1.2345,,2.4803002,,1.1023,0.52430004,,0.8511,1.5714,1.1183001,0.30380002,,,,,0.721,1.5104,0.44300002,0.7548,1.2416,,0.45000002,,2.7319,0.9929001,1.6898001,,1.2341,3.9283001,,1.641,0.91800004,1.508,0.5,0.5856
1980,,1.2,2.3143,1.7779001,,,1.0,0.6266,0.5716,0.7692,,,4.471,2.3053002,0.22320001,0.6545,2.5158002,0.5833,0.86880004,0.89940006,2.0899,2.0811002,1.1,2.7425,2.1852,2.9643002,3.7333002,,4.8595004,,0.86420006,4.5542006,,0.50570005,1.25,0.8036,0.64290005,1.672,2.2547,0.8417001,,0.74100006,2.8821003,0.6598,0.96550006,2.2857,4.4739003,0.59830004,,,0.9524001,,1.0275,1.0,0.89460003,0.9666,0.58840007,,0.28210002,1.0,3.039,,0.79880005,,0.66670007,0.3218,0.66670007,0.21380001,1.5728002,0.4788,1.1229001,1.8180001,,2.5424001,1.6011001,1.6467,,1.2143002,1.3000001,2.2,0.58400005,2.16,2.9650002,1.9000001,2.1873002,1.3846,1.2857,,1.3568001,,1.2372,0.31270003,,0.7716,1.5714,1.1707,0.30650002,,,,,0.69140005,1.1108001,0.50810003,0.75020003,1.0128,,0.49300003,,3.3667002,0.68920004,1.7904001,,1.6922001,2.9061003,,1.6642001,0.9674001,2.6932,0.5,0.6492
1981,,1.2,3.5952,1.8298001,,,1.0,0.60590005,0.60490006,0.7692,,,3.4885,2.3093002,0.23120001,0.7049001,2.5479,0.56720006,0.70620006,0.8995001,2.3000002,1.4876001,1.1,3.1884,1.6133001,3.5778003,3.7670002,,4.2469,,0.64180005,4.8111005,,0.6616,1.25,1.082,0.66670007,2.3960001,2.1200001,0.9934001,,0.75970006,4.5185003,0.72670007,0.96770006,2.5888002,5.8403,0.4483,,,1.1131,,1.1992,0.71430004,1.1111001,0.7953,0.3745,,0.47500002,1.0,3.6133003,,0.85590005,,0.66670007,0.29560003,0.66670007,0.21330002,1.5526,0.3274,1.6200001,1.5971,,2.5882,1.4579,1.7570001,,1.2283001,1.5976001,2.4,0.57220006,2.173,3.4586003,1.8750001,1.9207001,1.3333001,1.2995001,,1.4161,,1.0489001,0.52570003,,1.3649001,1.5714,1.1762,0.4298,,,,,0.7315,1.1142,0.66200006,0.63850003,1.0277,,0.3378,,3.9671004,0.6071,1.8824002,,2.6965,4.0195003,,1.5117,1.0978001,2.5251002,0.6488,0.59790003
1982,,1.2,3.1873002,2.0288002,,,1.0,0.6438,0.58100003,0.7692,,,3.6111002,1.8466,0.103800006,0.7031,2.5099,0.54490006,0.6463,0.89970005,1.9526001,1.7183001,1.1,2.6159,1.9300001,2.9978,3.7078001,,4.1738,,1.1429001,4.5599003,,0.5833,1.1,0.9506,0.65000004,1.4761001,2.515,0.9649001,,0.68770003,3.1023002,0.6566,0.96770006,5.1701,4.9013,0.42520005,,,0.64430004,,1.1353002,0.66670007,0.85150003,0.54450005,0.8212001,,0.4208,1.0,3.673,,0.81790006,,0.5429,0.2874,0.66670007,0.2129,1.6585001,0.31620002,1.6332,2.1335,,2.5869,1.4291,1.1876,,0.947,1.5043001,2.4,0.5694001,1.8947,3.2494001,1.8333001,1.1124,1.4615,1.3198001,,1.2653002,,1.2079,0.63560003,,0.89580005,1.5000001,1.0437,0.4354,,,,,0.33210003,0.95330006,0.6753,0.8899001,1.0005001,,0.33110002,,3.6798003,1.7963002,1.35,,2.1743002,3.7077,,1.7135,0.9093,1.4047,0.652,0.3235
1983,,1.2963,3.2143002,1.3559,,,1.0,0.53520006,0.56390005,0.7692,,,2.9220002,1.7010001,0.1504,1.0526,3.0865002,0.503,0.625,0.90000004,2.1890001,1.5906,1.1,2.9472,2.64,2.2765002,3.7636003,,3.9025002,,1.5957,4.5926003,,0.48180002,1.1905,1.029,0.6571,1.5955001,1.7077,0.91110003,,0.739,2.3365002,0.72540003,1.0952001,5.4881005,4.405,,,,0.29170004,,1.0877,0.8,0.9756,0.65940005,0.6066,,0.48520005,1.0,3.1853,,0.86780006,,0.57140005,0.23330002,0.3016,0.2194,2.0214002,0.321,1.6202,2.1848001,,2.5862,1.4977,2.2483,,0.99670005,1.3925,2.6667001,0.5683,1.7500001,2.8787,1.7470001,2.3213003,1.5000001,1.1815001,,1.1159,,1.0796,0.79490006,,0.86670005,1.3333001,1.1134001,0.35770002,,,,,0.40120003,1.0622,0.5331,0.8917,1.304,,0.30770004,,3.4778001,0.99740005,1.9662,,1.9089001,3.0598001,,1.8500001,0.4198,0.89470005,0.7555,0.17910002
1984,,1.2963,2.9114,2.5817,,,1.0,0.74770004,0.61550003,0.76470006,,,3.9910002,1.8302001,0.116500005,1.0,3.1484,0.6081,0.56880003,0.90020007,2.4815001,1.6472,1.1,2.6974,1.7425001,3.1323001,3.6667001,,4.6021004,,1.4746001,4.5172005,,0.6825,1.3636,1.1233001,0.63640004,1.7308002,1.4041001,0.87820005,,0.7588,2.2737,0.71540004,1.3925,5.5833,4.6188,,,,0.63070005,,1.1930001,1.0,1.2,0.6175,0.7543,,0.5964001,1.0,3.0801003,,0.9552001,,0.57890004,0.2874,0.66990006,0.21880001,1.4647,0.21530001,1.0449001,2.134,,2.2222002,1.3153001,2.0043,,1.2706001,1.4789001,3.2642002,0.5836,1.7055001,3.1776001,1.9369001,2.2682002,1.5000001,1.1955,,1.3827,,0.98810005,0.9308,,0.90000004,1.2667,1.2090001,0.40610003,,,,,1.1378001,0.72830003,0.5836,0.71050006,1.3191,,0.2963,,4.2018,0.9896,1.199,,2.5507002,3.5410001,,1.9802,0.4118,1.5418001,0.6871,0.33460003
1985,,1.2963,3.1552,1.8935001,,,1.0,0.7436,0.74070007,0.75780004,,,3.9854002,1.5765,0.17830001,1.0113001,2.8823001,0.6111,0.7749001,0.90000004,2.5970001,2.3572001,1.1,2.7435002,0.91110003,3.0278,3.8252,,4.7789,,1.8333001,4.6818,,0.7178,1.3913001,0.92080003,0.8,2.1430001,1.5188001,0.76600003,,0.85120004,2.5740001,0.63350004,1.0847,7.8095,3.7185001,,,,0.75000006,,1.1800001,1.0500001,0.76000005,0.7256,0.5726,,0.6,1.0,3.5425003,,1.1229001,,0.65790004,0.48670003,0.67350006,0.22500001,1.3279,0.28820002,1.0101,2.0543,,2.1101003,0.66040003,1.631,,1.0829,1.5256001,2.0122,0.587,1.6389002,3.1651003,1.3474001,1.9934001,1.5000001,1.3012,,0.84620005,,1.235,1.1519,,0.95790005,1.1111001,1.1594001,0.49570003,,,,,1.5819001,1.0760001,0.6865,0.64840007,1.3862001,,0.2963,,4.5581,1.3793001,1.6298001,,2.0796,4.1899,,1.9289001,0.43260002,1.774,0.81520003,0.5781
1986,,1.2950001,3.1250002,1.9283001,,,1.0,0.80340004,0.7601,0.77430004,,,3.9272,1.8751,0.1649,1.2332,2.8699,0.6111,1.0593001,0.5721,2.6451,2.3236003,1.1,2.7859,1.5385001,2.4822001,3.8926003,,5.1084003,,2.0,3.7391002,,0.72730005,1.3913001,1.0286,0.8,2.6954,1.5028001,0.7496,,0.8,6.1162004,0.57600003,0.99270004,2.3958,6.2816005,,,,0.9206,,1.2293001,0.9664001,0.5831,0.64430004,0.63850003,,0.597,1.0,3.1501002,,1.1122,,0.6675,0.52500004,0.6476,0.22810002,1.8771001,0.32930002,1.054,2.1101003,3.1056004,2.1327,1.0542,1.8566,,1.0027001,1.4177,2.3558002,0.5899001,2.2101002,3.6489,1.4900001,1.8333001,1.5000001,1.3193,,1.3667,,1.2904,1.1559001,,0.9614001,1.1111001,1.2288,0.61480004,,,,,1.881,1.3241,0.6348,1.0373001,1.1501,,0.29410002,,4.2735,0.81250006,1.3470001,,2.6085002,4.2521005,,1.9852,0.75900006,1.2552,0.75560004,0.76280004
1987,,1.2800001,3.0673,1.7344002,,,0.9921,0.7702001,0.72080004,0.7711,,,2.9912002,1.9046,0.15830001,0.8277001,2.9120002,0.62160003,0.7063,0.5748,2.7132,2.5673,1.1,2.7493002,1.8889002,2.92,4.1377006,,5.1940002,,2.0,5.8543,,0.75810003,1.4000001,0.72940004,1.0,3.6883001,2.2038002,1.1452,,0.8,3.2008002,0.7623,0.9756,2.0833,5.5862,,,,0.8029001,,1.3103001,1.1849,0.61170006,0.44050002,0.6111,,0.59830004,1.0,3.4054,,1.0447,,0.66670007,0.77590007,0.47480002,0.22730002,1.7797,0.27260002,1.0631,1.4464,3.0952,2.1905,1.139,1.8267001,,1.2396001,1.4192001,2.5032,0.56470007,2.5670002,3.2069001,1.4286001,1.8272,1.5000001,1.4308001,,1.0417,,1.21,1.7322,,0.86990005,1.0611,0.20750001,0.47190002,,,,,2.0,1.0,0.62920004,0.7166,1.2001001,,0.3,,4.6159,0.87470007,1.5517,,2.9410002,4.3558,,1.9918002,0.7986,1.6883001,0.5516,0.3079
1988,,1.2780001,3.3473003,2.1916,,,0.8286,0.73330003,0.7788,0.7667,,,3.7032,1.5181,0.38700002,1.2252,3.1357,0.6316,0.81600004,0.6308,2.6534,2.1069,1.1,2.835,2.5233002,1.8292,4.4426003,,5.4444003,,2.0,5.6667004,,0.7124001,1.7941,0.87640005,1.6420001,1.0,1.8868002,0.89500004,,0.7997,2.6850002,0.6966,0.9756,8.0,4.3765,,,,1.0007001,,1.2969,1.212,0.66670007,0.70000005,0.60090005,,0.6,1.0,3.2748003,,0.99020004,,0.45670003,0.65970004,0.7235,0.22940001,1.3000001,0.3798,1.085,1.6935,3.0952,2.2394,1.1632,2.1650002,,1.2333001,1.3667,2.1042001,0.57540005,2.2228003,3.5249,1.4485,2.2222002,1.5000001,1.3421,,1.2113001,,0.92570007,1.0998001,,0.84360003,0.83750004,1.2572,0.4115,,,,,0.76170003,0.6976,0.7426,0.65680003,1.2386,,0.4,,4.322,0.8594001,1.4764001,,2.706,4.0033,,2.0900002,0.9293,1.9969001,0.76140004,0.81240004
1989,,1.2806001,2.3397,1.9904001,,,1.1293001,0.77180004,0.72760004,0.78040004,,2.7698002,4.9824,1.4640001,0.26310003,1.2595,2.7615001,0.56820005,0.7041,0.63000005,2.91,2.278,1.1,2.9114,1.8632001,1.6695001,4.5581,,5.7204003,,2.6667001,4.2061005,,0.75170004,1.7167001,1.1097,0.82190007,1.0,1.4704001,0.94500005,,0.80730003,3.0132,0.8693,0.9524001,2.7273002,6.3742003,,,,0.96520007,,1.4580001,1.2502,0.75000006,0.76890004,0.6847001,,0.6,1.0,3.0861003,,0.9437001,,0.43,0.7571,0.6722,0.23530002,1.0500001,0.2608,0.97520006,1.5449001,3.1765,2.2302,1.3543001,2.2092001,,1.1691,1.3197,1.9473002,0.59590006,2.4058,3.5284002,1.4538001,2.25,1.5000001,1.3452001,,0.7238,,1.1103001,1.0699,,0.96510005,0.84400004,1.2496,0.6065,,,,,0.7832,0.43860003,0.54740006,0.78340006,1.2977,,0.4,,4.2376003,1.1031001,1.5020001,,2.069,3.4792001,,2.0630002,0.98990005,2.2412,0.6491,0.49800003
1990,,1.25,2.8116002,2.4883,,,1.0983001,0.7307001,0.5827,0.81030005,1.7778001,3.7006004,3.5895002,1.715,0.25,0.77720004,3.6735,0.57780004,0.8489001,0.62820005,2.8476002,1.6335001,1.0497,2.4008002,1.6571001,2.8273,4.6920004,,5.3234,,2.5,4.1296005,,0.63100004,1.6420001,0.63070005,0.88400006,2.0,1.6237,1.0182,,0.8,2.1466002,0.8136,0.72730005,2.7915,4.8234,,,,0.84730005,,1.3935001,1.25,0.71430004,1.0112001,0.5496,,0.59690005,1.0,3.2888002,,0.6571,,0.4329,0.51530004,0.5015,0.2052,1.5789001,0.1257,1.0,1.621,3.1818001,2.1477,1.3177,3.8298001,,1.0,1.3659,2.4055002,0.5736,2.644,2.7036002,1.4793001,4.1152005,1.3336,1.1646,,0.6731,,1.0688001,1.2369001,,0.91010004,0.5936,1.2423002,0.5556,,,,,1.1229001,0.47270003,0.6384001,0.62290007,1.2590001,,0.4286,,3.9442,1.2211001,1.5000001,,2.2680001,3.9592001,,2.141,0.87070006,1.7398001,0.40420002,0.6836
1991,,0.66670007,3.3320003,1.9865001,,,1.1241,0.78180003,0.9092001,0.8376,1.797,3.2897,3.219,1.4834001,0.36630002,1.0088,3.5619001,0.57780004,0.7692,0.61,2.8784,2.0,0.5816,1.9295001,2.4231002,1.5289001,4.9724,,5.5615,,2.6560001,5.4849,,0.9193,1.5715001,0.96360004,1.0278001,3.0000002,1.1759001,0.95860004,,0.81820005,3.3200002,0.6553,0.4348,3.7736003,5.5089,,,,0.95720005,,1.3935001,1.3000001,0.6911,0.53990006,0.47120005,,0.629,1.0,3.1195002,,1.0898001,,0.33560002,0.4514,0.59790003,0.34410003,,0.1337,0.9691,1.4726001,3.1395001,2.1212,1.3433001,2.6204,,1.1221,1.2967,2.1335,0.5866,2.6290002,3.0554001,1.2190001,2.6190002,1.0883001,1.3389001,,1.575,,1.2813001,0.95190006,,0.7838,0.53940004,1.3228002,0.4143,,,,,0.50630003,0.8087,0.569,0.7378,1.2991,,0.3333,,4.1815004,1.0200001,1.4819001,,3.1718001,3.7193003,,2.2089,0.6478,1.8193002,0.65870005,0.59830004
1992,,0.3773,3.6217,2.5431,,0.057800002,1.1517,0.76870006,0.9437001,0.8988,1.8059001,2.7387002,2.799,1.7190001,0.29090002,1.2618,3.5961003,0.55320007,0.76000005,0.611,3.0684001,,0.5823,2.5700002,4.0,1.3955001,5.1247005,,5.6207004,,2.6882,5.6007004,,0.84220004,1.5038002,0.94850004,0.8561,2.0,1.2008001,1.2883002,4.5214,0.83330005,1.7800001,0.98200005,0.6125,2.7778,5.9232006,,,1.1765001,1.1216,1.0,1.297,1.3988001,0.7034001,0.61230004,0.5558,0.9250001,0.6225,1.0,3.8910003,1.291,0.6449001,,0.1689,0.50200003,0.143,0.09730001,1.4310001,0.15410002,1.0795001,1.8239001,3.5556002,1.9737,1.2247,2.4839,2.4188,,1.5291001,,0.591,3.0799,2.5526001,1.2019001,2.6000001,1.1335001,1.4001,,0.55,0.8784001,0.75070006,1.1577001,,0.8884001,0.6,1.4383001,0.30670002,,,,,0.62270004,0.97850007,0.7396,0.77570003,1.4440001,1.172,0.37820002,,4.3118,0.85950005,1.5000001,0.8571,2.8877,4.5579,1.5679001,2.2310002,1.0602,0.6178,0.3226,0.3914
1993,,,3.9529002,1.2834,,0.1659,1.1259,0.76370007,1.1027,0.8948,1.7297001,2.7055001,3.2474,2.0167,0.5236,1.1576,4.1058,0.549,0.76470006,0.61200005,3.1389,,0.583,2.1713002,5.0,1.2949001,5.3366003,0.31970003,4.566,1.4018002,2.7198002,6.1242003,,1.0604001,1.439,1.1045,0.90020007,5.6238003,1.1691,0.91830003,3.9320002,0.7875,1.6971,0.8981,0.83330005,6.6479,5.9684,,,1.25,0.7454001,1.0,1.343,1.4394001,0.6154001,1.2704,0.75450003,1.0692,0.61600006,1.0,2.9408002,0.36,0.7534001,,0.41300002,0.5856,0.49210003,0.23330002,1.9333001,0.1341,1.0796,1.8926,3.7000003,,,2.3231,2.0666,,1.3510001,,0.5821,2.8039,4.5815,1.4285,2.3333,1.1937,1.3349001,,0.97880006,1.2800001,1.281,1.2034001,,0.7841,0.68850005,1.5254,0.28570002,,,2.4771001,,0.5,0.89570004,0.4909,0.6442,1.4272,1.3716,0.3885,,4.3938,1.1208001,1.5020001,0.71430004,3.1952002,3.7605002,1.6087,2.2509,1.0366,2.1564,0.7613,0.64640003
1994,,,3.5065002,2.1697001,,0.23230001,0.99380004,0.7778,0.77930003,0.98920006,1.7368001,2.6989,2.0882,1.9056001,0.21820001,0.80200005,4.6267004,0.56990004,0.72920007,0.61200005,2.9611003,,0.5838,2.0233002,,0.8923,4.6272006,0.9028,3.7951002,0.9319001,2.7507,5.5026,,1.0825001,1.3768001,1.056,0.92100006,3.7895002,0.83550006,0.69530004,4.3162003,0.75000006,1.7974001,0.77860004,0.8571,2.0244002,5.9924,14.950001,,1.2857,0.864,1.0,1.2930001,1.5068002,0.71320003,0.87560004,0.47190002,0.91670007,0.60950005,1.0,2.9566002,1.0652,0.7641,,0.44230002,0.5773,0.3059,0.2062,2.8000002,0.1518,1.08,1.8596001,3.7500002,,,2.4715002,2.3252,,1.3611001,,0.6011,2.5536003,4.2052,1.1520001,2.4286003,1.0657,1.2992,0.5503,0.94060004,1.1829001,0.68500006,1.1477,,0.8672001,0.80840003,1.4961001,0.40600002,,,2.8500001,,0.6154001,0.73350006,0.7821,0.53830004,1.3644001,1.4087,0.4,,4.3564,0.7207,1.5000001,0.6,2.7997,4.5633,1.5672001,2.0701003,0.99120003,2.2916002,0.6348,0.32760003
1995,,,3.4588003,1.8555001,,0.13170001,1.3168001,0.8205,0.8758,0.9804001,1.4583001,2.9136002,2.9691002,1.7981001,0.35970002,0.7343,3.9144,0.5616,0.8679001,0.65400004,3.0640001,,0.5845,2.4329,1.2667,1.2067,4.477,0.48200002,4.2969003,1.2401,3.0000002,5.5990005,2.5,1.0765,1.3174001,0.8489001,0.9269001,3.7299001,1.161,0.8281,4.0301003,0.76750004,1.6697,0.82350004,0.88890004,4.0094,6.2412004,15.142901,,0.5,0.59840006,1.0,1.3567001,1.5752001,0.92120004,0.8028,0.086600006,0.6948,0.60300004,1.0,3.0385,1.4643002,0.8345,,0.5648,0.63500005,0.7261,0.2933,1.4714001,0.216,1.148,2.0630002,3.7857,,,2.4239001,2.6042001,,1.2894001,,0.60990006,2.8244,4.2594,1.2279,2.5,1.0,1.4752,0.6794001,0.7633,1.2698001,1.1521001,1.1477,,0.8579001,0.70040005,1.4970001,0.3429,,,2.4940002,,0.71790004,1.0209001,0.64790004,0.86520004,1.5032,1.9182,0.4,,4.2491,1.2168001,1.5000001,0.8942,3.1881003,3.4882002,1.8026,2.265,1.0357,2.0319002,0.6571,0.3369
1996,,,3.8763003,2.0677001,,0.1389,1.3206,0.762,0.90950006,0.9959001,1.3158001,3.5058002,2.9980001,1.8118001,0.35920003,0.7835,4.3924003,0.60550004,0.9096,0.661,3.2993002,,0.5852,2.6850002,1.475,1.1725,4.352,0.24630001,4.7204003,1.3575001,2.8012002,6.2667003,2.4822001,1.1245,1.2605001,1.0803001,0.9078,3.6635,1.1846,1.1612,4.1101003,0.7469001,1.9934001,0.9591,1.0,7.8610005,5.8388,10.9481,,0.79020005,0.59540004,0.65000004,1.4823002,1.7170001,0.95100003,0.85910004,0.60550004,0.3774,0.59650004,,3.1169,1.2,0.9990001,,0.5698,0.68590003,0.7196,0.2174,,0.12810001,1.1442,2.2474,4.0,,,2.7781003,2.6025002,,1.5258001,,0.5931,2.0140002,5.1836004,1.1483,2.7778,1.241,1.5017,0.70320004,0.58750004,0.57540005,1.3610001,1.1513001,,0.8948,0.75930005,1.5242001,0.41700003,,,2.4096003,,0.71430004,0.8313,0.6036,0.62630004,1.6727,0.7338,0.40750003,,5.0465,1.3103001,1.0996001,0.71430004,3.0391002,4.2263002,1.5000001,2.164,0.85670006,3.0774,0.74500006,0.43810004
1997,,,3.6845002,2.6195002,,0.08330001,1.2401,0.8061,0.6804001,1.0297,2.5429,3.0869,2.4979,1.9757,0.24550001,0.8424001,3.3564,0.5936,0.88890004,0.661,3.2129002,,0.5713,2.5468001,4.0,1.7111001,5.0427003,0.28500003,4.7633,1.4136001,2.8206003,6.6645,2.4768002,1.0278001,1.2060001,0.96250004,0.8256,2.2680001,1.1825,1.3079001,4.1797004,0.7692,2.1991003,0.69200003,1.0,7.6471004,5.7487006,8.3514,,0.625,0.7447001,0.87500006,1.4698001,1.7030001,0.9078,0.8056,0.5338,1.2494001,0.59000003,1.0412,3.0423002,1.2653002,0.9757001,0.66670007,0.5802,0.40780002,0.47120005,0.374,2.5167,0.2177,1.1075001,1.6250001,4.0,,,2.9709,3.2186003,,1.3230001,,0.5926,2.3824,5.308,1.0576,3.0000002,1.3351,1.5021,1.2281001,1.9258001,1.2476001,1.1222,1.1469,,0.7658,0.76790005,1.605,0.379,,,2.3902001,,0.66670007,0.64940006,0.58000004,0.7338,1.4983001,0.8883,0.41170004,,4.5536003,0.8647001,1.0652,0.86750007,3.3428001,4.3422003,1.4502,2.2696002,0.8338,2.6917,0.68770003,0.3585
1998,,,4.8105,2.1321,,0.0857,1.2487,0.8245,0.8541,0.79010004,2.3235002,3.0834,2.6819,1.7768002,0.3364,0.8438,4.2145004,0.6097,1.0016,0.66090006,3.0228002,,0.5758,2.4125001,2.45,1.3548001,5.6077003,1.1420001,4.5317006,1.1034001,2.8393002,5.5734,2.4715002,1.1656001,1.1541001,0.8068,0.9026,1.9251001,1.1699001,1.097,4.2027006,0.74,2.0486002,0.85920006,1.0,6.5455003,5.5463,3.0862,,0.7692,0.75280005,1.0909001,1.3865001,1.6828002,0.70000005,1.4763001,0.70190006,0.8259001,0.5835,1.0521001,3.3152,,0.97370005,0.61800003,0.6625,0.46770003,0.61050004,0.1242,2.1273003,0.2244,1.1328001,1.2512,4.0541005,,,2.9278002,3.4115002,,1.4234,,0.59520006,3.0000002,3.5932002,2.687,2.9626002,1.4545001,1.4976001,1.6476,1.6636001,1.0417,1.0514001,1.1049001,,0.59270006,0.7609001,1.5421001,0.26110002,,,2.5,,0.647,0.8719001,0.7221,0.6697,1.3948001,2.0704,0.41590002,,4.0778003,0.94500005,1.5000001,0.60870004,3.3616002,4.2256002,1.3641001,2.4555001,1.034,2.7306,0.70820004,0.3106
1999,,,4.3845,3.2215002,,,1.1998001,0.818,0.88570005,1.2346001,2.7500002,3.1962001,2.1163,1.5711,0.2669,0.76600003,3.3105001,0.60980004,1.1239,0.6606,3.2948003,,0.5938,2.5384,2.7,1.3548001,5.7692003,0.8766,5.0,1.2478001,2.8575,6.2061005,2.4661002,0.9689001,1.1042,1.1093001,0.96500003,3.3852,1.2067,0.8597,4.1026,0.7692,2.0434,0.84720004,1.0,6.38,6.4309,6.8276005,,5.0,0.77750003,0.4471,1.4115001,1.6,0.70000005,1.1089001,0.62640005,2.575,0.577,1.0653001,2.9901001,,0.93970007,0.6595,0.58690006,0.535,0.698,0.20740001,2.1683002,0.22680001,1.1261001,1.8056,4.0476003,,,3.0578003,4.6593,,1.4356,,0.61670005,3.4250002,3.4219,2.1987,3.0909,1.5000001,1.4150001,0.0,1.6414001,0.9664001,0.83220005,1.3192,,0.6405,0.76790005,1.3111,0.46810004,,,2.3684,,0.6423,0.56270003,0.7067,0.8019001,1.6352,1.1327,0.42010003,,5.0163,0.85020006,1.5018002,0.69640005,3.5724,4.3723,1.3431001,2.3281002,1.0863001,2.2602,0.69540006,0.3998
2000,0.3333,,4.6477003,3.4003003,,0.33900002,1.2122,0.8796,0.8295,1.2346001,2.0732,3.1609,2.2114,1.5013001,0.35820004,0.69670004,2.9026003,0.60990006,1.2,0.661,2.9211001,,0.57140005,2.4912,6.9500003,1.47,5.7885003,0.4118,4.7033,1.1750001,2.8751001,6.2275004,2.4607,0.9692001,1.0565001,1.269,0.7813,2.1021001,1.2057,0.97080004,3.9999,0.70000005,1.8647001,0.76390004,0.3333,6.3958,6.3445,17.8182,,6.5862007,0.6656,0.3846,1.4610001,1.5556,0.75000006,1.0378001,0.72050005,1.2377,0.5705,1.0756,3.0762,,0.83680004,0.66270006,0.5798,0.5248,0.66870004,0.40910003,,0.17210001,1.12,1.7658001,4.0909,,,2.9867,3.9231002,,1.3587,,0.6179001,2.4891002,2.5760002,1.3349001,2.9878001,1.5385001,1.3057001,1.0,1.3874,0.85480005,0.89040005,1.3384001,,0.86910003,1.3000001,1.5855001,0.3533,,,2.3000002,,0.6476,0.67350006,0.6104001,0.8485,1.7302,1.4588001,0.42450002,,4.9029,0.8126,1.2893001,1.1458001,1.6048001,3.8226004,1.3209001,2.0284002,1.0428001,3.3246002,0.77000004,0.3983
2001,0.3571,,4.7429,2.5539,,,1.2559,0.9053,0.92780006,1.2346001,2.0698001,3.7599,2.4487,1.8654001,0.37860003,0.80480003,3.4440002,0.61,1.2024001,0.6613,2.8509,,0.5939,2.8965,2.775,1.4384001,5.7964,0.47500002,3.8704002,1.1394001,2.8923001,5.8761005,2.4554,0.84990007,1.0111,1.2767,0.8,3.5212002,1.3629001,1.1104001,3.7386003,0.625,2.1232,0.77150005,0.3333,6.2147007,6.2045,21.250002,,3.1915002,0.85690004,1.3333001,1.3408002,1.6,0.71430004,0.864,0.5845,1.0526,0.564,1.0958,3.38,,0.73700005,0.6786,0.5738,0.33220002,0.6804001,0.38210002,,0.25480002,1.1,1.9846001,4.0816,,,2.9164,3.7751002,,1.3700001,,0.6197,3.0863001,2.5333002,1.6035001,2.9167001,1.5909001,1.4018002,1.4952,1.3381001,0.7546,0.9486,1.3971001,,0.8565,1.0833001,1.5445001,0.42260003,,,1.7089001,,0.65290004,0.70140004,0.6298,0.88890004,1.7356001,1.3444,0.4289,,4.8233,1.0,1.5000001,0.99520004,4.063,3.7609,1.3209001,2.0879,1.0083001,2.3429,0.7713,0.51170003
2002,0.34,,5.2691,2.4561002,,,1.2850001,0.9458,0.92520005,1.2361001,2.1044,3.0512002,2.8322,1.8573002,0.42180002,1.0322,3.9471004,0.5888,1.4129001,0.6679001,3.5000002,,0.47610003,1.9380001,3.39,2.0,5.7756004,0.1562,3.7970002,1.3653,2.9093,6.4431005,2.45,0.93750006,1.0174,0.82940006,0.95470005,3.1008003,1.4004,1.1508001,3.6966002,0.7791,1.6792,0.7602,0.3333,6.2855005,6.3110003,17.5,,1.4316001,0.80100006,0.73170006,1.4056001,1.4286001,0.6818,0.4225,0.49820003,0.98950005,0.5575,1.0990001,2.9859,,0.6951,0.70170003,0.39540002,0.35810003,0.71970004,0.18910001,2.2483,0.2989,1.1,1.9597,4.1538,,,2.9644,3.6234,,1.2932,,0.5989001,3.0740001,2.0,1.2843001,2.9844,1.6,1.2089001,2.5572,1.419,1.1411,1.0730001,1.4482,,0.58540004,1.0721,1.8428001,0.38420004,,,1.7438002,,0.6488,0.7773,0.6896,0.8658,1.843,1.2353001,0.432,,4.642,0.97,1.4982,1.3276,3.2075002,3.1777,1.0,2.2624,0.8741,3.4286003,0.77140003,0.26520002
2003,0.29410002,,5.0315003,2.1966002,,,1.292,0.94000006,0.96040004,1.2361001,1.6598002,3.7826002,2.3264,2.3945,0.4004,0.8496,3.9640002,0.5533,1.3371,0.661,3.5000002,,0.2719,2.1076002,2.6391003,2.0,5.7351003,0.3188,3.3201003,1.3357,2.9262002,3.7826002,2.4447,0.97590005,0.93530005,1.1291001,0.66830003,2.7881002,1.4371,1.1198001,3.4366002,0.7913,1.7060001,0.754,0.8571,6.5217004,5.1798,13.181801,,0.56,0.8539001,0.8824001,1.4195001,1.6077,0.71430004,0.4743,0.73010004,1.4408001,0.551,1.1004001,3.2760003,,0.8848,0.74990004,0.5781,0.4628,0.762,0.4255,,0.2733,1.1559001,2.2196002,4.1071005,,,3.0533001,3.0129,,1.3286,,0.6066,2.5131001,2.4648001,1.5873002,3.0545,1.5676,1.1725,7.3299003,1.0649,1.3876001,0.95440006,1.7057,,0.91080004,1.0500001,1.5985001,0.3154,,,1.968,,0.64470005,0.83400005,0.8093,0.87750006,1.8698001,1.4328002,0.43670005,,4.7617006,0.44230002,1.4517,1.2903001,4.0602,3.3099,1.5385001,2.0333002,0.7203,2.7226002,0.66920006,0.5544
2004,0.3333,,4.5531,2.7367,,,1.3486,0.9038,0.9731,1.1633002,2.0997,2.2318,2.6215,2.3187,0.3343,0.82210004,4.1022005,0.5848,1.2654,0.661,3.6000001,,1.2800001,1.9686,4.3316,2.0,5.6674004,0.268,3.4355001,1.3574001,2.9491003,5.3484,2.4395,0.96270007,1.0334,1.113,0.86140007,1.623,1.6502,1.1509001,3.2943003,0.8261,2.0336,0.71610004,1.0556,6.5536003,6.2847004,21.538801,,1.7500001,0.5644001,1.0,1.4377,1.697,0.77140003,0.3933,0.8233,0.89470005,0.54840004,1.1500001,3.8223002,,1.1509001,0.7756,0.56630003,0.1448,0.64460003,0.3249,,0.25190002,1.22,2.0368001,4.4218,,,3.118,3.5026002,,1.4372001,,0.60620004,4.2717004,2.8286002,1.7264001,3.1196003,1.6,2.4074001,8.8,3.7611003,1.6765001,0.91340005,2.1858,,0.77540004,0.9987001,1.5999001,0.32950002,,,2.5091002,,0.6455,0.80950004,0.6861,1.0137,1.677,1.7786001,0.44200003,2.3333,4.9123,0.93020004,1.4000001,1.8258002,3.8760002,4.3688,1.4908001,2.1100001,0.61420006,2.8692,0.57970005,0.6193
2005,0.3333,,5.1872005,2.6629,,,1.4042001,0.9371,1.0919001,1.3214,2.0400002,2.1168,2.7871003,1.9296001,0.42110002,0.89290005,4.4667006,0.5608,1.3173001,0.661,3.7000003,,0.6846,2.0534,3.3486001,1.4865,5.6118,0.7907001,3.3972,1.3688002,2.9781003,5.1495004,2.4342,1.0,1.0323001,1.3290001,0.9344001,1.3554001,1.6225001,1.1492,3.0000002,0.8696,3.0642002,0.7968,0.975,6.3073,5.8558,14.4171,,2.0,1.223,0.8,1.3908001,1.8269001,0.95830005,0.624,0.5451,0.3574,0.54980004,0.9091,3.4544,,0.84540004,0.8251,0.298,0.5156,0.26560003,0.24000001,,0.38120002,1.2600001,1.8323002,4.6587005,,,3.2043002,3.4912002,,1.2815001,,0.5998,3.3590002,2.4839,1.7264001,3.2061002,1.5789001,2.0599,7.4318004,2.5291002,1.3902,1.1586,1.9751,,0.96520007,1.0455,1.5859001,0.37770003,,,3.0884001,,0.651,0.9312,0.70280004,0.9822001,1.8904002,1.2140001,0.44810003,2.3256001,4.0276003,0.99000007,1.5272,2.6816003,4.4579,4.2976003,1.3891001,2.1419,0.6236,3.0058002,0.85880005,0.27260002
2006,0.40910003,,4.6778,2.5205002,,1.0,1.2654,0.92410004,1.1393001,1.3587,2.2752001,2.0705001,2.6058002,2.2223,0.50240004,0.94780004,4.8462005,0.5931,1.2561,0.661,3.7000003,,1.8767,2.0497,5.6728,1.5068002,5.6859,0.7928,3.7858002,1.4806,3.0074,5.5127006,2.4267,0.9844001,1.0417,1.3046,1.1680001,1.8422,1.3536,1.1500001,2.6667001,0.8696,3.6059,0.88030005,1.0,6.4976006,5.7296004,13.756301,,2.4128,0.8006,0.75810003,1.4579,1.7917,0.85,0.32900003,0.7841,1.2768002,0.5511,1.2222,3.4481003,,0.83930004,0.85880005,0.49610004,0.40370002,0.7688,0.2924,,0.3463,1.35,1.8606001,4.2847004,,,3.3017,,,1.3310001,,0.6156,7.5973,5.3289003,1.0878001,3.3040001,1.6,2.2558002,9.4156,1.7986001,1.0254,1.1003001,2.3933,,0.76070005,0.66670007,1.8397,0.33960003,3.4661002,,2.3531003,,0.6566,1.0701001,0.81040007,1.0265001,1.6446,1.424,0.45420003,2.6023002,3.2411003,0.99410003,1.4286001,1.8587,3.8797002,3.5194001,1.4132,2.2803001,0.8554001,2.5841002,0.65720004,0.40910003
2007,0.4031,,4.7021003,2.0918002,,,1.2964001,0.8656,0.93740004,1.3462,1.1108001,2.3794,2.8024,2.1731002,0.46820003,1.0,3.8480003,0.55590004,1.4397,0.661,3.7000003,,2.1816,1.7929001,11.905901,1.6,5.6763,1.0693,3.6620002,1.5817,2.9091003,5.8655005,2.4,0.74270004,1.0356001,0.82650006,0.9179001,1.1533,1.7498001,1.1496,3.0000002,0.8696,2.1290002,0.84430003,0.97220004,6.4843,5.6759,13.065801,,0.48000002,0.9474001,0.9024001,1.7584001,1.8780001,1.0,0.24360001,0.62340003,0.53300005,0.5525,1.2174001,3.4947002,,0.82620007,0.92200005,0.4314,0.39760002,0.8593,0.23990001,,0.34350002,1.1595,2.0477002,4.4516,,,3.4125001,,,1.3980001,,0.60450006,6.4581003,2.4091003,2.125,3.4168003,1.5000001,2.2727,0.60580003,1.3345001,1.4767001,1.0103,2.4271002,,0.6459001,0.9091,1.5307,0.34780002,2.6822002,,1.7456001,,0.6621,1.0828001,0.69790006,0.9764001,1.7545,1.6316,0.46020004,3.2222002,4.328,1.1874001,1.4573001,1.5067,3.8000002,4.5971003,1.4123001,2.3046002,0.91870004,2.5507002,0.6589001,0.33320004
2008,0.09290001,,4.7474003,4.0252004,,1.2,1.2874001,0.97470003,0.98590004,2.1505,1.9316001,1.9815001,3.2217002,2.4105,0.5507,1.0,3.7505002,0.6467,1.4323001,0.661,3.7100003,,1.7455001,2.1736002,6.1786003,1.6,5.6258,0.2727,3.2797,1.7340001,3.0749002,6.2159004,2.3408,1.1997,1.0043,0.975,1.2744001,1.0635,1.6657001,1.1500001,3.5023003,0.8696,3.7808003,1.0209001,0.97910005,6.6667004,5.7960005,13.146401,,0.3871,0.5221,1.0,1.4924,1.8649001,1.2353001,0.28660002,0.8683,0.64290005,0.5538,1.2222,3.5965002,1.25,1.0365001,0.91880006,0.3291,0.43950003,0.83140004,0.4018,,0.42910004,1.2233001,1.7327,4.2381005,,,3.4956002,,,1.4688001,,0.6262,3.7760003,3.2895002,2.9506001,3.5000002,1.5000001,2.4268003,0.3718,2.6348002,1.1722,1.0055001,2.4325001,,1.0089,0.95360005,1.3899001,0.36910003,2.64,,2.8722,,0.66760004,0.7473,0.67590004,0.99160004,1.6776,1.0687,0.46600002,3.0811002,3.9014,0.97270006,1.0663002,2.066,4.0106,4.0848002,1.4115001,1.9840001,0.8507001,2.9378002,0.29760003,0.25770003
2009,0.24800001,,3.8752,3.5096002,,,1.2885001,1.023,0.9204001,1.33,2.4836001,1.7458001,3.8686004,2.3378003,0.50420004,1.0,2.9973001,0.6413,1.4085001,0.661,3.7000003,,1.7471001,1.9343002,9.0465,1.6447,5.5287004,0.23580001,4.3472004,1.8356,3.1131003,5.3928,2.4095001,1.3119001,0.9710001,1.09,0.79520005,2.104,1.7523001,1.1492,2.4835,1.0125,2.716,0.9621,1.4279001,6.2500005,6.1003003,15.014201,,0.5,0.57170004,1.0,1.6561,2.0,1.2857,0.5773,0.88780004,0.92050004,0.55520004,1.1575,3.6131003,1.2358001,1.5941,0.9531,0.62240005,0.49020004,0.7968,0.23820001,,0.2903,1.1145,1.8059001,35.7202,,,3.8117,,,1.3927001,,0.6204001,2.8896003,3.8250003,3.4861002,3.8182,1.4000001,2.4152,0.37500003,2.3758001,0.9822001,1.1928002,2.6312,,0.93570006,0.94430006,1.7133001,0.20400001,2.8759,,2.9701002,,0.6732001,1.4717001,0.6574001,1.0981001,1.8930001,0.88890004,0.47160003,5.1316004,4.1802006,0.81140006,1.1009,2.1276002,4.7606,4.3534,1.4106001,1.9717001,0.7931,3.2339,0.67770004,0.3246
2010,0.2814,,4.8163,3.0279,6.7666006,,1.0761,1.4994001,1.0036,1.2806001,2.4314,3.2597,4.0356,2.3172,0.5701,0.9269001,4.4842005,0.70350003,1.4380001,0.66110003,5.7069,,1.7422,2.1139,3.0286002,1.6441001,5.006,0.256,5.1206,2.0866003,3.1516004,5.5112004,2.4201002,1.2846,0.9986,1.25,0.90180004,1.6082001,1.7398001,1.0442,2.5641003,0.92620003,1.0263001,0.86020005,2.996,6.2811003,6.6683,12.738001,,0.45000002,0.72670007,1.1527,1.6091001,1.9298002,1.25,0.7189001,0.6632,0.8991,0.5752,1.1561,3.9246004,1.25,0.9951,0.9786,0.60890007,0.5094,0.60940003,0.29410002,,0.3919,1.4397,1.6630001,19.726002,,,3.8779001,,,1.427,,0.6171,3.5060003,2.9412,3.7353003,3.8844001,1.4117,5.9846005,1.0554001,1.9918002,1.0509001,1.2088001,2.5974,,0.93310004,0.9136,1.7201,0.40570003,2.8974001,,2.2618,,0.67870003,1.7164001,0.7241,1.0943002,1.9175001,1.784,0.4769,7.0968003,2.5206003,1.2914001,1.1008002,2.1394,3.9093003,4.5118,1.4097,1.8614001,0.94000006,2.2671,0.95930004,0.2702
2011,0.33200002,,4.4029,3.0558002,6.7299004,,0.83500004,1.1907,0.8952001,1.4667001,1.9536,1.9287001,3.4116004,2.5497,0.669,1.1707,4.1001005,0.68,1.4946,0.66520005,3.8975003,,1.7432001,1.4666001,10.0,1.6166,5.3457003,0.517,4.3201003,2.0540001,3.1903002,6.4627004,2.4181,1.179,0.9951,0.6908,0.9444001,0.79300004,1.7482,1.2477,3.2,0.90860003,2.1952,0.9487001,3.1873002,6.1622005,7.0972004,25.246801,,1.3000001,0.6291,1.2028002,1.6277,1.9565,1.2857,0.50920004,0.8011,0.6933,0.57970005,1.1547,3.7202,1.2484001,0.7067,1.0028,0.64120007,0.2793,0.8184001,0.29700002,,0.26760003,1.2206,1.9105,18.503101,,,3.8269,,,1.3459,,0.6417,3.3624,3.3571002,4.4512005,3.8319001,1.4404001,5.9846005,1.7525,3.1313002,0.88100004,1.2714001,2.6372,,0.63890004,0.9093,1.4534001,0.2205,2.8000002,,2.2682002,,0.6843,1.3854,0.6283,1.1012,1.8436,0.7981,0.4819,6.9231005,1.8626001,0.9943,1.2005,2.6372,3.9299002,3.3888001,1.4089001,1.7276001,0.89430004,2.2399,0.8223,0.22670001
2012,0.099800006,,4.6534,3.3960001,6.8081,0.15,0.58900005,1.3451,1.0755,1.3452001,2.0205002,2.4353,2.6674001,2.9317,0.6779001,1.1707,4.1009,0.6856,1.4885001,0.66740006,3.8191004,,1.0431,1.4585,20.6,1.6138002,5.3034,0.5231,3.5584002,2.1059,3.2291002,5.6861005,2.4162002,1.2129,0.99170005,0.74450004,0.9566,1.4311,1.7558001,1.2333001,3.5729,0.8978,2.8081002,0.95680004,0.7314001,6.1688,4.1979003,23.4636,,0.275,0.74450004,1.2542,1.6566,1.9167,1.2857,0.13430001,0.94750005,0.5481,0.587,1.1364001,3.8295002,1.2457,1.0612,0.9972001,0.45320004,0.50740004,0.8335,0.2913,,0.44220003,1.1445,1.9866,18.250101,,,3.9051003,,,1.46,,0.6203,3.9406004,3.5629,4.1308,3.9102,1.3805001,4.985,1.4489001,1.9335,1.0456,1.4277,2.6056,0.5481,0.9602001,0.90510005,1.3204001,0.98240006,3.0000002,0.7711,1.8469001,,0.6898,1.723,1.0119001,0.86350006,1.8814001,2.9444,0.51060003,7.6000004,1.7574002,0.99920005,0.90080005,1.5230001,4.2273,3.1131003,1.4080001,2.2011,0.91840005,2.7806003,0.97870004,0.20460002
2013,0.2415,,4.0852003,3.4419,5.2447004,0.5,0.6513,1.3451,1.0409001,1.1343001,2.6792002,3.1826003,1.7663001,2.6817,0.3168,1.0550001,4.9653,0.67730004,1.508,0.6661,3.2034001,,1.2789,1.5303001,6.0000005,1.6169001,5.3777003,0.5227,5.0111003,2.2825,3.4286003,5.4344,2.4142,1.1369001,0.98820007,1.0581,0.96450007,2.6357,1.7290001,1.2042,5.0203,0.8529001,2.7111003,0.85020006,1.9215001,6.1176004,6.2061005,18.463501,,0.22580001,0.75500005,1.2857,1.6751001,2.0,1.4227,0.30510002,1.0637,2.9524,0.56520003,1.1364001,3.7350001,1.2354001,1.1052,1.0086,0.35720003,0.48430002,0.96470004,0.29170004,2.2429,0.3703,0.97270006,1.8259001,16.989302,,,3.8898003,,,1.4100001,,0.59870005,4.1585,3.8171003,4.2675004,3.9943001,1.3474001,4.2018,1.4259001,2.3726003,1.4357,1.4433001,2.6199,0.63900006,0.84580004,0.90080005,1.6633002,0.8543,3.3333,0.8561,1.9372001,,0.69540006,2.3695002,0.7304001,0.9444001,1.9061,3.4,0.51060003,2.6544,1.6751001,1.1697,0.80160004,2.7409,4.2653,3.7396002,1.4071001,2.3213003,0.8726,2.3507001,0.95900005,0.30660003
2014,0.24210002,,4.4009,2.4099,6.6280003,1.2653002,0.69310004,0.9875001,1.1028001,1.1171,2.7359,2.3564,2.3792,2.7129,0.2851,1.0019001,4.6592,0.6783,1.5329001,0.66800004,3.035,,0.98270005,1.2895001,6.2000003,1.6493001,5.4158,0.52040005,6.5397005,2.3651001,3.3931003,6.3267007,2.4045,1.141,1.0646,0.74500006,0.9825001,3.3989,1.8045001,1.039,,0.7453,4.2511,0.95680004,0.91300005,21.500002,7.1056004,24.476301,,0.58070004,0.8316,1.2308002,1.6764001,2.0870001,1.3854,0.5712,1.0,3.2138002,0.5598,1.1364001,4.168,1.207,1.0558001,1.0309001,0.52540004,0.4241,1.0119001,0.2397,1.3738002,0.39920002,1.2071,1.8481001,14.778601,,,3.6663003,,,1.5293001,,0.5885,4.0783005,4.4029,5.3418,4.076,1.3311,3.5000002,1.3875,2.9963002,1.4699001,1.0244001,2.6312,0.74970007,0.81820005,0.93930006,1.7248001,0.5398,3.0000002,1.3665,1.8571,,0.6901,2.5802,0.8414001,0.9501,1.9250001,3.0000002,0.5062,4.05,1.0810001,1.0372,0.80070007,2.6981003,4.0146003,4.2417,1.4063001,2.1482,0.81790006,3.3651001,0.8234001,0.4589
2015,0.25030002,,4.7043,3.016,7.0891004,2.1087,1.153,0.9857001,0.9936,1.0526,2.4983,2.2071002,2.9819,2.9147,0.41840002,0.97240007,4.7944,0.6865,1.5614,0.66980004,2.512,,1.9765,1.3171,12.168901,1.6544001,4.7956004,0.51850003,6.0101004,2.5695002,3.3306003,5.1769,2.4058,1.1500001,1.1456001,0.8964001,0.99060005,3.5909002,1.8204001,1.039,4.0,0.5396,3.394,0.88470006,1.9282,21.500002,6.4843,25.115402,,0.21030001,0.9667001,1.5385001,1.6941,2.1044,1.6198001,0.5968,1.0478001,1.8333001,0.5698,1.1681,3.1323001,1.2112,1.0482,1.0251,0.4178,0.4255,0.84520006,0.22530001,0.4688,0.56140006,1.1875,1.4962,28.162102,,,2.7359,,,1.5740001,,0.58650005,3.7641003,4.0256004,5.0929003,4.1469,1.3402001,3.4751003,1.1243001,2.4770002,1.2409,0.96800005,2.5974,0.528,0.93900007,0.9513,1.2463001,0.5765,2.966,0.90730006,1.963,,0.68990004,1.8343002,0.7776,0.89050007,1.8687,1.2083001,0.5123,4.0,1.5478001,0.89540005,1.1,3.7209,4.0247,4.7709002,1.4054,2.1353002,0.6255,1.7092,0.8043,0.24120001
2016,0.21930002,,4.4976,3.4399002,7.3403,9.55,0.6976,0.98300004,0.95940006,1.0968001,2.3448002,2.7827,2.8619,2.0682,0.42520005,0.96430004,4.6477003,0.68880004,1.1,0.6681,4.3616004,,1.9765,1.4814001,25.521402,1.6404,4.8881,0.51850003,4.4758,2.5251002,3.3822,5.4307003,2.4078002,1.0,1.2414001,0.6819001,0.99890006,2.7719,1.8287001,0.97400004,3.5517,0.3168,3.6182,0.69740003,1.2359,,7.1576004,17.1818,,1.1570001,0.6336,1.103,1.6959001,2.1307,2.0641003,0.2576,0.9182001,3.6623,0.5669001,1.1777,3.3085,1.2190001,0.8934001,1.0398,0.44750002,0.45200002,0.58870006,0.075500004,0.45510003,0.5016,1.3809001,1.6414001,28.082602,,,3.0526001,,,1.4093001,,0.57890004,3.7994,3.6678002,5.0423,4.2227006,1.276,3.4800003,1.3063002,2.6991003,1.4825001,0.98810005,2.6056,0.7061,0.8761,0.96870005,1.4631001,0.47270003,3.2167,0.8791,2.2572,,0.6871,1.5169001,0.83190006,0.86,1.8608001,1.7667,0.5145,3.0000002,0.78050005,1.0134001,1.1128001,3.8990002,3.5522,4.8912005,1.4045,2.2488,0.51940006,1.4536,0.5288,0.19070001
2017,0.22660002,,4.6626005,2.7017,6.7928,5.1897006,0.6499001,0.99070007,0.81930006,1.1084001,2.8832002,2.3045,1.9667001,2.9865,0.3619,0.94820005,4.8669,0.6923,1.48,0.6688,3.8457,,1.4408001,1.4961001,15.9391,1.667,5.3057003,0.51850003,4.3314,2.7258003,3.4090002,5.793,2.3997002,1.1015,1.3301,0.62820005,0.96360004,2.7670002,1.8316001,1.0703001,3.1789,0.41360003,3.9302,0.81220007,1.064,,5.8848,20.078402,,0.67010003,0.7073,3.216,1.7139001,2.1818001,2.3846002,0.7633,0.897,3.7903001,0.5628,1.1948001,3.3990002,1.2160001,0.89750004,0.9718,0.45830002,0.43750003,0.8696,0.12100001,0.48770005,0.5091,1.1923001,1.7362,28.082602,,,3.4324,,,1.3988001,,0.59790003,4.0674,3.7273002,5.5436006,4.3013,1.3247,3.4800003,1.3595,3.9504,1.0574001,1.0555,2.6183002,0.6352,0.97360003,0.97830003,1.4634001,0.39420003,3.1966002,0.8852001,2.5093002,,0.73880005,1.9663001,0.82470006,0.87520003,1.9187001,1.8889002,0.5174,3.0000002,1.0376,1.0018001,1.0434,2.7958002,4.5532002,4.5031004,1.3847001,1.4350001,0.5335,3.5891004,0.6311,0.31080002
2018,0.27120003,,3.5739,2.7201002,7.7705,1.8018001,0.6697,1.0897,1.0116,1.1918001,4.1772003,2.4398003,2.6392,2.851,0.4323,0.91470003,4.7021003,0.6919001,1.6971,0.6625,4.0490003,,1.4002,1.4778001,13.666,1.6897,5.1953,0.51850003,4.3853,2.7461002,3.4480002,5.2105002,2.3935,1.1465001,1.4230001,0.75140005,1.0500001,2.9160001,1.8308002,1.1147,,0.52030003,4.5187006,0.95600003,1.3996,,7.6694,21.935902,,0.78080004,0.78620005,1.7931001,1.728,2.15,1.9882001,0.47220004,0.90110004,4.0385003,0.5586,1.2045001,3.4840002,1.2157,1.0241001,0.95860004,0.67270005,0.4508,0.7798,0.18530001,0.49390003,0.53900003,1.2081001,1.5965,28.108301,,,3.6844,,,1.427,,0.61620003,4.2342005,3.8619,5.5436006,4.3807006,1.3180001,3.4800003,1.4495001,4.7903,1.1078001,1.0732,2.6253002,0.67550004,1.1929001,0.9822001,1.58,0.5556,3.1237001,0.85,3.0351002,4.75,0.82600003,1.871,0.8672001,0.86950004,1.9501001,6.2228003,0.52150005,3.0000002,1.7277,1.1028001,1.0648001,4.6296005,2.6389,4.5266004,1.3752,2.8635,0.5273,3.9931004,0.6513,0.6498
2019,0.22110002,,4.6740003,2.1089,7.5482006,1.8621,0.55990005,1.0591,0.99030006,1.0968001,3.2983003,2.4425,2.4012,3.2656002,0.4314,0.8999001,4.8985004,0.70970005,1.7515001,0.66770005,2.9054,,1.4974,1.4075,7.0227003,1.7089001,5.0098,0.51850003,3.9223003,2.8802001,3.4846003,5.0897,2.3885002,1.1500001,1.45,0.6296,0.89400005,3.1525002,1.8863001,1.1118001,,1.0269,5.4155,0.8491,0.96980006,21.000002,6.8985004,17.4375,,0.7978,1.199,2.5182002,1.7393001,2.2143002,1.3618001,0.5834001,0.79980004,6.6906004,0.55640006,1.2099001,3.2858002,1.217,1.0069001,0.9449001,0.69020003,0.4503,1.1672,0.2319,,0.50610006,1.2349001,1.6774001,28.101002,,,4.4559,,,1.4465001,,0.6056,4.321,3.6678002,5.5761003,4.4617004,1.3603001,3.4771004,0.8148,3.8199,1.3032,0.98630005,2.1799,0.544,1.1312,0.9850001,1.6889001,0.5,3.1213002,0.8805,3.2056003,3.9231002,0.84270006,1.8981,0.8686,0.8891,2.0063002,1.1444001,0.526,4.0,1.2649001,1.1314001,1.0031,4.1032004,4.5313,4.5845003,2.6409001,2.9999,0.73510003,2.5149,0.8044001,0.3348
2020,0.22860001,,4.6303,1.9474001,8.689701,3.4099,0.53690004,1.1005001,1.0605,1.1667,3.4785001,2.7175002,2.2674,3.1415002,0.40910003,0.45540002,4.6792006,0.71470004,1.4333001,0.6713,2.4932,,1.6083001,1.4528002,3.7647002,1.6887001,4.9446,0.51850003,4.1067004,2.6901002,3.5047002,4.6132,2.436,1.1711,1.4668001,0.6386,0.897,3.2991002,1.9429001,1.1026,,0.33380002,4.7647004,0.9893,0.8991,21.000002,7.0650005,17.327002,,0.5314,1.4341,2.3818002,1.7603002,2.2857,1.6733001,0.29960003,0.93740004,1.9743001,0.5583,1.2182,3.2356002,1.2163001,0.99500006,0.98530006,0.54080003,0.4559,1.2061,0.31950003,,0.58070004,1.1364001,1.6810001,40.5237,,,4.3478,,,1.455,,0.76430005,4.2826004,4.4079003,4.8513002,4.3527,1.3344,3.4796002,1.2857,3.7226002,1.0583001,1.0063001,2.1090002,0.5193,1.3568001,0.98080003,1.6350001,0.4,3.1512,0.8858,4.6691003,2.5556002,1.0,1.2721001,0.83970004,0.8967001,1.8519001,2.5210001,0.5336,5.0,1.1345,1.079,0.9602001,2.2576003,4.4909,4.5946,3.9507,2.1220002,1.4213002,3.7176003,0.5681,0.6383
2021,0.22690001,,4.4343,2.8623002,8.4123,1.9735001,0.5431,1.0074,0.8996,1.1667,2.871,2.5219,2.9566002,2.8185,0.3873,0.45540002,4.7355003,0.71590006,1.6216,0.674,2.5696,,1.5621,1.4441,3.6762002,1.6958002,5.2641006,0.51850003,3.8083003,2.6314,3.3376002,5.6651006,2.4480002,1.0452,1.4838002,1.0048001,0.89900005,3.1312,1.9410001,1.0897,,0.6804001,4.0076003,1.0992,1.6533002,20.0,6.1521006,18.729502,,0.49940002,0.66840005,0.54550004,1.7722,2.2353,1.8227,0.79550004,1.9926001,4.7274003,0.5597,1.2124001,3.3680003,1.2163001,0.8018,1.0394001,0.54,0.3723,1.0117,0.36350003,,0.3431,1.1340001,1.7166001,36.365803,,,4.3623,,,1.4748001,,0.83550006,4.2567005,3.7438002,5.8262005,4.3686004,1.3375001,3.4800003,1.2212,4.5918,1.3962001,1.0702,2.0957,0.51000005,1.3281001,0.97120005,1.6861,0.23600002,3.1544,0.8442001,3.7105002,3.1176002,0.9038,1.2732,0.79300004,0.87640005,1.8519001,2.6408002,0.5356,3.5714002,1.1236,1.079,0.89940006,4.1525,3.9783003,4.3309,5.4824,2.0571003,1.5041001,4.3699,0.57640004,0.69720006
2022,0.2334,,4.1197004,4.2607,7.3718,2.0699,0.6228,0.9760001,1.0282,1.2121,2.3984,3.3635,1.1817,2.7937,0.3801,0.45540002,4.5869,0.73350006,1.6216,0.67950004,4.0667,,1.5681001,1.4392,7.9221005,1.6979,5.0176005,0.51850003,3.1783001,2.6710002,3.3016002,4.2306004,2.4666002,1.2952,1.501,0.8705,1.3371,3.4596002,1.9620001,1.0888001,,0.5878,2.4052,1.092,1.1811,16.481401,5.4802003,19.9542,,0.93320006,0.5821,2.0,1.7848002,2.2566001,1.2121,0.26020002,3.3566003,2.9138002,0.5581,1.2191,3.5268002,1.2165,0.97800004,1.0322,0.56090003,0.5004,1.001,0.2275,,0.55480003,1.1941,1.8600001,55.983604,,,4.3661003,,,1.4054,,0.81900007,4.3028,3.6126003,5.9318,4.3728,1.3441,3.588,1.2304001,2.6018002,1.4441,1.0856,2.1000001,0.7246,1.3442,0.9721,1.7578001,0.28800002,3.1653001,1.0849,2.8639,1.6,0.8597,1.9248002,0.8449001,0.88420004,1.8519001,2.8027,0.5396,2.8333,2.0,1.079,0.89940006,2.6520002,4.3505,2.5792,5.3353,2.2845001,0.6563,2.7726002,0.72540003,0.3964
2023,0.2169,,3.2175002,3.3070002,7.1782007,2.0154002,0.6228,0.8718,0.9879001,1.2766,2.4915001,3.3632002,1.8046001,3.3459,0.3728,0.90000004,4.6748,0.74,1.6216,0.6862,3.8733003,,1.5741,1.4844002,4.8212004,1.6942,5.2000003,0.51850003,4.8203,2.7095,3.3042002,5.5666003,2.4502,1.4161,1.4444001,0.5,1.1500001,3.1281002,1.983,1.0878001,,0.5653,5.0009003,1.0791,1.3525001,13.817101,6.0156,20.430601,,0.75850004,0.9576,0.66670007,1.7978002,2.3300002,2.4945002,0.5357,1.3677,4.8575,0.5587,1.2257,3.6487002,1.2164,0.9358,1.0384,0.59470004,0.5059,1.0306001,0.0836,,0.4449,1.1232,1.5000001,56.385403,,,4.3483,,,1.4378002,,0.8276,4.3489003,3.6126003,6.1568003,4.3548,1.3387,3.7434,1.1240001,3.0292,1.2987,1.1608001,2.1043003,0.51030004,1.7115,0.9731,1.6600001,0.4,3.1761003,0.9821,4.2250004,4.0,0.8805,1.1908001,0.79510003,0.88640004,1.8519001,2.8666003,0.53900003,3.0000002,1.0,1.0787,0.90000004,3.2845001,0.8759001,3.2615001,5.5649004,2.3123002,0.625,2.7753003,0.49720004,0.20260002
