Date,AFG,AGO,ALB,ARE,ARG,ARM,AUS,AUT,AZE,BDI,BEL,BGD,BGR,BIH,BLR,BOL,BRA,BTN,BWA,CAN,CHE,CHL,CHN,CMR,COD,COL,CYP,CZE,DEU,DNK,DZA,ECU,EGY,ERI,ESP,EST,ETH,FIN,FRA,GBR,GEO,GRC,GTM,HND,HRV,HUN,IND,IRL,IRN,IRQ,ISR,ITA,JOR,JPN,KAZ,KEN,KGZ,KOR,KWT,LBN,LBY,LSO,LTU,LUX,LVA,MAR,MDA,MDG,MEX,MKD,MLI,MLT,MMR,MNE,MNG,MOZ,MRT,MWI,NAM,NCL,NER,NGA,NLD,NOR,NPL,NZL,OMN,OWID_CZS,OWID_ERE,OWID_MNS,OWID_SRM,OWID_USS,OWID_WRL,OWID_YGS,PAK,PER,POL,PRK,PRT,PRY,PSE,QAT,ROU,RUS,RWA,SAU,SDN,SOM,SRB,SVK,SVN,SWE,SWZ,SYR,TCD,THA,TJK,TKM,TUN,TUR,TWN,TZA,UGA,UKR,URY,USA,UZB,VEN,YEM,ZAF,ZMB,ZWE
1275,,,,,,,,,,,,,,,,,,,,,,,,,,,,,,,,,,,,,,,,0.5635431,,,,,,,,,,,,,,,,,,,,,,,,,,,,,,,,,,,,,,,,,,,,,,,,,,,,,,,,,,,,,,,,,,,,,,,,,,,,,,,,,,,,,,,,,,,,
1305,,,,,,,,,,,,,,,,,,,,,,,,,,,,,,,,,,,,,,,,0.52453893,,,,,,,,,,,,,,,,,,,,,,,,,,,,,,,,,,,,,,,,,,,,,,,,,,,,,,,,,,,,,,,,,,,,,,,,,,,,,,,,,,,,,,,,,,,,
1355,,,,,,,,,,,,,,,,,,,,,,,,,,,,,,,,,,,,,,,,0.42501104,,,,,,,,,,,,,,,,,,,,,,,,,,,,,,,,,,,,,,,,,,,,,,,,,,,,,,,,,,,,,,,,,,,,,,,,,,,,,,,,,,,,,,,,,,,,
1405,,,,,,,,,,,,,,,,,,,,,,,,,,,,,,,,,,,,,,,,0.42770097,,,,,,,,,,,,,,,,,,,,,,,,,,,,,,,,,,,,,,,,,,,,,,,,,,,,,,,,,,,,,,,,,,,,,,,,,,,,,,,,,,,,,,,,,,,,
1455,,,,,,,,,,,,,,,,,,,,,,,,,,,,,,,,,,,,,,,,0.33624288,,,,,,,,,,,,,,,,,,,,,,,,,,,,,,,,,,,,,,,,,,,,,,,,,,,,,,,,,,,,,,,,,,,,,,,,,,,,,,,,,,,,,,,,,,,,
1555,,,,,,,,,,,,,,,,,,,,,,,,,,,,,,,,,,,,,,,,0.6718133,,,,,,,,,,,,,,,,,,,,,,,,,,,,,,,,,,,,,,,,,,,,,,,,,,,,,,,,,,,,,,,,,,,,,,,,,,,,,,,,,,,,,,,,,,,,
1605,,,,,,,,,,,,,,,,,,,,,,,,,,,,,,,,,,,,,,,,0.7437693,,,,,,,,,,,,,,,,,,,,,,,,,,,,,,,,,,,,,,,,,,,,,,,,,,,,,,,,,,,,,,,,,,,,,,,,,,,,,,,,,,,,,,,,,,,,
1655,,,,,,,,,,,,,,,,,,,,,,,,,,,,,,,,,,,,,,,,0.90516585,,,,,,,,,,,,,,,,,,,,,,,,,,,,,,,,,,,,,,,,,,,,,,,,,,,,,,,,,,,,,,,,,,,,,,,,,,,,,,,,,,,,,,,,,,,,
1705,,,,,,,,,,,,,,,,,,,,,,,,,,,,,,,,,,,,,,,,0.9475325,,,,,,,,,,,,,,,,,,,,,,,,,,,,,,,,,,,,,,,,,,,,,,,,,,,,,,,,,,,,,,,,,,,,,,,,,,,,,,,,,,,,,,,,,,,,
1755,,,,,,,,,,,,,,,,,,,,,,,,,,,,,,,,,,,,,,,,1.0450429,,,,,,,,,,,,,,,,,,,,,,,,,,,,,,,,,,,,,,,,,,,,,,,,,,,,,,,,,,,,,,,,,,,,,,,,,,,,,,,,,,,,,,,,,,,,
1805,,,,,,,,,,,,,,,,,,,,,,,,,,,,,,,,,,,,,,,,1.2575485,,,,,,,,,,,,,,,,,,,,,,,,,,,,,,,,,,,,,,,,,,,,,,,,,,,,,,,,,,,,,,,,,,,,,,,,,,,,,,,,,,,,,,,,,,,,
1850,,,,,,,,0.77,,,1.05,,,,,,,,,,,,,,,,,,0.98999995,1.2,,,,,0.45999998,,,,0.7,,,0.45999998,,,,,,,,,,0.66999996,,,,,,,,,,,,,,,,,,,,,,,,,,,,,,,1.05,0.57,,,,,,,,,,,,,,,,,,,,0.45,,,,,,,,,,,,,,,,,,,,,,,,,,,,
1855,,,,,,,,,,,,,,,,,,,,,,,,,,,,,,,,,,,,,,,,1.7598953,,,,,,,,,,,,,,,,,,,,,,,,,,,,,,,,,,,,,,,,,,,,,,,,,,,,,,,,,,,,,,,,,,,,,,,,,,,,,,,,,,,,,,,,,,,,
1865,,,,,,,,,,,,,,,,,,,,,,,,,,,,,,,,,,,,,,,,1.9791257,,,,,,,,,,,,,,,,,,,,,,,,,,,,,,,,,,,,,,,,,,,,,,,,,,,,,,,,,,,,,,,,,,,,,,,,,,,,,,,,,,,,,,,,,,,,
1887,,,,,,,,,,,,,,,,,,,,,,,,,,,,,,,,,,,,,,,,2.06,,,,,,,,,,,,,,,,,,,,,,,,,,,,,,,,,,,,,,,,,,,,,,,,,,,,,,,,,,,,,,,,,,,,,,,,,,,,,,,,,,,,,,,,,,,,
1911,,,,,,,,1.37,,,2.53,,0.62,,,,,,,,,,,,,,,,2.42,3.31,,,,,0.91999996,,,,1.3100001,,,0.98,,,,1.3199999,,,,,,1.05,,,,,,,,,,,,,,,,,,,,,,,,,,,,,,,2.35,1.6600001,,,,,,,,,,,,,,,,,,,1.29,0.69,,,,,,,,,,,,,,,,,,,,,,,,,,,,
1912,,,,,,,,,,,,,,,,,,,,,,,,,,,,,,,,,,,,,,,,2.17,,,,,,,,,,,,,,,,,,,,,,,,,,,,,,,,,,,,,,,,,,,,,,,,,,,,,,,,,,,,,,,,,,,,,,,,,,,,,,,,,,,,,,,,,,,,
1932,,,,,,,,,,,,,,,,,,,,,,,,,,,,,,,,,,,,,,,,2.23,,,,,,,,,,,,,,,,,,,,,,,,,,,,,,,,,,,,,,,,,,,,,,,,,,,,,,,,,,,,,,,,,,,,,,,,,,,,,,,,,,,,,,,,,,,,
1934,,,,,,,,1.8,,,2.77,,0.91999996,,,,,,,,,,,,,,,,2.0,2.81,,,,,1.47,,,,1.4100001,,,0.91999996,,,,1.13,,,,,,1.01,,,,,,,,,,,,,,,,,,,,,,,,,,,,,,,3.09,1.95,,,,,,,,,,,,,,,,,,,0.8,0.81000006,,,,,,,,,,,,,,,,,,,,,,,,,,,,
1944,,,,,,,,,,,,,,,,,,,,,,,,,,,,,,,,,,,,,,,,2.56,,,,,,,,,,,,,,,,,,,,,,,,,,,,,,,,,,,,,,,,,,,,,,,,,,,,,,,,,,,,,,,,,,,,,,,,,,,,,,,,,,,,,,,,,,,,
1950,,,,,,,,1.71,,,3.22,,1.24,,,,,,,,,,,,,,,,2.6200001,3.65,,,,,0.87,,,,1.8299999,,,1.02,,,,1.38,,,,,,1.52,,,,,,,,,,,,,,,,,,,,,,,,,,,,,,,3.65,2.06,,,,,,,,,,,,,,,,,,,1.02,0.84,,,,,,,,,,,,,,,,,,,,,,,,,,,,
1961,1.0220001,1.1111001,0.7731,,1.2950001,,1.1291001,2.5802,,0.4444,,0.5738,1.5416001,,,0.5625,0.53300005,1.0204,2.5,0.75290006,2.7134001,1.3398001,0.5578,,0.70900005,0.8881,0.5792,,2.8607001,4.1205,0.40600002,0.99240005,2.4697,,0.8837001,,,1.9436,2.3950002,3.5372002,,1.3026,0.73190004,0.7824001,,1.9095001,0.8507001,3.3676002,0.79700005,0.77940005,1.0477,1.9103001,0.5058,2.7455,,1.0907,,2.2657,,0.99560004,0.2829,0.86480004,,,,0.4528,,,1.6758001,,1.5000001,1.3746,0.3078,,0.36850002,0.7652,0.2222,1.5000001,0.98670006,2.5,1.2270001,1.7778001,3.9251003,2.8300002,1.2273,3.3517,1.4000001,2.5997,0.71270007,2.5,,0.99200004,1.0889001,1.6161001,0.82220006,1.0012001,1.9929001,0.50600004,0.65150005,0.90000004,,,1.3438001,,0.78690004,1.4706,,,,,,3.2627,,0.57540005,1.1111001,,,,0.5471,0.9093,2.0335002,0.76250005,,,0.85230005,1.6070001,,0.5403,1.3077,0.619,1.6,1.4673002
1962,0.9735001,1.1111001,1.0522,,1.5222,,1.2533001,2.6122,,0.71430004,,0.6753,1.6669002,,,0.5,0.9491,1.0200001,2.5,1.4183002,3.8648002,1.2614001,0.69290006,,0.99000007,1.08,0.9679001,,3.3898003,4.183,0.80450004,0.78970003,2.6064,,1.1307,,,1.4753001,3.0752,4.3527,,1.4433001,0.82000005,0.80840003,,1.7888001,0.88960004,3.4548001,0.776,0.77540004,1.0864,2.0847,0.39290002,2.5405002,,0.92120004,,2.0093002,,1.0963001,0.21000001,0.7857,,,,1.0274,,,1.9462,,1.4000001,1.3746,0.4124,,0.9013,0.78950006,0.2222,1.5000001,1.205,2.5,1.2004001,1.7778001,4.5475,2.0525,1.2321,2.8285,1.4000001,2.4549,0.71270007,2.5,,0.9869001,1.2060001,1.6467,0.81780005,0.9926,1.9383001,0.5273,0.88570005,0.70000005,,,1.3323001,,0.7997,1.44,,,,,,3.0609,,0.9696,1.2727,,,,0.8,1.0818001,2.0675,0.97660005,,,1.1289,1.6809001,,0.5258,1.2963,0.5127,1.6859001,1.5895001
1963,0.8317,1.1111001,0.71270007,,1.5751001,,1.3387,2.5099,,0.69810003,,0.60690004,1.5920001,,,0.51890004,0.4945,1.0196,2.5,1.7651,2.8725002,1.5121001,0.77800006,,0.96400005,0.7965,0.9474001,,3.3934,3.6698003,0.8326,0.79010004,2.6425002,,1.1456001,,,1.6625,2.6624,3.9051003,,1.3142,0.9371,0.8295,,1.5708001,0.7929001,3.1921003,0.72590005,0.57440007,1.0449001,1.8494002,0.36850002,1.2258002,,1.1197,,1.6559001,,1.0909001,0.22730002,0.7857,,,,0.87270004,,,2.0788002,,1.3043001,1.6005001,0.55820006,,0.83620006,0.9524001,0.21110001,1.6182001,1.3333001,2.5,1.2766,1.7778001,4.1962004,2.5652,1.2284001,2.7277,1.3636,2.4634001,0.7123,2.5,,0.7228,1.1320001,1.9324001,0.83030003,1.0157001,1.9890001,0.56970006,0.80020005,0.90720004,,,1.3216001,,0.8026,1.6364001,,,,,,3.0169,,0.76320004,1.5000001,,,,0.8,1.2700001,1.1349001,1.1143001,,,0.66830003,1.6949002,,0.5249001,1.2982,0.5793,2.0140002,1.9530001
1964,0.95100003,0.9286,0.96250004,,1.8353001,,1.3841001,2.6524,,0.6491,,0.6011,1.7736001,,,0.52290004,0.87650007,1.0192001,2.5,1.3604001,3.6435,1.5489001,0.8211,,1.028,0.85,0.68350005,,3.4845002,4.2257004,0.5317,0.6681,2.7551003,,0.96090007,,,1.7238002,3.1534,4.2475004,,1.6530001,0.9304001,0.80340004,,1.8557,0.72990006,3.1304,0.7088,0.6208,2.2658002,1.9477,0.9934001,2.4479,,1.1973001,,2.1219,,0.85,0.1867,0.77140003,,,,0.9412001,,,2.6922002,,1.1111001,1.4789001,0.67620003,,0.9416,0.70180005,0.2,1.5000001,1.3333001,2.5,1.1698002,1.8182,4.7064,2.7962,1.2257,3.3195002,1.3636,2.2181003,0.71000004,2.5,,1.0302,1.2413001,1.7608001,0.8292,0.9588,1.8720001,0.60120004,0.6887,0.6481,,,1.2923001,,0.3953,1.5854001,,,,,,4.1053,,0.7454001,1.4595001,,,,0.7667,1.0538001,2.0722,1.0840001,,,1.2252,1.7344002,,0.554,1.2969,0.8036,1.4759,2.6896002
1965,0.97230005,1.1111001,1.1344001,,1.3212,,0.99700004,2.3969,,0.6721,,0.6467,2.5486002,,,0.873,0.7636,1.0189,2.5,1.5432,3.2267,1.5347,1.0217,,1.0,0.91670007,1.4543002,,3.2321002,4.4573,0.6057,0.88970006,2.6445,,1.1077,,,1.8746,3.2655,4.0653005,,1.6469,0.99140006,0.8771,,2.1703002,0.9132001,3.1560001,0.77610004,0.7181,2.0838,2.2796001,0.99640006,2.7043002,,1.5132,,1.9800001,,0.7199001,0.3163,0.7163,,,,0.95180005,,,2.5055,,1.1111001,1.6015,0.6445,,0.80390006,1.0,0.2222,2.0,1.5556,2.5,0.8564001,1.8182,4.4429,2.7811003,1.2600001,3.3618002,1.3636,2.4211001,0.72,2.5,,0.79920006,1.2151,2.0570002,0.8631,0.95800006,2.0639,0.53990006,0.975,1.0,,,1.9900001,,0.8496,1.7503002,,,,,,3.7500002,,0.86,1.7930001,,,,0.8,1.0749,2.1128001,1.0006,,,1.1342,1.7853001,,0.5806,1.3393002,0.48240003,2.2766001,2.3533
1966,0.86660004,1.1,1.2398001,,1.1982,,1.5070001,2.8581002,,0.67740005,,0.6473,2.7959,,,0.55,0.85730004,1.0182,2.3684,1.8739,3.2281003,1.7262,1.0580001,,1.1,1.1364001,0.91800004,,3.2325,4.2752004,0.42520005,0.96500003,2.703,,1.1646,,,1.7615001,2.8296003,3.8355002,,1.784,0.95800006,0.8762001,,2.1711001,0.82680005,3.4877002,0.8,0.63540006,1.3164,2.1992002,0.4729,2.4311001,,1.1834,,2.0585,,1.0281,0.2964,0.8146,,,,0.61010003,,,2.2542,,1.3333001,1.5029001,0.63440007,,0.6618,1.1,0.6061,2.0367,1.5000001,2.5,1.2248001,1.8182,4.0447,2.3538,1.2458001,3.6138003,1.4167,2.5293002,0.73,2.5,,1.3504001,1.4079001,2.5112002,0.75970006,0.9253,2.1501002,0.6,0.60870004,1.1,,,1.6691,,0.8,1.7500001,,,,,,3.0372002,,0.6553,1.7066001,,,,0.81250006,1.2040001,1.9651,1.1256,2.7315001,,0.86620003,1.7688001,,0.5,1.3027,0.48320004,1.9756001,2.0091
1967,1.1232,1.35,1.355,,1.2595,,0.83100003,3.3049002,,0.68850005,,0.79260004,3.058,,,0.6,0.75740004,1.0175,2.3684,1.3239001,4.0257,1.6750001,1.1270001,,0.93410003,1.1765001,1.6033001,,4.0216002,4.6525,0.6333,0.9869001,2.4509,,1.3263001,,,2.0111,3.6365001,4.1832004,,1.8419001,0.8687,0.87420005,,2.5895002,0.8874001,3.8797002,0.8,0.637,2.3656,2.3918002,0.73990005,2.7193003,,1.3414001,,2.0548,,1.0176,0.27100003,0.6812,,,,0.73990005,,,2.7267,,1.3333001,1.4322001,0.4979,,0.8401,0.86240005,0.6053,2.5467,1.5000001,3.0000002,1.24,1.9091,4.7906003,3.2138002,1.2619001,3.7272,1.4167,2.713,0.73270005,3.0000002,,1.0858,1.3392,2.5613003,0.81100005,0.952,2.2404,0.56880003,1.1112,1.2010001,,,1.9976001,,0.8,1.6471001,,,,,,4.4457,,0.8734001,2.2222002,,,,0.73330003,1.2463001,2.0069,1.1322,2.7346003,,0.64750004,1.7375001,,0.5151,1.3343002,0.82970005,1.6583002,2.6907
1968,1.1562,1.35,1.4124001,,0.98330003,,1.365,3.4175003,,0.78400004,,0.758,2.4048002,,,0.6,0.88250005,1.0169001,2.3842,1.4855001,3.8521004,1.7420001,1.1146001,,1.0,1.1667,1.0849,,4.2162004,4.8137,0.68990004,1.0442,2.5349,,1.3401,,,2.1417,3.6641002,3.5471003,,1.4284,1.0975001,0.87990004,,2.5244,1.1028001,4.5563,0.8,1.0247,1.7148001,2.2559,0.43530002,3.1390002,,1.6251,,2.19,,0.7005,0.22850001,0.6503,,,,1.3214,,,2.6317,,1.3333001,1.006,0.5763,,0.54340005,0.92020005,0.6053,2.1000001,1.5000001,2.6875002,0.66670007,1.8182,4.4234,3.4051003,1.0661,3.4926002,1.5417,3.1610003,0.73890007,2.6875002,,1.3058001,1.4534001,2.1685002,1.0727,0.83000004,2.4768002,0.56130004,1.2425001,1.0133001,,,1.7209,,0.84950006,1.7371,,,,,,4.3271003,,0.67340004,1.1458001,,,,0.8,1.1498001,2.2185001,1.1579001,1.6667,,0.88290006,1.9116001,,0.47570002,1.2059001,0.74670005,1.3333001,3.5798001
1969,1.1855,0.943,1.6389002,,1.3523002,,1.1118001,3.3172002,,0.5461,,0.79640007,2.4725,,,0.69540006,0.97620004,1.0164001,2.2367,1.8084002,3.5260003,1.6341001,1.0855,,1.1400001,1.2546,1.2658001,,3.8877,4.3615003,0.60340005,0.93880004,2.4049,,1.2271,,,2.3656,3.5809,4.0383,,1.5986,1.0313001,0.8295,,2.7141001,1.1688001,4.3946004,0.8,0.91,1.3820001,2.2724,0.9713,2.6454,,1.7282001,,2.39,,0.763,0.2913,0.6271,,,,0.74990004,,,2.7649,,1.3333001,1.3801,0.4684,,0.3285,0.86670005,0.6316,2.2167,1.7500001,2.9,0.98160005,1.8182,4.3578,2.9026003,1.1196,3.5352,1.5417,3.0984,0.7453,2.9,,1.1516,1.4174001,2.4156003,1.0744001,0.93270004,2.3969,0.5867,0.8281,0.9141,,,1.5760001,,0.84990007,1.8571,,,,,,3.4542,,0.82180005,1.5714,,,,0.68570006,1.2292,2.1352,1.0789001,1.6667,,0.9921,2.058,,0.37210003,1.1190001,0.71140003,2.2,3.2343001
1970,0.9563,0.8546,1.5377,,1.3294001,,1.2179,2.9445002,,0.5805,,0.874,2.9903002,,,0.70000005,0.9731,1.0159,1.8947,1.7864001,3.5664,1.7654,1.1475,,0.53000003,1.1828,0.55170006,,3.7264001,4.4859,0.62450004,1.0626,2.7561002,,1.0813001,,,2.3322,3.4223,4.1939,,1.9806001,1.1003001,0.8295,,2.137,1.2086,4.0234003,0.8001,0.88290006,1.1637,2.3412,0.24300002,2.0663002,,1.6132001,,2.26,,0.9042001,0.1735,0.65610003,,,,0.9516,,,3.0202,,1.3333001,1.4859,0.555,,0.71900004,0.92020005,0.6316,2.5914,1.7500001,2.8571002,0.90700006,1.7273002,4.5457006,3.0070002,1.1733001,2.6482,1.6667,2.9456003,0.75490004,2.8571002,,1.4372001,1.4941001,2.0687,1.171,0.9203,2.3211002,0.60690004,0.93750006,0.73330003,,,1.4459001,,0.90000004,1.8571,,0.0,,,,3.6341002,2.7895002,0.4659,1.5682,,,,0.57670003,1.1701,1.8293002,0.95000005,1.9800001,,1.1533,2.0865002,,0.37750003,0.91020006,0.72330004,1.01,3.5326002
1971,0.81490004,0.91300005,1.8735001,,1.2667,,1.2057,3.5577002,,0.61570007,,0.8880001,3.0542002,,,0.78620005,0.88650006,1.0154,2.5,1.8351,3.9819,1.8805001,1.2718002,,0.49190003,1.1343001,1.1828,,4.4229,4.8538,0.6133,0.9017001,3.0406003,,1.4908001,,,2.5630002,3.8614001,4.3890004,,1.9926001,1.2242,0.85260004,,3.0809,1.3066001,4.1811004,0.726,0.8672001,1.7663001,2.5560002,0.689,2.6476002,,1.6947,,2.2674,,0.84840006,0.3314,0.6093,,,,1.0908,,,2.9810002,,1.3333001,2.1088002,0.6243,,0.9502001,1.0462,0.6452,2.2167,1.7500001,1.3333001,0.9063,1.7391001,4.9687004,3.6068003,0.8466,3.3390002,1.6667,3.5263002,0.7691,1.3333001,,1.4497,1.6245,2.9041002,1.0833001,0.8823,2.6478002,0.6741,1.5705,1.0641,,1.4000001,2.2374,,0.9001,1.3923001,,0.0,,,,4.0534,4.5345,0.67590004,1.5565001,,,,0.77650005,1.5485001,2.2645001,0.76620007,1.7500001,,0.8881,2.2829,,0.4328,1.1386,0.83080006,1.0,3.9620001
1972,0.8457,1.1592,1.9000001,,1.5911001,,0.86660004,3.1461003,,0.5411,,0.9038,3.7279,,,0.83330005,0.42370003,1.0149001,2.5,1.6799,4.2021003,1.6790001,1.3695,,0.43400002,1.1400001,1.0126001,,4.038,4.3939,0.67010003,0.90340006,3.0912,,1.2718002,,,2.5862,4.5698,4.2412004,,1.9977001,1.3695,0.87500006,,3.1090002,1.3799001,3.9773002,0.83120006,1.3743001,2.7734,2.433,0.9452001,2.4969,,1.4449,,2.375,,1.261,0.379,0.22560002,,,,1.0813001,,,2.6345,,1.3333001,2.2893002,0.54990005,,0.5404,1.0,0.5556,2.1375,1.7500001,2.5,1.2847,1.7391001,4.3111005,3.3524,0.93320006,3.6461003,1.6667,3.3685002,0.7868,2.5,,1.3819001,1.6046001,2.5164,1.1887,0.8901,2.5135002,0.69600004,1.2145001,0.5466,,1.5000001,2.3939,,0.8998,1.006,,0.0,,,,4.2162004,3.0833,1.3353001,1.7328001,,,,1.0158,1.4096,2.3006003,0.9638,2.3000002,,1.0083001,2.1983001,,0.44310004,1.0227001,0.8656,0.99000007,3.6783001
1973,1.1739001,0.88670003,2.0097,,1.6574001,,1.3396001,3.5268002,,0.70690006,,0.75720006,3.4886003,,,0.82780004,1.1044,1.0145,2.068,1.6876,3.7852,1.3988001,1.3337001,,0.49610004,1.2814001,0.048200004,,4.3477006,4.4129,0.4934,0.9717001,3.6926003,,1.2584001,,,2.4614,4.5067005,4.3654003,,1.9905001,1.6853001,0.87500006,,3.4793003,1.2708001,3.9143002,0.80840003,0.82790005,2.4004,2.4543002,0.44470003,2.7009,,1.3628001,,2.308,,1.1,0.45200002,0.48000002,,,,0.77180004,,,3.2646003,,1.3333001,2.3004,0.5479,,1.1062,1.3333001,0.5,2.0167,1.7500001,3.3500001,0.9358,1.4286001,5.2552004,3.8221002,1.2045001,3.4922001,1.6667,3.7769,0.8,3.3500001,,1.6340001,1.6836001,2.7996001,1.2465,0.90110004,2.9599001,0.85220003,1.2061,1.133,,1.7,2.3269,,0.72120005,2.0446,,0.0,,,,4.5176005,2.9384,0.40210003,2.3333,,,,0.9368,1.1908001,2.3860002,1.5351001,2.3000002,,1.0482,2.1248002,,0.45990002,1.1071,0.924,1.0,3.8874002
1974,1.2074001,1.3065001,2.0625,,1.4103001,,1.3671,4.0938,,0.52120006,,0.89870006,3.3563,,,0.8489001,1.1568002,1.0141001,2.0370002,1.4884001,4.6371,1.6445001,1.5116,,0.6296,1.3038001,1.11,,4.6257005,5.3502007,0.49570003,0.97740006,3.2686002,,1.4330001,,,2.7307,4.5844,4.9712005,,2.3504,1.1764001,0.83330005,,3.752,1.1719,4.2967005,0.79770005,0.8198,2.4545002,2.5797,0.99300003,2.7983003,,1.6413001,,2.0341,,1.4529,0.2915,0.74420005,,,,0.9666,,,3.6022,,1.3333001,1.8388002,0.45550004,,0.82030004,1.0,0.5,2.0923002,2.0,3.2500002,1.0185001,1.5000001,5.7334003,4.3806005,1.1258001,3.183,1.6667,3.9942002,0.8,3.2500002,,1.3218001,1.6155001,3.4091003,1.248,0.92410004,3.2007,0.9714001,1.1763,1.1632,,1.3333001,2.089,,0.82000005,1.8423002,,0.0,,,,5.3041005,2.9378002,1.0603001,3.6000001,,,,0.9021,1.2579001,2.4276001,1.7826,2.0,,1.2253001,1.8333001,,0.39810002,1.1195,0.85580003,2.9517002,3.6311002
1975,1.2128001,1.0,1.9375001,,1.626,,1.4006001,3.5063002,,0.6466,,0.92600006,3.2852,,,0.80340004,0.61,1.0137,2.0370002,1.802,3.9593003,1.4618001,1.6397,,0.6481,1.2924001,1.2151,,4.3188,5.1017003,0.8313,0.92050004,3.4722002,,1.6169001,,,2.8405,3.8734,4.3344,,2.2919,1.1757,0.83330005,,3.2036002,1.3384001,4.3746004,0.9189001,0.6006,2.3285,2.6746001,0.42200002,2.6864,,1.5198001,,2.2176,,1.25,0.37470004,0.82250005,,,,0.9312,,,3.5956004,,1.3333001,2.2026002,0.74520004,,1.1573001,1.0,0.4839,2.1167,2.0,3.0000002,1.2857,1.6364001,4.9358,3.3124,1.1375,3.1198,1.6667,3.5735002,0.9135001,3.0000002,,1.0043,1.5701001,2.7271001,1.3202,0.94530004,2.8264,1.1158001,1.3037,0.7092,,0.8,2.0729,,0.8424001,2.1262,,0.0,,,,4.8313003,1.4684001,0.91600007,3.5714002,,,,0.98420006,1.5931001,2.3991003,1.2321,2.3333,,0.99990004,2.0582001,,0.3669,1.23,0.97440004,3.0481002,3.8541002
1976,1.2494001,1.0,2.5526001,,1.7045001,,1.3175001,4.2634,,0.76240003,,1.4535,3.8240001,,,0.86390007,0.90840006,1.0133001,2.1111002,2.0963001,4.3917003,1.2421,1.7754002,0.49330002,0.66670007,1.3811,1.2010001,,3.9344,4.6837006,0.7101,0.85,3.3447,,1.6003001,,,2.9772,3.7722,3.8505,,2.5521002,1.3055,0.83330005,,3.8845003,1.4103001,3.9695003,1.0494001,0.8687,1.8989002,2.5694,0.48670003,2.4961002,,1.6731001,,2.2227,,1.0811,0.4488,0.799,,,,1.1391001,,1.4943001,3.7615001,,1.3333001,2.7782001,0.6526,,0.86420006,0.6,0.59520006,2.0886002,2.0,2.0,1.1111001,1.8000001,5.4374003,3.2410002,1.1778,3.7418003,1.6667,3.7672002,0.99200004,2.0,,1.5309001,1.7911,3.4697,1.4222,0.952,3.1355002,1.2,1.2921001,1.2087001,,0.9333,2.8087,,0.8351,1.2548001,,0.0,,,,4.4668,2.0421002,1.1257,1.9048002,,,,0.81000006,1.7859001,2.4382,1.3061,2.4121003,,0.99380004,2.0375001,,0.40520003,1.177,1.1475,4.9350004,4.2441
1977,1.1309,0.7692,2.45,1.1667,1.3612,,0.94130003,3.7588003,,0.8,,1.6211001,3.7177002,,,0.65300006,0.65520006,1.0,2.0,1.9632001,3.6212,1.9416001,1.465,0.314,0.63640004,0.87500006,0.8521,,4.3553,5.2207003,0.43370003,0.9731,3.3320003,,1.4969001,,,2.3148003,4.2303,4.9006004,,1.8813001,1.2445,0.83330005,,4.0566,1.3866,5.1653,1.0122001,0.8112,2.1178002,2.2308002,0.49410003,2.7488003,,1.4847,,1.6844001,,1.1111001,0.23840001,1.4728001,,,,0.6345,,1.4907,3.4644,,1.3333001,3.4437,0.8783,,0.906,0.4,0.75000006,2.035,2.0,2.0,1.5833001,2.0,5.2304,3.7165003,1.039,3.6788,0.83330005,4.0706005,1.1036,2.0,,1.3972,1.6724001,3.4889002,1.4310001,1.0023,2.8946002,1.3529001,0.87350005,0.98130006,,1.2857,2.8356001,,0.85600007,1.7404001,,0.0,,,,4.0702,3.2500002,0.7968,1.3333001,,,,0.78700006,1.7854002,2.3065002,1.9298002,2.0658002,,0.53900003,2.0629,,0.3955,1.1135,1.0279001,3.3590002,3.8975003
1978,1.1980001,0.58820003,2.45,1.4667001,1.7396001,,1.7651,4.1771,,0.54840004,4.82,1.8419001,3.7080002,,,0.6456,0.95720005,1.0,2.0,1.9987,4.5892005,1.5401001,1.8449001,0.5,0.66670007,1.2694001,1.2657,,4.8869,5.2705,0.5809001,1.0754001,3.3344002,,1.7464001,,,2.0813003,5.0323,5.2526,,2.7213001,1.1377,1.0,,4.2871003,1.4798001,5.1202006,1.0401,0.60830003,1.9209001,2.647,0.39620003,3.2741003,,1.4716,,2.0891001,,1.0,0.37300003,1.3590001,,,,1.0701001,,1.6154001,3.6663003,,1.3333001,2.8062,1.0256001,,0.67230004,0.6,0.52940005,2.5,2.0,2.2222002,2.3039,2.0,6.5665,3.8915002,1.1199001,3.6134,0.45830002,4.4097004,0.8704001,2.2222002,,1.8053001,1.9328002,3.1217,1.3156,1.0076001,3.2551003,1.3059001,0.7084001,1.2,,2.1875,2.6712,1.65,0.6916,2.0017002,,0.0,,,,4.4891005,3.2500002,1.0613002,1.6667,,,,0.7928,1.8034002,2.0808,1.3462,2.1061,,0.79520005,2.1136003,,0.38090003,0.78670007,0.89290005,3.3381002,4.4988
1979,1.2317001,0.53330004,2.49,2.2429,1.6934001,,1.4515,3.1457002,,0.7667,,1.866,3.5034,,,0.6909,0.7641,1.0,2.0,1.6341001,4.914,1.7755,2.1395001,0.86670005,0.59180003,1.3649001,1.1616,,4.7776003,5.1616,0.5553,1.029,3.1606002,,1.6003001,,,2.1029,4.782,5.2292004,,2.4301002,1.5715001,0.7778,,3.2667,1.5683001,5.1591005,1.1258001,0.63540006,1.5564001,2.6013002,0.1664,3.6329,,1.7715001,,3.2070003,,0.88890004,0.41670004,0.95250005,,,,1.0843,,1.7927,3.9138002,,1.3333001,2.7262,0.5037,,0.56740004,0.6308,0.5,1.25,2.5,1.2069001,1.0889001,2.2,5.9382005,4.0140004,1.1658001,3.3851004,0.49670005,3.4228003,0.96110004,1.2069001,,1.4721,1.8522,2.9601002,1.4879001,1.0606,2.7032,1.3529001,0.88290006,1.2394,,2.1818001,2.1701002,,0.75320005,2.0907001,,0.0,,,,4.1256003,3.2500002,0.91340005,2.0,,,,0.6641,1.8730001,2.5803,1.5963001,1.6667,,1.3623002,2.298,,0.37390003,1.0864,1.0967,3.1086001,4.3931003
1980,1.2549001,0.5833,2.5198002,2.4096003,1.5596,,0.96220005,4.4673,,0.6656,,1.899,3.9750001,,,0.59920007,0.8653,1.0,2.0,1.7212,4.3628,1.7701001,1.8914001,0.7931,0.6078,1.2152001,1.3713001,,4.7389,4.6842003,0.7297,0.96930003,3.1175,,2.2379,,,2.8697002,5.181,5.8782005,,2.9348001,1.4615,0.7778,,4.7643,1.4356,5.1321,0.9825001,0.7101,2.5935001,2.6865,1.0027001,3.0497,,2.1567001,,3.2997,,1.3333001,0.5165,0.97380006,,,,1.0562,,1.6150001,3.8476002,,1.3333001,3.4872,1.1064001,,0.56320006,1.0,0.52500004,1.25,2.5,1.0638001,1.0,2.4,6.2021003,4.1879,1.1993,3.5574,0.5,4.5311003,1.0023,1.0638001,,1.5053002,1.8554001,3.3582,1.5680001,0.9394001,2.5957,1.1647,1.2205001,1.7008002,,2.3519,2.7909,,0.7059001,2.1083002,,0.0,,,,4.1455,3.2500002,1.536,2.0,,,,1.0188,1.8484001,2.4969,1.4063001,2.125,,1.3485,2.2513,,0.4009,1.0,0.90470004,4.0688004,4.9722004
1981,1.235,0.6316,2.5321002,2.0187001,1.4014001,,1.3765,3.7370002,,0.6305,,1.8479002,4.3035,,,0.6943,1.1508001,1.0941,2.0,1.9959002,4.703,1.5873002,2.1091,0.7931,0.59620005,1.5974001,1.2268001,,4.8797007,5.558,0.67200005,1.1141,3.2974,,1.2934,,,2.184,5.011,5.8417006,,2.7556002,1.7556001,0.63640004,,4.0098004,1.6299001,5.8012004,0.9017001,0.75640005,2.0695002,2.7098002,0.5105,2.6176002,,2.1461003,,2.9011002,,1.2941,0.57070005,0.8525,,,,0.5416,,1.6484001,3.7141004,,1.3333001,3.9104002,1.11,,0.7213,1.8182,0.66670007,0.9556,2.8571002,1.3978001,1.0,2.6000001,6.7008,4.5652003,1.218,4.0092,1.1887,3.9918003,1.1105001,1.3978001,,1.2947,1.8800001,3.0808003,1.6431,1.0225,2.9648001,1.3412,0.9276,1.2377,,2.3214,2.5014,,0.7713,2.5473,,0.0,,,,4.7707005,3.2500002,1.6629001,1.8667,,,,1.2299001,1.8357,2.6595001,1.8627,2.0,,1.3107,2.3229,,0.39920002,1.1074001,1.3002,3.2875001,4.9808
1982,1.2299001,0.625,2.6886003,2.0,2.0501,,0.77050006,4.2767005,,0.6,,1.8114,4.6368,,,0.68450004,0.646,1.0526,2.0,2.1336002,4.9157004,1.7394001,2.4517,1.4706,0.5926,1.5607,1.1978002,,5.2433,6.6730003,0.59650004,1.1658001,3.4962,,1.6568002,,,3.0469,5.236,6.2057004,,2.8778002,1.6413001,0.63640004,,4.3999,1.6913002,7.0053,1.0756,0.82600003,1.6408001,2.6959,0.51240003,3.2564,,2.0833,,3.3482,,1.2778001,0.77690005,0.6053,,,,1.2952,,1.5000001,4.3563,,1.0,4.3315,1.3341,,1.0211,1.6,0.68890005,1.0,3.1250002,1.6246,1.0476,2.6000001,7.3896003,4.5288,1.3152,4.0843,3.7781003,4.3122005,1.0317,1.6246,,1.3925,1.9992001,3.3489,1.5651001,1.0597,3.0734,1.4235001,1.2004001,1.3157,,3.2278001,2.8399,,0.91080004,2.7588003,,0.0,,,,5.2611003,3.2500002,1.2734001,1.6333002,,,,1.2829001,1.9424001,2.2956002,1.2789,2.0,,1.5231,2.3859,,0.3731,1.1481,1.2141,3.8189,5.1335
1983,1.258,0.625,3.0879002,1.4178001,1.8405001,,1.7026,4.53,,0.6,,2.1090002,3.1993003,,,0.60450006,1.1903001,1.1,2.0,1.9345001,4.8924003,1.6314001,2.8017,1.7778001,0.6071,1.6803001,1.1934,,5.2084002,6.4004,0.56350005,1.0450001,3.5996003,,1.6392,,,3.443,5.1274,6.3717003,,2.0925002,2.0976002,0.59090006,,4.4173,1.8158002,6.5593,0.9858,0.7059001,3.2648003,2.6155002,0.91090006,3.0310001,,2.1083002,,4.2213,,1.1111001,0.8457,0.51060003,,,,0.9971,,1.5000001,4.0410004,,1.0,3.9702,1.263,,1.4579,1.5000001,0.69570005,0.33290002,3.0000002,0.82470006,1.1905,1.8571,7.0368,4.2345004,1.3572,4.2431,3.7781003,4.8926005,1.2838001,0.82470006,,1.4511,2.1258001,3.4338002,1.6781001,0.9474001,3.3598,1.4588001,0.9868,1.2016001,,2.6780002,2.216,,0.84620005,3.3358002,,0.0,,,,5.1286,3.2500002,1.2493001,0.9091,,,,0.66450006,1.7755,1.2682,1.554,2.4,,1.6565001,2.6509001,,0.37970003,0.6991,0.98080003,3.5926003,5.7665005
1984,1.2319001,0.625,3.1579,1.6134001,2.3068001,,1.5455,4.7632003,,0.88890004,,2.3021002,4.2931004,,,0.7936,1.1387,1.1366,2.0,1.6099001,6.2623,2.0968,2.9691002,1.0,0.59650004,1.3823001,1.4950001,,5.9331,7.3230004,0.573,1.0275,3.6668003,,2.6249,,,3.1058002,6.4597006,7.7205005,,2.6713002,2.8168,0.59090006,,5.433,1.8432001,7.7878003,1.082,0.95580006,1.5052,3.072,0.77400005,3.1932,,1.3770001,,2.6887,,1.2,0.7145,0.58030003,,,,1.072,,1.5000001,4.3577003,,1.0,3.6496003,1.5942,,0.99920005,1.5000001,1.0,0.83030003,2.9167001,0.73270005,1.9106001,1.6875001,7.8854003,5.1033,1.3433001,4.5800004,3.7781003,5.1362004,1.0646,0.73270005,,1.2722,2.2201002,3.8374002,1.4819001,1.0300001,3.522,1.5529001,1.5952001,1.2004001,,2.7031002,3.1305,,0.837,3.4687002,,0.0,,,,5.6337004,3.2500002,0.96430004,0.6003,,,,0.7904001,1.9187001,2.3206003,1.5958002,1.7500001,,1.5436001,2.6073003,,0.367,0.76460004,1.2080001,3.7883003,5.8611
1985,1.2277,0.625,3.1406002,1.3402001,1.6177,,1.3695,4.8862004,,0.48200002,,2.1647,2.8749,,,0.7415,1.6140001,1.0,2.0,1.7665001,5.6688,2.3009,2.9367,1.4246,0.58620006,1.7101,1.7703001,,5.8295,5.8256,0.8861,1.0192001,3.759,,2.6079001,,,3.0070002,5.9999003,6.3333,,2.0464,1.7079,0.6,,4.8449,1.8701,6.3380003,1.0704001,0.9125,1.5522001,2.7886002,0.66590005,3.7359002,,1.8900001,,3.4257002,0.25,1.3235,0.74500006,0.50820005,,,,1.245,,1.5000001,4.2843,,1.8095001,3.7707002,1.7431,,1.4282,1.25,1.0,0.69890004,2.6667001,1.835,1.9799001,2.0545,6.6451006,4.3564,1.1811,4.3093,1.1009,4.9816003,1.0233,1.835,,1.4563001,2.1719,3.6051002,1.6123002,1.1388001,3.4283001,1.4941001,1.3953001,1.5998001,,2.3333,2.3381002,,0.99880004,3.6344001,,0.36110002,,,,4.8303,3.2500002,1.3548001,1.1910001,,,,1.3359001,1.8364002,2.0180001,1.6961,2.0,,1.1627,2.5197,,0.38390002,1.0282,0.8538,3.4312,5.4544
1986,1.189,0.8,2.8945003,1.1857,1.7819002,,1.4476,4.3605003,,1.0833001,,1.9282,3.8399,,,0.76420003,1.4466001,0.91670007,2.0,2.2052,5.098,2.8565001,3.0402,1.3333001,1.1634,1.7684001,1.2785001,,6.0919003,6.1684003,0.80840003,0.8031,3.8028002,,2.0776002,,,3.1912,5.4487004,6.9659004,,2.6311002,1.9986001,0.6,,4.3622003,2.046,5.5716004,1.1987,0.83550006,1.866,2.9028,0.66190004,3.5670002,,1.8666,,2.9379,0.3333,1.5000001,0.8636,0.5786,,,,1.7138001,,1.5425,3.9671004,,0.67620003,3.8462002,1.713,,1.4203001,1.25,1.0,0.8506,2.9610002,1.8392,1.9802,1.9701,7.998,4.0025,1.2386,4.1564,1.0989001,4.4031005,0.99600005,1.8392,,1.7767,2.3213003,3.5474,1.8806001,1.2362,3.7045002,1.5889001,1.5814002,1.5996001,,2.3636003,2.5112002,,1.0348,4.0429,,0.36110002,,,,5.5661006,3.2500002,1.7933002,0.7433,1.1932,,,1.1667,2.0342,3.2566001,1.8137001,1.5541,,1.243,2.3167,,0.35020003,1.3378001,1.1989001,4.9994,5.913
1987,1.2849001,0.8,3.1031003,1.1063001,1.8847001,,1.3645,4.5284,,1.1081,,1.8657,3.8221002,,,0.8079001,1.7654,0.8,2.0,1.9279001,4.8457003,2.7701,2.9829001,1.3333001,0.93000007,1.8186,2.4026003,,5.7757006,5.7474003,0.77770007,0.7961,4.7158,,2.6074,,,2.0208,5.5584,5.9880004,,2.5971003,2.0026,0.59090006,,4.4192004,1.9162,7.0650005,1.1533,0.84080005,3.1401002,3.039,0.99780005,3.1859,,1.4824001,,3.0235002,0.4286,1.95,0.89820004,0.67190003,,,,1.0608001,,1.7831,4.4686003,,1.2370001,3.6923003,1.7300001,,1.1615001,0.75000006,1.0196,0.661,2.7556002,1.5000001,1.5000001,1.9306,6.9359,4.2946005,1.3091,4.0599003,1.1015,5.0784,1.1665001,1.5000001,,1.6565001,2.2900002,3.5681002,1.5593001,1.2758001,3.7239,1.4778001,1.6473001,2.0971003,,2.3409,2.8134,,0.92200005,4.4021,,0.3703,,,,4.7913,3.2500002,1.4001,1.0,1.25,,,1.4005,2.0334,3.6506002,1.8228002,2.1645,,1.8425001,2.5330002,,0.33120003,1.5185001,1.8033001,3.7404,5.7986
1988,1.1728001,0.8,3.2010002,0.8083,1.8344,,1.5787001,5.3436003,,0.7378,,1.7542,4.0144,,,0.767,1.6528001,0.6396,2.0,1.2293001,6.0181003,3.0075002,2.9679,1.3333001,0.9153,1.6319001,2.4290001,,6.2266,6.7521005,0.6006,0.8671,4.7510004,,2.7852,,,2.6038,6.1509004,6.2142005,,2.8152,1.9966,0.56670004,,5.4858003,2.0019002,7.7645,1.108,0.89250004,2.3934,2.765,1.1269001,3.6206002,,1.6330001,,3.2842002,2.8750002,2.0002,0.83390003,0.6433,,,,1.7352,,1.6667,4.0154,,1.5108001,3.6154,1.3097,,1.3709,1.25,1.0352,0.72080004,2.6337001,1.32,1.0,1.25,7.2273,3.4006002,1.2478001,4.0701003,1.4957,5.2826004,1.1838001,1.32,,1.6402,2.2926002,4.1819,1.7343001,1.3228002,3.4802,1.4222,1.3768001,1.8992001,,2.2958002,3.5942001,,1.0673001,4.4982004,,0.3703,,,,5.1762004,3.2500002,1.8778001,1.0652,0.5546,,,1.2470001,2.1861002,3.4384,1.4153001,2.1667001,,2.341,2.2913,,0.33400002,1.7344002,1.8019001,4.2465,5.7091002
1989,1.118,0.8,2.9302,1.9247,1.8947,,1.5787001,4.9015,,0.8177,,1.8246001,4.7661004,,,0.6962001,1.6925001,0.6386,2.0,1.8076,6.5735,3.2677002,3.0430002,1.3333001,0.92640007,1.7177,1.4953002,,5.6815004,7.2534003,0.7821,0.66650003,4.9416003,,2.3597,,,3.3487,6.3480005,6.7369003,,3.0163002,1.9993001,0.5833,,5.2643,2.2444,7.5618,0.96050006,0.8374001,2.1972,2.5184,1.008,3.469,,1.5839001,,3.0797,3.16,2.15,0.8097001,0.6804001,,,,1.4934001,,1.6667,3.8235002,,1.3053001,3.7500002,1.0737,,1.3009001,1.25,1.0547,0.66980004,4.8667006,1.13,1.1429001,1.2,7.5977006,3.6538002,1.3851,3.5679002,1.9149001,5.1315002,1.2352,1.13,,1.8283001,2.3732002,3.7847002,1.8655001,1.3551,3.8542001,1.6125001,1.9133002,1.4977,,2.3333,3.3808002,,1.1556001,4.4239,,0.3684,,,,6.1940002,3.2500002,0.82320005,1.5000001,0.72540003,,,0.754,1.7580001,3.5378003,1.6768001,2.2002,,2.3920002,2.2024,,0.33820003,1.7218001,1.0906,4.7219,5.6767006
1990,1.051,0.79950005,3.0197,2.2165,1.8947,,1.6344001,5.0479,,0.74780005,,1.5034001,4.5514,,,0.648,1.154,0.7692,2.6178002,2.2769,5.6376004,2.9481003,3.1941001,1.5000001,0.92590004,1.8483001,2.0392,,6.2734003,7.418,0.6315,0.79670006,5.1967006,,2.3789,,,3.4847002,6.4787006,6.9712005,,1.9332,1.9983002,0.57690006,,5.0771003,2.1211002,8.530701,1.2761,1.0129001,3.2031002,2.9243002,1.4461,3.6540003,,1.6551001,,3.0238001,3.1250002,1.9704001,1.2317001,0.8118,,,,1.3290001,,2.0,4.2143,,1.1991,3.8341002,0.95440006,,1.1187,1.8001001,1.0769001,0.7735,4.425,0.73170006,2.8889,0.83330005,7.6528,4.6634,1.4149001,4.8842006,2.38,5.4212003,1.3201001,0.73170006,,2.1148002,2.5626001,4.2530003,1.8249002,1.0847,3.9575002,1.2889001,1.4269001,1.6571001,,2.2996001,3.2351003,,1.1811,4.6461005,,0.37,,,,6.4494004,3.9641004,1.5436001,1.5000001,0.6107001,,,1.2721001,2.1227,2.7023,2.0381,2.0,,1.8510001,2.6567001,,0.34440002,1.5826,1.0934001,4.3938,5.8211
1991,1.0213001,0.8,2.0698001,1.5941,1.8972,,1.6344001,5.0735,,0.73330003,,1.6767,3.7480001,,,0.93390006,1.4232,0.83330005,2.2268002,2.2559,5.9471,3.4057002,3.1004,1.3038001,0.92550004,1.9852,1.1429001,,6.7712007,7.0749,1.0809001,0.5696,4.8163,,2.4592001,,,3.6391003,6.6764,7.2519,,3.1183002,2.0124002,0.58150005,,5.19,2.2814,7.8646007,1.4199001,0.8056,2.1327,3.5094001,1.2022,3.1797001,,1.8484001,,3.0955002,3.0000002,2.2299001,1.2381,0.19590001,,,,1.8699001,,2.25,4.1272006,,2.0,3.6429,0.95790005,,1.0145,1.5000001,1.2,0.587,5.9,1.3812001,2.6000001,1.2,7.6608,4.6547003,1.4103001,4.8149,2.3077002,5.1526003,1.4115001,1.3812001,,1.5693002,2.4414,4.2661004,1.8410001,0.8553,3.8032002,1.3116001,2.0982,1.5636001,,2.3048003,2.5406003,,0.89290005,4.5030003,,0.36670002,,,,5.8591003,2.0,1.6864,1.3822,0.48610002,,,1.7006,2.1288002,3.0092,1.6700001,1.8000001,,1.6135001,2.3038,,0.3459,1.1543001,1.4916,4.3841004,5.8912005
1992,1.0313001,0.8,2.4388,2.3154001,2.1809,2.16,1.4698001,5.3938003,2.1705,0.712,,1.8534001,3.1071002,3.4,2.7983003,0.80880004,1.4295001,0.9091,2.1474,2.1603003,5.5114,3.3787,3.3312001,1.3051001,1.2356,1.7490001,2.1000001,,5.9811006,6.1510005,0.99390006,0.5911,5.2546005,,1.9426,2.0562,,2.4152,6.3992004,6.8194003,1.7674001,2.4315002,2.0,0.5926,3.8967001,4.07,2.394,7.8808002,1.5330001,0.59990007,2.8923001,3.5506003,1.4693002,3.5371003,1.3324001,1.9359001,2.7335002,3.3659,3.0000002,2.2807,1.0202,0.85800004,2.9411001,,2.5848002,0.7011,3.2868001,2.5,3.953,2.6752,1.3987,3.4375002,0.93890005,,0.8611,1.1111001,1.2340001,0.4239,5.1933002,2.0273001,2.8000002,1.3333001,8.0154,3.5295002,1.3338001,5.0543,2.3148003,4.5957003,1.3497,2.0273001,3.1034,,2.5340002,,1.991,1.3304001,3.0635002,1.3452001,1.2914001,1.6571001,,2.3088002,2.1950002,1.9030001,0.89360005,4.4609003,,0.3684,,,4.1937003,5.3249,1.6781001,2.2056003,2.1201003,0.6753,0.90730006,1.9137,1.7030001,2.0405002,3.0856001,1.4555001,1.7600001,3.0926003,2.3035002,2.6433,1.6625,0.3765,1.5652,1.7653002,4.1004,5.0893
1993,1.0211,0.8862001,2.9976003,0.8586,2.3272002,2.2257001,1.7812,4.2246003,1.6855,0.77870005,,1.8457,2.858,3.2613,2.6826003,1.0320001,1.4825001,1.1667,2.0681002,2.2027001,5.9382005,3.3500001,3.5188003,1.3063002,1.2803001,1.8773001,2.3400002,4.235,6.5841002,6.9791,0.8097001,0.6711,5.2970004,0.20380001,2.4492002,2.0994,1.5487,3.6212,6.4739003,7.3282003,1.4250001,2.2952,1.9924002,0.5821,4.1867003,3.0649002,2.3267,6.8056006,1.5766001,0.58970004,2.7183,3.5533001,1.5195,3.4739,0.9178,1.3795,2.4555001,2.7112,3.1304,2.2917001,0.84000003,0.73300004,2.3718002,,2.0006,0.6808,4.026,2.6667001,4.0821004,2.1352,3.0909,2.9,0.9334001,,0.9038,1.1613001,1.0,0.63060004,4.3846,1.8519001,2.2,2.3286002,8.7712,5.1096005,1.246,5.3698,2.3636003,,,1.8519001,3.4089,,2.5370002,,1.9466001,1.4812,3.3279002,1.3987,1.6861,2.2131002,,2.3103,2.3291001,1.7655001,0.8808,4.4886003,,0.37,,3.8474002,3.8430002,5.8993,1.6051,2.6182,2.1363,0.61670005,0.8513,1.9577,1.3700001,2.1642,3.4901001,1.342,1.8000001,3.798,1.6018001,2.5699,1.3585001,0.41910002,1.6092,1.8454001,5.0737004,5.7708
1994,1.0250001,1.0,2.4745002,1.8554001,2.0237,1.7842001,1.9658002,5.2088,1.6296,0.8824001,,1.8390001,2.8447,3.4778001,2.2802,0.7519001,1.5541,1.25,1.9887,2.1275,5.4925003,3.5157,3.4263003,1.3086001,1.2813001,2.0547001,2.4242,4.5800004,6.7684,6.4948,0.79990005,0.61620003,5.0026,0.74490005,2.1843002,1.6686001,1.0749,3.7953002,6.6685004,7.352,1.3244001,2.7510002,2.1025002,0.6071,3.7823002,4.6033,2.3796003,7.7193003,1.6028001,0.7431,1.3157,3.4796002,1.5767,3.7182002,0.749,2.2164,1.8265,3.7045002,3.0714002,2.2244,0.7742,0.4199,2.0348,,2.1078002,1.8111,2.193,2.0,4.3034,2.7545002,1.6278001,2.7273002,0.8209001,,0.74950004,1.1464001,1.2169001,0.2244,5.2500005,1.9571,2.88,2.3467,8.0674,2.8362,1.4704001,5.4145,2.3661003,,,1.9571,3.5784001,,2.4777,,1.8935001,1.2420001,3.1817,1.4505,1.9667001,2.1494,1.1192,2.3065002,2.5435002,1.4498001,0.91470003,4.5503,,0.37010002,,4.8518,4.3300004,5.3403,1.4286001,2.3838003,2.2297,0.70000005,0.84090006,2.5763001,1.0694001,1.7975001,3.2504,1.2090001,1.8000001,3.0745,2.5653002,2.5270002,1.5150001,0.48320004,1.7035,1.7561,5.2692003,5.4649
1995,1.0895001,1.1865001,2.8703003,1.7419001,2.1675,2.548,1.1356,5.0856004,1.4940001,0.744,,1.9483001,2.9085002,3.4107,2.4791002,0.9746,1.542,1.3000001,1.9093001,2.2467,5.9798,3.5500002,3.5415,1.3198001,1.2929001,2.1193001,3.0137,4.6016,6.8882008,7.5633,0.8924001,0.6951,5.4221005,0.51240003,1.4761001,1.9974002,1.3106,3.7686002,6.5079,7.6992006,1.3032,2.6341002,2.0987,0.59470004,3.8605,4.1644,2.559,8.2461,1.7096001,0.80520004,3.0371003,3.2013001,1.4414,2.9319,0.5748,2.1064,1.7175001,4.4386005,3.3636003,2.4765,0.7313,0.6166,2.4455001,,2.2235,0.5543,3.2427,2.0,3.732,2.9304001,2.104,2.6250002,0.8424001,,0.7366,1.1401,1.2893001,0.6865,5.5172005,1.94,3.4444,2.18,8.618901,4.7468,1.4416001,4.6823,2.3684,,,1.94,3.4171002,,2.4958003,,2.0811002,1.2643001,3.6015003,1.4849001,1.3872,1.2094,1.9150001,2.2969,3.0903,1.3946,1.0442,4.472,,0.37080002,,4.4379,4.23,5.9441004,1.5000001,2.5457,0.99960005,0.67820007,0.88820004,1.5904001,1.2780001,1.9315001,3.3681002,1.3817,1.8000001,2.9699001,2.3359,2.4065,2.1421,0.39770004,1.6831001,1.4507,4.8705,5.0360003
1996,1.1220001,1.3758001,2.1741002,1.1948001,1.9344001,2.3569,1.7899001,5.0069003,1.6627,0.77550006,,1.9531001,1.8818002,3.0127,2.1989,0.749,1.8334001,1.4167,1.8929001,2.4304001,6.6149,3.3278003,3.7341003,1.3333001,1.2901,2.1824,3.5135002,4.6671004,7.2932005,6.9864,1.309,0.6176,5.6384,0.36650002,3.0016003,2.2046,1.2114,4.0827003,7.1361003,8.1315,1.4039001,2.4149,2.102,0.60040003,3.6905003,3.278,2.4828002,8.9965,1.5827,0.86670005,2.2848,3.3170002,1.5054001,3.0164,0.68350005,2.0112,2.1353002,3.9193003,3.5000002,2.4726002,0.72940004,1.4108001,2.6926003,,2.3961003,1.8415,2.0592,2.0,4.1706004,2.2922,1.9658002,3.8182,0.9463,,0.6628,1.1356,1.3188001,0.8619001,4.3846,1.8730001,2.125,2.0435002,8.961201,4.5258,1.5500001,5.4738,2.3793,,,1.8730001,2.5846002,,2.5640001,,2.0184002,1.2499001,3.4574,1.3333001,1.7139001,2.4544,1.8359001,2.2881002,1.7645001,1.5449001,1.1357,4.3821,,0.3714,,4.1302004,3.9,6.0597005,1.5000001,2.5200002,2.2496002,0.6455,0.8566,0.77590007,1.6151,1.9852,3.3860002,1.3957,1.8000001,2.2993002,2.5957,2.4389,2.0635002,0.8709001,1.4096,2.0961,5.5771003,5.4999003
1997,1.2764001,1.5529001,2.8516002,5.1379004,2.2426002,1.7009001,2.1673002,5.2044,1.6914,0.7774001,,2.0544,2.9502,3.0193002,2.5132,1.0641,1.6359001,1.5385001,1.7218001,2.1285,5.9787006,4.0174003,4.1019,1.3330001,1.2894001,2.1243002,2.1905,4.4100003,7.2902007,7.2057004,0.80160004,0.5976,5.5994,0.3434,2.2498002,2.1850002,1.2917,3.7188003,6.6288,7.3776007,1.7109001,2.4172,2.0408,0.66670007,4.0,4.2153,2.6789,7.721,1.5947,0.7566,1.4055,2.8563,1.1018001,3.6387,0.8449001,1.6132001,2.3174,4.0441003,3.1489,1.6263001,1.0090001,1.6291001,3.0016003,,2.5909,0.92920005,3.2794,2.5,4.7347,2.5485,1.2752,4.1073,1.0328001,,0.76140004,1.1328001,1.0,0.5896,4.6361003,1.8889002,2.0,2.64,7.7309003,4.3101,1.6072,5.6607003,2.5,,,1.8889002,3.6409001,,2.7157001,,2.0533001,1.115,3.2064002,1.3333001,1.1905,1.7862,1.5150001,2.3077002,3.0103002,1.8417001,0.95570004,4.4497004,,0.37240002,,4.5723,4.1557,5.9742002,1.5603001,1.7214001,3.0000002,0.68520004,1.2687,1.4252,1.1061001,2.0174,4.25,1.3869001,1.8000001,2.8277001,1.9843001,2.6574001,2.1994,1.2595,1.2302,1.7575,6.6221004,5.6000004
1998,1.2964001,1.7143002,2.8037,7.2000003,2.6088002,2.0651002,1.8412,5.0749,1.5764,0.8148,,2.2408001,2.8058002,3.2113001,2.1347,0.9042001,1.6111001,1.5385001,1.6667,2.255,6.1811004,4.3846,3.6852002,1.3341,1.2904,2.0497,1.9828001,4.2143,7.2035003,7.2476006,0.88470006,0.64840007,5.9896,0.9552001,2.8424,1.7666,1.3738002,2.8929,7.6063004,7.5542006,1.0872,2.4379,1.9721,0.5,4.2214003,4.1390004,2.4852002,8.031,1.9346001,0.8071,1.8077,3.5818002,1.2476001,3.5111003,0.52000004,1.8951001,2.3578002,3.4847002,2.3812,2.0667,0.87500006,1.4810001,2.8671002,,2.5533001,1.4184,2.6714,2.5,4.2077003,2.9615002,2.4925,3.9161003,0.9592001,,0.6371,1.1337,1.4165001,0.7418,4.9336004,1.9750001,2.2051003,2.0,7.6956005,4.6878,1.5463002,6.216,2.5667,,,1.9750001,3.7269,,2.7063003,,2.2376,1.1648,3.6243002,2.3571002,1.0151,1.1419001,1.7438002,2.2951002,2.5963001,1.3594,0.7263,4.4999003,,0.37500003,,4.1726003,4.8279,5.6494,1.5909001,2.3885002,2.0226002,0.6894001,1.1448001,2.4904,1.4248002,2.2564,2.4444,1.1217,1.8000001,2.6479,2.8929,2.9034,2.6334,1.6453001,1.5034001,2.5295,5.6681004,5.5000005
1999,1.2329,1.7391001,2.4954,4.1569,2.3028002,1.9466001,1.8596001,5.4348,1.9992001,0.7085,,2.1627,2.7352002,2.7163002,1.7322,0.86770004,1.9699001,1.5385001,1.6323001,2.5971003,5.2609,3.5342002,3.9466002,1.3352001,1.2850001,2.1537,2.1212,4.6457005,7.5411005,7.0074,1.0711,0.7001,6.3467007,0.77000004,2.0987,1.3377,1.115,2.1589,7.2395005,8.0495,2.0325,2.391,1.9633001,0.47500002,3.2976003,3.5948002,2.5901003,8.7665,1.8301,0.6154001,0.4564,3.2434,2.2633002,3.4544,1.2868001,1.6534001,2.2977002,3.6699002,2.3925002,1.8814001,0.7879001,0.73880005,2.6098,,2.4103003,0.8004001,2.3423002,2.3672001,4.631,2.8026001,2.1696002,3.9576004,1.0959,,0.6104001,1.1372,1.5088001,0.78770006,3.6440003,1.7500001,2.1115,2.012,8.3311,4.4533,1.6955001,6.0610003,3.0000002,,,1.7500001,3.2870002,,2.7462,,2.1698,1.2877,3.5042002,2.0208,1.5986,0.9584001,0.77790004,2.3056002,2.7993002,1.5691,0.69740003,4.2526,,0.37220004,,4.0133004,3.7087002,6.0236006,1.5000001,1.6790001,1.434,0.69310004,1.1486,2.5097,1.4184,1.9409001,4.6316004,1.4363002,1.8333001,2.2903001,1.9537001,2.8726003,2.6460001,2.0037,1.6207,2.4137,6.9777007,5.5000005
2000,0.72400004,1.7025001,3.0455,6.5000005,2.4873002,1.6679001,2.0066001,4.4688,2.3223002,0.67740005,7.9198003,2.2104,2.8421001,3.229,2.1367002,0.84920007,1.5156001,0.94570005,1.5862,2.4446,5.9477005,3.8120003,3.7382002,1.3362,1.2849001,1.5992,1.626,4.2085004,7.2826004,7.4797006,0.9194001,0.6208,6.3422003,0.59430003,3.0997002,2.1285,1.1631,3.6007001,7.1175003,8.007501,1.0430001,2.6666002,2.0934,0.52570003,4.7455,3.6044002,2.7785,9.4538,1.5856,0.32000002,1.4653001,3.2133002,1.3971001,3.7607002,0.9028,1.5492,2.342,2.5452,2.3856003,2.7025,0.77840006,0.65470004,3.3413002,5.5769,2.7034001,0.4758,1.9512,2.3574,4.9355,2.4719,2.3515,4.0134,1.1494001,,0.77680004,1.0,1.5464001,0.7968,5.0983,,2.0049002,1.4038001,8.3592005,4.6025004,1.7931001,6.2095003,3.1896002,,,,2.9508002,,2.7316003,,2.4907,1.2797,3.2268002,0.8475,1.5678002,1.8101001,2.4656003,2.3056002,2.2996001,1.6144001,0.6416,4.2640004,,0.36920002,,3.0952,4.2492003,5.9066005,1.5000001,1.8498001,1.4336001,0.69690007,1.1839001,2.4143002,1.1727,2.2928002,3.5278003,0.45610002,1.7143002,1.9756001,2.5344,2.8238,2.7174,2.5749,1.6246,2.5997,6.2102003,5.4
2001,0.8977001,1.6667,2.822,3.5333002,2.4934,2.2263002,1.8209001,5.2412004,2.6154,0.86670005,8.047501,2.1643002,3.0081003,2.4263,2.1255002,0.989,1.9488001,1.0,1.5714,1.9452001,5.5116005,4.2999,3.8061004,1.3373001,1.2850001,1.5106001,1.9444001,4.8483,7.8827004,7.3559003,1.1104001,0.61,6.3580003,1.1658001,2.3003001,2.2302,1.3259001,3.3811002,6.6169004,7.0827007,2.6883001,2.5096002,2.9638002,0.53020006,4.4047003,4.3105,2.7081003,9.0601,1.7033001,0.74050003,1.9431001,2.8013003,1.4345001,3.5546002,1.1803001,1.9890001,2.4883,3.1049001,2.3906002,3.1995,0.7569001,2.0515,3.0559,5.4984,2.7080002,1.228,2.7133002,2.381,4.7661004,2.1298,2.5237,4.0,1.1902,,0.72,1.0,1.6005001,0.8989001,6.0464,1.8500001,1.8783002,0.98080003,7.9447007,4.0738,1.8063002,7.4286003,3.1826003,,,1.8500001,3.6563003,,2.7417002,,2.3254,1.2465,3.5336003,2.1628,0.8371,1.8334001,1.2122,2.3333,3.0449,2.0583003,0.76940006,4.9081,,0.36540002,,4.0102,4.6036005,5.9412003,1.5413002,2.8178003,1.4933001,0.70100003,1.3098001,2.5143,2.0,2.0765002,3.4412,1.7076,1.7500001,3.1020002,1.1488001,2.7018,3.1509001,2.7437,1.6185001,2.5708,6.6667004,5.3
2002,1.5419,1.5485001,3.1617,3.4118001,2.2398002,2.3877,2.1076002,4.9667006,2.6028001,0.82900006,8.275701,2.1644,3.0123003,3.0026002,2.6919,0.88500005,1.4754001,1.1269001,1.4549001,1.8324001,5.6340003,4.2722006,3.7766004,1.3384001,1.2872,1.7353002,2.1864,4.5551004,6.9056005,7.0345,1.0739001,0.5696,6.4345,0.17060001,2.8347,2.3025,1.4354001,3.2585,7.4455004,8.0028,1.6984001,2.3432,1.9146,0.53040004,4.5919003,3.5212002,2.7621002,8.444,1.9950001,1.5703001,2.1162,3.1247,1.3367,4.0010004,1.0895001,2.1217,2.3017,3.2268002,2.3914,2.7356002,0.7823,0.71720004,3.6335,5.9669003,3.3844001,1.2793001,2.5068002,2.3521001,5.0999002,2.6473002,2.5687,5.0,1.2679001,,0.5898,1.0385001,1.6731001,0.55880004,6.3724003,,1.0606,0.9818,7.8145003,4.0994,1.8859001,7.1467004,3.1648002,,,,3.2293003,,2.7551003,,2.2621002,1.3456,3.8539002,2.3016002,1.7904001,1.7263001,2.4193,2.2727,2.058,2.0681002,0.6171,4.8875003,,0.37360004,,3.8302002,4.8943,6.1487007,1.5392001,2.8436003,2.0,0.70650005,1.7898002,3.1863003,1.4144001,2.1006002,3.6389,2.5106003,1.7500001,3.0455,2.0,2.3567002,4.0410004,3.0000002,1.4740001,2.5906003,6.2500005,5.0
2003,1.5000001,1.3879001,2.8629,2.5,2.0361001,1.7183001,0.90700006,4.3801003,2.5599,0.78950006,8.5786,2.1327,2.3828,2.2617002,2.5082002,0.98780006,2.4035,1.4239001,1.3665,2.2565,5.0550003,4.3230004,3.9318001,1.3395001,1.2129,1.9496001,1.9765,4.0684,6.4985003,7.0768003,1.4480001,0.79800004,6.5001006,0.19870001,2.9236002,2.1574,1.3874,3.5494,6.2500005,7.7798,1.9347,2.0076,2.0249002,0.5,3.2207,2.6408002,2.6100001,8.2978,2.0969,1.3590001,2.5312002,2.7482002,1.4280001,4.0335,1.0250001,2.5055,2.3649,3.0512002,2.3897002,2.5389001,0.76220006,0.58790004,3.5783002,6.1364,2.7914,1.7220001,2.5261002,2.3479,4.4912004,2.1761003,2.4489,4.0,1.2870001,,0.7914001,1.1875,1.6667,0.75100005,6.2509003,1.9000001,1.71,1.0357,8.743901,4.6135,2.0092,7.4863,3.2703001,,,1.9000001,2.2772,,2.6514,,2.3878002,1.3779001,3.4047,2.3333,0.8581,2.2,2.0749,2.3333,1.7570001,1.7030001,0.73510003,4.8849,,0.3763,,3.0313003,3.4543002,5.4849,1.5428001,2.7355,1.445,0.73880005,1.9716,2.9259,2.1412,2.0987,3.5200002,2.752,1.6667,2.9385002,1.5011001,2.9712,3.7315001,2.9804,1.1997,2.068,6.4286003,3.0000002
2004,1.2659001,1.2412,3.1130002,2.0,2.5441003,2.3416002,1.9998001,5.9234004,2.5748003,0.8326,8.9806,1.9527,3.8100002,3.6711004,3.3040001,1.0665001,2.0728002,1.3656,1.2686,2.6409001,6.1177006,4.571,4.2519,1.3407,1.2842,1.8879001,1.3329,5.8419003,8.1716,7.1406,1.3582001,0.8053,6.5567007,0.298,3.2628002,2.5083,1.4691,3.4738002,7.5788,7.7754,1.8165001,2.4757001,2.0184002,0.5273,4.9278,5.1174,2.7132,9.9241,2.2056003,1.1898001,2.1883001,3.6698003,1.2273,4.0466003,0.8432,2.4827,2.4344,3.3289,2.375,2.9344,0.76850003,0.6401,4.0276003,6.8241005,2.9423,1.8082,2.7386003,2.3449001,4.4871,3.5217001,2.5296001,4.1048,1.3935001,,0.8072001,1.087,2.4906,0.7537001,4.1622005,1.8945001,1.7188002,1.069,8.914901,4.7668,2.0873,6.5501003,3.0888002,,,1.8945001,4.334,,2.9426003,,2.3733,1.3872,4.2811003,2.5,1.5625001,2.2,2.1164,2.4444,3.4775002,1.9823002,0.79870003,5.3066006,,0.37860003,,4.7988,4.5339003,5.9798,1.5438001,2.4778001,,0.7566,1.9897001,3.1707,1.6634,2.2658002,3.2162,1.9488001,1.6667,3.1661003,2.7698002,2.9026003,3.7457001,3.0000002,1.2323002,2.0325,6.1181,3.5000002
2005,1.8215001,1.0860001,3.1582,2.0,2.6356003,2.0252001,1.6348001,5.0286,2.5818002,0.73870003,8.2733,1.7478001,3.1567001,3.0568001,3.2812002,1.0741,1.9735001,1.2754,1.1612,2.7381003,5.7316003,4.413,4.2753,1.3418001,1.2850001,2.3371003,1.7570001,5.0522003,7.4651003,7.2328,1.5057,0.72200006,6.4929004,1.1565001,1.7707,3.0818002,1.5567,3.7304,6.9887004,7.9609003,1.9889001,2.4058,2.1288002,0.53120005,4.1144,4.5,2.6016002,8.431701,2.0585,0.87380004,2.3458002,3.6352,1.1731,4.097,0.9480001,2.3131,2.2410002,3.2058003,4.8019,2.903,0.7576,0.72340006,3.7332,6.0153003,3.6099,1.0261,2.5989,2.3394,4.7517004,3.0811002,2.2001002,4.1579003,1.3934001,,0.47750002,1.1071,2.0,0.87070006,4.5255003,1.8932,1.7443001,1.1,8.593201,4.8925004,2.1344,8.092,3.1919,,,1.8932,3.5626004,,2.8287,,2.5858002,1.3440001,3.9545002,2.5065,0.66440004,2.1918,2.0898001,2.3333,2.9985,1.9291,0.90830004,5.4175,,0.3871,,4.3111005,4.7005,6.3334002,1.5451001,2.4523,1.5000001,0.77570003,1.9603001,3.1489,1.6918001,2.3309,3.1613002,2.8838003,1.6667,2.8457,2.9704,2.8231003,4.2073,2.9605002,1.3134,2.3665001,6.2104,3.5000002
2006,1.376,1.0,3.0787,2.6000001,2.5302,1.4627,2.0213,4.9066005,2.605,0.80070007,8.254901,1.5344001,3.4026003,3.1698003,2.8191001,1.1113001,1.5927,1.3481001,1.0456,2.6096003,5.813,4.4601,4.5935,1.3429,1.2849001,1.549,1.3951,4.4865003,7.2007008,6.9964004,1.5068002,0.7774001,6.4303,1.1604,2.8755002,2.4173002,1.5204,3.5575001,6.7414002,8.0361,1.2469001,2.2859,2.2712,0.5353,4.5833,4.0719,2.6188002,9.154301,2.1317,1.3783001,1.5453001,3.7295003,0.85170007,3.8351002,1.1348001,2.1875,2.0684,3.3429,4.7222004,2.8998003,0.7879001,0.36020002,2.3554,5.9694004,2.7815,2.0365002,2.3196,2.3256001,5.2274003,3.0098002,2.4025002,4.0385003,1.5262,3.0903,1.0830001,1.2353001,2.1026,1.2071,5.9308,,1.4992,1.1270001,8.394,4.1634,2.0745,6.8963003,2.808,,,,,,2.8905,,2.5186002,1.3360001,3.2447002,2.4875002,2.3847,1.6986,1.8683001,2.0,2.7737,1.9492,0.851,5.6172004,,0.36920002,3.4740002,3.8461003,4.1907005,5.4627004,1.552,2.7599,1.0,0.7922,1.9967,3.5243,1.4941001,2.3595002,4.0448003,2.0667,1.8000001,2.5308,2.9583,2.5986001,4.2108,3.0137,1.3474001,2.7516003,5.4946003,3.6000001
2007,1.8183001,1.0,3.5496004,3.0000002,2.6234,2.5837002,0.91730005,4.7763,2.6722,0.84070003,7.8908,1.8471,2.1973002,3.476,3.2771003,0.92100006,2.2199,1.2921001,0.90000004,2.3317,5.9803,4.7859,4.6076,1.3441,1.2849001,1.8709002,2.0261002,4.8570004,6.9611006,6.5610003,1.2742,0.8186,6.4673,0.83950007,3.5692,3.4746003,1.6711,3.9329002,6.2542005,7.2244,1.6682,2.2353,2.2229,0.5395,4.6408,3.5875,2.7079,8.4626,2.1997,1.4031,1.8501,3.4137,1.0114001,4.34,1.2983001,3.094,1.9985001,3.8128002,2.39,2.2008002,0.7879001,0.2002,3.9219,5.5990005,3.5944002,0.6154001,1.2925,2.4444,5.0824003,2.4020002,2.5029001,4.2857003,1.5792,2.4026003,0.93920004,1.1765001,2.0,2.2968001,5.1342006,,1.4894001,1.6923001,7.2714005,4.3973002,2.1563,8.4966,3.0509,,,,,,2.8154001,,2.7156003,1.2562,3.9381003,2.4375,1.863,2.5,1.9670001,2.3188002,1.6100001,2.1007001,0.8948,5.6844,,0.3785,3.3327,3.8249002,4.1616,6.2571006,1.4773002,2.4231002,1.8651,0.8083,2.3500001,1.3000001,1.8762001,2.1675,4.2286005,1.0986,1.7273002,2.342,3.1603003,2.7046003,4.4786005,3.0000002,1.5441,3.0142002,6.1511,2.9998002
2008,1.2263001,1.0,4.0168004,3.0000002,2.8271003,2.4322,1.0788001,5.6935,2.7251003,0.8431,8.7585,2.1753001,4.1674,3.7354,3.9752002,1.2931,2.5497,1.7655001,0.8,2.8575,6.0014,4.5748,4.762,1.3454001,1.2849001,1.8151001,0.4954,5.7726,8.0873,7.8638,1.1038,0.74660003,6.5031004,0.33070004,3.2483003,3.1831002,1.6245,3.6408002,7.1018,8.281401,1.6834002,2.7769,2.4013002,0.5438,5.4833,5.0024,2.8022,8.968401,1.3343002,1.3678001,1.1457,3.8689,0.629,4.2203,0.97150004,2.5845,1.9402001,4.0639,2.3412,2.8798,0.7879001,0.1314,4.2689,6.6617007,3.8566003,1.3189001,3.1244001,2.381,5.0134,3.4101002,2.4409,4.8333,1.7117001,3.5016003,1.3987,1.25,2.0,1.6133001,6.142,,1.8251001,1.6563001,8.729501,4.8653,2.2252,8.112,3.0571003,,,,,,3.0625002,,2.4514,1.3839,4.0716004,2.3973002,2.3028002,2.0986001,1.3871001,3.0000002,3.4222002,2.4459,0.90840006,6.0877004,,0.38060004,4.2991004,4.8693,4.5265,6.1087003,1.5660001,1.4397,1.8000001,0.8248,1.9866,1.1,1.7174001,2.3451002,4.4242005,1.0046,1.7273002,3.6698003,2.8420002,3.0175002,4.4771004,2.9870002,1.3846,2.8476002,9.938701,3.0097
2009,1.9666001,1.0,4.0229,,1.9628001,2.2374,1.5831001,4.9295,2.5946002,0.85830003,9.4652,2.1516001,3.1873002,3.7751002,3.5428002,1.2862,2.0802,1.4371,,2.7897,6.0214,4.0809,4.7390003,1.3467001,1.2851,1.6946001,2.5499,5.2425003,7.8091006,8.0373,1.5975001,0.86170006,6.3829,1.0706,2.7103002,3.0146003,1.8269001,4.1027,7.4478,7.9284005,1.0737,2.7436001,2.2131002,0.57500005,5.1896005,3.8546002,2.9071002,8.166901,1.8192,1.8756001,2.0646002,3.5859,0.78620005,3.2367,1.1941,1.6665001,2.6285002,3.7067,2.3333,2.799,0.78950006,0.23020001,4.2004,6.5677004,3.6276002,2.1398,2.0988002,2.3814,4.9688,3.0756001,2.9665,4.9286003,1.7297001,3.5981002,1.5593001,1.25,1.978,1.5006001,6.7214003,,1.8917,1.6667,9.291901,3.4069002,1.9338001,7.4918003,3.0975,,,,,,3.0356002,,2.6568003,1.4315001,4.1725,2.2624,1.7008002,2.1000001,1.3636,2.3333,2.4305,2.3182,0.92550004,5.8833003,,0.38340002,3.6423001,4.0557003,3.9643002,6.0776005,1.5000001,2.5754,2.0,0.84830004,3.0343,1.6,2.1038,2.5664,4.4938,0.5521,1.6667,3.0930002,2.8560002,2.9897,4.9013,2.9792001,1.8901001,3.0475001,5.6991005,3.0000002
2010,1.9252,1.0526,3.9905002,,2.7113001,2.1192,1.5729,5.0117006,1.9381001,0.73170006,8.827201,2.3959,3.6185002,2.6621003,2.8851001,1.3920001,2.8288002,2.1637,,2.8085,5.749,5.7658,4.7486005,1.3846,1.2854,1.7697,2.4115002,4.9924,7.2120004,6.6264,1.4838002,0.89120007,5.5741005,1.1786001,3.0498002,2.7440002,1.8385001,3.4299002,7.0405,7.6746006,1.0189,2.6044,2.0574,0.5508,4.0415,3.7038002,2.8395002,8.6015005,1.8337001,1.9872,1.7507,3.7421002,1.0307,2.7612002,0.7336,3.1991003,2.1674001,3.1173003,2.3478003,2.7815,0.77720004,1.4693002,3.3045,5.9586005,3.2849,1.7095001,2.2872,2.3923001,5.4185004,3.0443,2.5543,4.8011003,1.7819002,3.4029,1.3805001,1.3367,2.082,1.5123001,6.0942006,,1.9909002,1.4844002,8.909201,4.5975003,2.1289,8.124101,4.1264,,,,,,2.9721003,,2.5528002,1.4224001,4.4290004,2.1918,1.4305,2.5,1.7892001,2.25,2.7,1.9181001,0.93920004,6.1474004,,0.38680002,3.3672001,3.4646003,4.8044,5.3966002,1.5000001,1.9280001,2.5007,0.8786,3.0159001,1.7,1.8923001,2.44,2.7253,1.1429001,1.6667,2.6816003,3.3583002,3.1167002,4.6000004,2.9942,1.7843001,2.5623002,6.3118,2.7788002
2011,1.5179001,1.0959,4.2301,,3.5063002,2.88,2.0301,5.8549004,2.4376001,0.6973,8.4046,2.6012,3.9197001,3.5960002,3.3088002,0.9731,2.6602,2.6686003,,2.9568002,6.2952003,5.806,4.8376,1.3971001,1.2986001,1.5964001,2.2413,5.6921005,7.0139003,6.4672003,1.7405001,0.92490005,6.5428,1.1154001,3.4475002,2.8065002,2.0288002,3.8469,6.6563,7.7471004,2.0684,2.7004,2.0509,0.5421,5.2237005,4.1994,2.9886003,9.8641,1.3608001,1.9552001,2.3403,3.8335001,1.3818,3.5286002,1.6609001,2.0415,2.1445,3.3484,4.1333,2.9683,0.77300006,0.9965001,3.3919,5.5290003,3.0613003,1.9488001,2.6376002,2.3889,5.4778,3.3458002,3.4378002,4.7687006,1.7779001,3.2024,1.4961001,1.7042,1.6018001,1.5214001,6.1219,,1.9770001,1.2791001,7.7812004,3.8517,2.2747002,7.2858,3.3064,,,,,,3.1639001,,2.8328001,1.4719001,4.1348,2.0159001,1.2002,2.5049,1.6218002,2.3636003,3.6650002,2.2645001,0.96590006,6.1429,,0.39010003,4.2114,4.4953,5.177,5.3786,1.6847,2.5366,0.4923,0.91340005,2.3359,1.3619001,2.0791001,2.7038002,2.163,1.0404,1.7692001,3.3533,3.2196002,2.9422002,4.556,3.0000002,1.8667,3.3157,6.3068,2.6604
2012,2.0104,1.1317,4.1096,,3.2199001,2.601,2.1511002,4.1388,2.6144,0.44480002,8.452201,2.7789001,3.7596002,3.7082002,3.5822,0.9186,2.3100002,2.2471,,2.8743002,5.7763,4.9468,4.9869003,1.2308002,1.3116001,1.5196,2.6811001,4.3156004,7.3312006,7.3687005,1.7639002,0.79950005,6.5823,1.2692,2.3718002,3.8994,2.1102002,3.9028003,7.151201,6.6571,1.6989001,2.6650002,2.1677,0.5488,5.3473,3.7485,3.1775002,7.2235003,1.3482,2.4181,3.2671003,4.1293,1.2391,4.1004,0.7929001,2.9720001,1.6751001,3.9098003,4.1429,3.1245,0.7856,0.86410004,4.7829003,5.8665004,4.3695,1.2342,1.5760001,2.3955002,5.6568003,2.6956003,4.0285,4.7439003,1.784,2.7984,1.565,0.9958,2.1278002,1.5104,6.1697006,1.9150001,1.6537,1.0189,8.587001,4.1011004,2.4123,8.9245,4.6512003,,,1.9150001,,,3.0934,,2.7138002,1.4891001,4.1438,1.48,1.0766001,2.601,1.9993001,2.2857,2.6593,1.7727001,0.95600003,5.9254003,1.7297001,0.4,3.9770002,3.2856002,5.4376,6.2379003,2.0,2.2517002,2.5,0.8696,2.6758,1.4536,2.0203001,2.6723,3.3442001,0.9915,1.4286001,2.7999,3.3979,3.1154,4.7095003,2.9863002,1.8095001,3.7476003,6.8135004,2.4902
2013,2.0248,0.9991,4.1292005,,2.6581001,3.1273003,1.7609001,5.3743,2.6719,0.72760004,8.934901,3.0138001,4.1885004,3.9206002,3.061,1.1167,2.7491002,2.3392,,3.5980003,5.3834,5.8143,5.0556,1.2879001,1.3044001,1.6938001,2.1935,5.6676,7.9979005,7.2992005,1.9100001,0.70640004,6.6682005,1.2,3.6447,3.2754002,2.4446,3.8215,7.2656,7.3838,1.8367001,2.7777002,2.0240002,0.55,4.8846,4.6386003,3.1538002,8.998301,1.4538001,2.3068001,2.7839,3.8441002,1.3339001,3.8616004,1.0762,2.7602,2.3654,2.5852,4.1111,3.2567,0.785,1.2345,4.3022003,6.3676004,3.8857002,2.164,2.7551003,2.4022,5.2934003,3.1978002,3.9754002,4.7780004,1.8078002,3.4357002,1.3369001,1.0951,2.1172001,1.4058001,6.2155004,1.9194001,3.009,1.0,8.7412,3.8841002,2.2902,9.1053,3.6745002,,,1.9194001,,,3.2512002,,2.7957,1.4976001,4.4367003,1.5000001,1.7635001,2.6000001,2.4032001,2.2632,3.4786003,2.2288,0.9215,6.4333,1.9534001,0.4,4.2592006,4.5808,4.3528,5.7792006,2.0,2.3158002,2.6421003,1.25,2.9735003,1.5728002,1.4614002,2.8451002,1.9889001,0.97,1.4286001,3.3931003,2.1822,3.1673002,4.7393003,2.9815001,1.6915001,3.6993003,6.5435004,2.3430002
2014,2.0237,0.9779001,4.0001,,2.6619,3.226,2.0061002,5.9217005,2.3285,0.5763,9.412901,3.0319,4.2172003,2.864,3.9424,1.0652,2.2088,2.2341,,3.0818002,6.3489003,5.3290005,5.2435,1.3281001,1.3035,1.4785001,0.72450006,6.5104003,8.6296,7.7833004,1.4753001,1.1204001,6.1752005,1.2,2.9806004,3.9864001,2.5433002,4.0696,7.353,8.5786,1.3533001,2.7466002,2.1771002,0.5421,4.156,4.7288,3.1457002,10.014001,1.7453002,2.3964,2.2695,3.8107002,1.1926,4.0094,1.0901,1.5549,1.6893002,3.2603002,4.3077006,3.8043003,0.77250004,0.9104001,4.563,6.1541004,3.7474,1.7132,3.1667001,2.3955002,5.1935,3.755,4.4420004,4.8777003,1.8472,2.9215002,1.6980001,1.09,2.0203001,1.2262,6.6667004,,2.5132,1.3043001,9.1698,4.9211,2.496,8.6267,3.6631002,,,,,,3.3195002,,2.8241003,1.5554001,4.9721003,1.5000001,2.0657,1.5000001,2.4032001,2.5,3.5984,2.4976003,0.94070005,5.88,2.1219,0.39510003,3.9474,5.464,5.2302003,6.806,1.94,1.5718001,1.3006,1.0823001,2.9680002,1.6424001,2.0930002,2.4294,3.0833,1.6573001,1.5769001,4.0119,3.3177001,2.9378002,4.7821,2.9815001,1.7206,3.6721003,7.1559005,2.2150002
2015,2.1959,0.96220005,3.9511003,,2.8100002,3.3437002,1.9172001,5.6962004,3.0385,0.6833,10.015201,3.0860002,4.5316005,3.5263002,3.9623003,1.7208002,2.2278001,1.9016001,,2.8925002,5.9882007,5.6326003,5.3927007,1.3317,1.3091,1.8539001,2.9540002,6.3559003,8.087701,7.9527006,1.4640001,0.71650004,6.5919003,1.0,2.9236002,4.7885003,2.7941003,4.103,7.8008003,8.976001,2.5791001,2.9050002,2.1255002,0.54080003,5.3809004,5.1796002,2.7496002,10.667701,2.0159001,2.8617,3.4055002,3.9280002,0.98520005,4.7114,1.1882,1.9841001,2.3701003,2.6234,3.7500002,3.4750001,0.76620007,0.84990007,5.2384,6.2825003,5.0304003,2.4664,2.6729,2.3939,4.5256004,2.7541003,3.9401002,4.992,1.8616,2.8682,0.57170004,1.0787,2.0143,1.279,5.6395,0.70220006,2.0664,1.0,9.125501,5.7745004,2.5914,8.6722,2.9882002,,,0.70220006,,,3.3272002,,2.7256002,1.5529001,4.5744,1.3750001,2.0232,1.8986001,1.9834001,,3.7872002,2.3883002,0.96070004,6.142,3.4393003,0.39560002,4.1161003,5.5098,5.1102004,7.2132006,1.7507,2.3385,1.4006001,1.005,3.032,1.8115001,1.3985001,2.8803003,2.354,0.8468,1.6,3.8792002,2.6967,2.9299,4.8175,2.9833002,1.6692001,2.9866002,6.8802004,2.0486002
2016,1.9803002,0.9466,3.9,,2.8623002,3.2427,1.9743001,6.2534003,3.0475001,0.38610002,6.7871003,3.0310001,4.7483,4.2945004,3.2938,1.4334,3.1551003,1.6751001,,3.5805001,4.3705,6.0706005,5.3965,1.3319001,1.2880001,1.5941,0.823,6.4959,7.6409,7.2067003,1.1833001,1.5250001,6.6311,1.0,3.4886003,2.7685,2.6755002,3.8303003,5.2896004,7.8897004,2.5732,2.8928,2.1288002,0.53840005,5.6537004,5.3654003,3.0339,9.5390005,2.4612,3.3181002,3.8444002,4.203,1.2932,3.6884,1.2111,1.4022,2.4461002,3.7074,3.0000002,3.1490002,0.7587001,0.59370005,4.3661003,5.0744,4.3045,1.1315,3.4869,2.3958,5.3388,3.8385003,8.9273,4.9826,1.1859001,3.1506002,1.3154001,1.0938001,2.1504,1.1116,4.7289,0.65430003,2.0085,1.0,7.9832006,4.6339,2.3288002,9.1971,4.2842,,,0.65430003,,,3.4183002,,2.779,1.5623001,4.5802,1.2381,2.3565001,2.2,2.5715,2.2963002,3.9484,2.6854,0.98270005,5.925,2.381,0.3958,4.847,5.8434,5.1863003,6.3204,1.8325001,1.4299,2.0,1.0363001,3.0828001,1.8343002,1.8227,2.707,1.5514001,1.1094,1.5810001,4.2056003,3.6082,3.5408003,4.8023,3.0000002,1.5583001,3.7571003,6.6005,1.9013002
2017,2.0342,0.93100005,4.0367002,,3.3047001,2.1783001,2.6100001,4.8712006,2.9687002,0.39820004,8.617401,3.1576002,5.3583,4.1740003,3.6540003,0.8848,2.279,1.8237001,,3.3815002,6.0940003,5.9966,5.4841003,1.3354001,1.2588001,2.0941002,1.9120001,5.6705003,7.6443,8.240901,1.1501,1.2924001,6.8597007,1.0,2.3263001,4.2018,2.7361002,4.1276,7.2538,8.2796,2.2149,2.9284,2.1267002,0.5371,5.8084,5.4287004,3.1999002,10.167201,2.2803001,2.8392,1.6116,3.8562002,1.4837,4.2708,1.2427,1.2581,2.4053001,4.0316005,3.1429,3.0156002,0.753,1.2934,4.8247004,5.4834003,4.7869,2.0953002,3.7309,2.3994,5.2967005,2.7464,6.2311006,5.0311003,1.8832,3.2135003,0.8538,1.1032,2.1288002,1.2273,5.3061004,0.60170007,2.7536001,1.6779001,9.0935,5.2868,2.5538,9.864401,4.2842,,,0.60170007,,,3.5573003,,2.9729002,1.5050001,4.8773003,1.2038001,2.0542,2.0,2.2355,2.2857,4.8911004,3.1254,1.0157001,6.4333,2.6887,0.3964,4.092,4.7386003,5.0314,6.9891005,1.8550001,1.5819001,1.9684001,1.0719001,3.1471002,1.7961,1.636,2.8060002,2.2487001,1.1839001,1.5613002,4.1097,3.5209,3.1175,4.3165,2.798,1.5588001,3.1225002,7.2439003,1.7542
2018,2.21,0.9153,3.6927001,,3.1806002,2.8240001,1.9178002,4.6453,2.9383001,1.4092001,8.4923,3.1302001,4.9129,4.0196004,2.7496002,1.5117,2.6292,1.2677,1.3319001,3.2742002,5.8301005,6.2137003,5.4166,1.3372,1.2258002,1.8887,1.5029001,5.3896003,6.6737003,6.1624002,2.0433002,1.7142,6.2942004,1.0,4.0328,2.9129,2.7679,2.8211002,6.768,7.7546005,2.4734,2.6526003,2.1091,0.5366,5.4388,5.1244,3.3682,8.3732,2.4628003,2.7789001,1.3327,3.8999002,1.5045,3.6097002,1.2281001,2.528,2.4268003,3.9073002,3.0000002,3.2500002,0.74920005,0.9391,3.6731002,6.1888003,3.4314,2.5752,3.1251001,2.4025002,5.4373,3.3965,3.5419002,,1.8727001,3.2088003,1.4164001,1.1327,2.1327,1.2314001,5.3061004,0.5224,2.9615002,1.7142,8.6147,2.3477,2.7573001,8.9596,3.8525002,,,0.5224,,,3.4445002,,2.8505,1.5403001,3.9871004,1.2506,2.5938,1.6800001,2.3666003,2.5,4.7935004,2.7250001,1.1022,6.5334,2.4472,0.39710003,4.5742006,4.7796,4.3817005,4.3498,1.8587,1.115,2.2440002,1.0306001,3.0483003,1.4266001,1.7345,2.7440002,2.4085002,1.0901,1.5988002,3.7242,2.2798002,3.2005002,4.1260004,2.6705,1.4332,3.7111003,5.2808,2.7178001
2019,2.0951002,0.8798,4.0680003,,3.216,1.9565,1.6917,5.7372003,3.1555002,0.6402,9.336401,3.078,5.2722006,3.8392,3.3274,1.1993,2.6578002,1.3130001,0.6081,3.3834,5.7514,6.2860003,5.6298,1.3376,1.1894001,2.0794,2.7828002,5.7325,7.3964005,8.0957,1.963,1.6446,6.5003,1.0,3.1463003,5.0699,2.9705002,4.6264,7.7428,8.934501,2.3341002,2.7939,2.1451,0.53620005,5.6114,5.2949,3.5334,9.3787,2.3387,2.8144,2.0521002,3.8409002,2.3925002,4.9008,1.0137,2.6287,2.5093002,4.0214,10.3636,3.1707,0.77370006,0.6248,4.2912,6.1572003,4.8123,1.6063001,3.2596002,2.404,5.5308,3.4848,1.9301001,,1.8799001,2.7883003,1.2815001,1.125,2.1486,0.79050004,5.5058002,0.5928,2.8368,1.6826,9.3781,5.6017003,2.8490002,8.8522005,3.8498003,,,0.5928,,,3.5750003,,2.8059,1.5623001,4.3035,1.2264001,2.7014,2.8000002,2.2464,2.3333,4.7488,2.7016003,1.1853001,5.9023,2.3908002,0.39790002,4.3890004,4.7666,5.2305,7.4055004,1.8698001,2.2927,1.8712001,1.0211,3.1705,2.1726003,2.2628002,2.7811003,1.8871001,1.5029001,1.6213001,4.1566005,3.6673002,3.4746003,4.6493,2.9468002,1.7459002,2.8426003,6.6878,3.9149
2020,1.9434001,0.652,4.3271003,,2.9387002,2.2528002,1.4681001,5.9234004,3.0908003,0.71500003,8.9463005,3.0970001,4.0393004,4.6029,3.9413002,1.5220001,2.6079001,1.6321001,1.3615,3.5374,6.2186003,6.0038,5.7421002,1.3373001,1.125,2.4832,2.6715002,6.1389003,7.8195004,8.098701,1.6811,2.1868002,6.3663,1.0,4.2532005,5.0019,2.9954,3.4538002,6.6776004,6.9632006,2.2022002,3.0773003,2.147,0.53790003,5.8680005,5.4680004,3.4398003,7.7659,2.255,2.9445002,2.3011003,3.9248002,2.2375002,4.4652004,1.1825,3.0606003,2.5465002,3.2513,7.0000005,3.4146004,0.77150005,0.697,5.3931003,6.0687003,5.3384004,0.90040004,1.8970001,2.404,5.3212004,3.5266004,5.3034,,1.8634001,3.0463002,1.2351,1.1538001,2.1919,1.2650001,5.5600004,0.5094,2.8911002,1.1,8.556001,4.7658,3.0887,9.933201,2.5332,,,0.5094,,,3.4996002,,2.8675,1.6334001,5.2342005,1.2308002,2.7704,2.7098002,2.2686002,2.3000002,2.966,2.9759,1.0408001,6.3755,2.2324,0.39880002,4.9447002,5.5113,5.7963,7.1561003,1.8612001,2.1091,1.8096001,1.0285001,3.1520002,2.1415,1.7195001,2.9647,2.0,1.2879001,1.6667,3.795,3.2686002,3.3417,4.5556,2.8297,2.1485002,4.1585,7.3680005,4.7796
2021,1.9631001,0.93100005,4.1305003,,2.7595,1.6766001,2.5249,5.5299,3.2101002,0.72290003,7.7884,3.2996004,6.0878,4.7888002,3.3609002,1.6752,2.8621001,1.2624,1.5023001,2.4375,5.1395,5.9821005,5.8106003,1.3372,1.125,2.6788,2.1047,6.3214,7.3015003,7.5267005,1.5843002,1.8051001,6.8505,1.0,4.0238004,4.0904,3.1107001,3.2352002,6.9284,7.8145003,2.7018,2.8203,2.1396003,0.54080003,6.696,5.9254003,3.5208,10.0767,2.0,2.6597002,1.3346001,4.2248,2.0973,4.9864,0.92880005,2.7955,1.4531001,4.2294,4.0,2.2222002,0.77030003,0.4614,4.5001,5.9161005,4.4811,2.6335,4.6014,2.4007,5.9944,3.463,3.0000002,,1.8618002,2.8463001,1.4427,1.1538001,2.1629,1.0,5.5600004,0.5618,2.8643003,3.1255002,8.018001,4.1656003,2.9917002,9.712201,3.2312002,,,0.5618,,,3.5229,,2.9956002,1.7131001,4.9753,1.2308002,2.4229,2.0617,3.0552,2.3119,4.7969003,2.7244,1.0393001,6.7000003,2.3154001,0.3995,5.7493,5.609,5.7652006,6.3194003,1.8632001,1.2454001,1.9225001,1.0378001,3.101,2.0035,1.9525001,2.6649,1.5000001,1.0,1.6667,4.5332003,4.1822004,2.9805002,4.8245,2.8272002,2.2644,4.3649,6.7905,5.0759
2022,2.0453002,0.93100005,4.2963,,3.3825002,2.4509,2.8470001,5.7952003,3.1113002,0.734,9.057401,3.45,5.3438,5.46,3.6478002,1.4455,3.2658002,1.0753001,2.2,3.4056003,5.4657006,5.8917003,5.8554,1.3375001,1.125,2.8213003,2.3366003,6.0727005,7.5773,8.376,1.6667,1.6908001,6.6989,1.0,2.9957001,4.7197003,3.0526001,3.8437002,6.996701,8.590401,2.8509,2.9171002,,0.5307,6.0030003,4.4481,3.5373,10.4305,2.1290002,2.7714,1.2087001,3.7200003,1.8917,4.3709,1.2727,3.0839,2.5423002,4.1848,4.3177004,2.5,0.7656,0.81070006,4.735,6.3294,4.7245,1.1114001,2.5802,2.4032001,6.0603,3.2041001,4.6017003,,1.8459,2.7067,1.1228001,1.0,2.1745,1.0,5.4125004,0.5503,2.8260002,2.1891003,9.3931,5.1034,2.9911003,9.39,2.0085,,,0.5503,,,3.7044,,2.9196002,1.7671001,5.2394004,1.2308002,1.9942,2.2461002,2.5802,1.8000001,4.0044003,3.5508003,1.1587,6.8,1.7,0.4004,4.9277005,4.9750004,5.4699,6.9950004,1.8648001,1.3102,1.8653002,1.0392,3.0370002,1.7622,1.9603001,2.9916003,3.0000002,1.1,1.6667,3.9249,4.2501,3.1265001,4.9878,2.7853003,1.6667,3.7227,6.9986005,5.1542006
2023,2.1467001,0.93100005,4.0539002,,2.2876003,2.5265002,3.1875002,6.1877003,3.302,0.7321,8.424701,3.4946003,5.6145,4.3100004,3.6138003,1.2672,2.3212001,1.1456001,1.0075,2.9913,5.1397004,5.951,5.7811003,1.3378001,1.125,3.118,2.1929,6.4351006,7.4318004,7.2725005,1.3889,0.9854001,7.1852007,1.0,2.0683002,3.9991002,3.1183002,3.2686002,7.2016006,8.1279,2.6391003,2.9193,,0.5364,4.8263,5.6423,3.5207002,8.675301,2.2581003,2.5465002,1.7262,3.6917002,2.2046,4.7216005,0.92240006,2.9633002,1.9107001,4.4663,5.2017,2.5,0.75850004,0.59840006,4.7383,5.8027005,4.0701003,1.7083001,4.1330004,2.4057,6.2031,3.0949001,5.6344004,,1.3793001,2.9473002,1.3204001,1.0,2.186,1.0,5.8054004,0.53770006,2.8614001,1.5868001,8.467,2.6684,3.0074,9.6681,2.628,,,0.53770006,,,3.6250002,,3.1176002,1.7447001,5.28,1.2308002,1.4014001,2.877,2.5251002,3.0000002,4.1524,3.1738002,1.2555001,6.6991005,1.35,0.4013,5.0549,6.123,5.0651,5.4543,1.8631,2.3062,1.9297,1.0372,3.1309001,1.7202001,1.2158002,3.2199001,3.0000002,1.442,1.6667,4.6422005,5.0367002,3.2694001,5.2662005,2.7592,1.6667,3.8108003,7.5920005,4.5538
